route_code,trip_code,stop_sequence,stop_name,arrival_time,departure_time
R1,WE_1,1,Tripunithura,22:50:19,22:52:41
R1,WE_1,2,SN Junction,22:54:30,22:54:45
R1,WE_1,3,Vadakkekotta,22:56:08,22:56:23
R1,WE_1,4,Pettah,22:58:35,22:58:50
R1,WE_1,5,Thykoodam,23:00:43,23:00:58
R1,WE_1,6,Vyttila,23:02:32,23:02:47
R1,WE_1,7,Elamkulam,23:05:02,23:05:17
R1,WE_1,8,Kadavanthra,23:06:58,23:07:13
R1,WE_1,9,Ernakulam South,23:09:31,23:09:46
R1,WE_1,10,Maharajas College,23:11:46,23:12:01
R1,WE_1,11,MG Road,23:13:48,23:14:03
R1,WE_1,12,Town Hall,23:15:50,23:16:05
R1,WE_1,13,Kaloor,23:17:08,23:17:23
R1,WE_1,14,JLN Stadium,23:19:04,23:19:19
R1,WE_1,15,Palarivattom,23:20:58,23:21:13
R1,WE_1,16,Changampuzha Park,23:22:53,23:23:08
R1,WE_1,17,Edapally,23:24:54,23:25:09
R1,WE_1,18,Pathadipalam,23:27:01,23:27:16
R1,WE_1,19,Cochin University,23:28:54,23:29:09
R1,WE_1,20,Kalamassery,23:30:58,23:31:13
R1,WE_1,21,Muttom,23:33:49,23:33:49
R1,WE_10,1,Aluva,11:32:44,11:37:10
R1,WE_10,2,Pulinchodu,11:39:10,11:39:30
R1,WE_10,3,Companypady,11:40:57,11:41:17
R1,WE_10,4,Ambattukavu,11:42:43,11:43:03
R1,WE_10,5,Muttom,11:44:29,11:44:59
R1,WE_10,6,Kalamassery,11:47:25,11:47:45
R1,WE_10,7,Cochin University,11:49:34,11:49:54
R1,WE_10,8,Pathadipalam,11:51:38,11:52:08
R1,WE_10,9,Edapally,11:54:00,11:54:30
R1,WE_10,10,Changampuzha Park,11:56:22,11:56:42
R1,WE_10,11,Palarivattom,11:58:14,11:58:34
R1,WE_10,12,JLN Stadium,12:00:19,12:00:39
R1,WE_10,13,Kaloor,12:02:08,12:02:28
R1,WE_10,14,Town Hall,12:03:25,12:03:45
R1,WE_10,15,MG Road,12:05:43,12:06:13
R1,WE_10,16,Maharajas College,12:07:53,12:08:13
R1,WE_10,17,Ernakulam South,12:10:06,12:10:36
R1,WE_10,18,Kadavanthra,12:12:39,12:12:59
R1,WE_10,19,Elamkulam,12:14:46,12:15:06
R1,WE_10,20,Vyttila,12:17:08,12:17:28
R1,WE_10,21,Thykoodam,12:19:08,12:19:28
R1,WE_10,22,Pettah,12:21:26,12:21:46
R1,WE_10,23,Vadakkekotta,12:23:47,12:24:07
R1,WE_10,24,SN Junction,12:25:25,12:25:45
R1,WE_10,25,Tripunithura,12:27:48,12:27:48
R1,WE_100,1,Aluva,16:50:39,16:55:05
R1,WE_100,2,Pulinchodu,16:57:05,16:57:25
R1,WE_100,3,Companypady,16:58:52,16:59:12
R1,WE_100,4,Ambattukavu,17:00:38,17:00:58
R1,WE_100,5,Muttom,17:02:24,17:02:54
R1,WE_100,6,Kalamassery,17:05:20,17:05:40
R1,WE_100,7,Cochin University,17:07:29,17:07:49
R1,WE_100,8,Pathadipalam,17:09:33,17:10:03
R1,WE_100,9,Edapally,17:11:55,17:12:25
R1,WE_100,10,Changampuzha Park,17:14:17,17:14:37
R1,WE_100,11,Palarivattom,17:16:09,17:16:29
R1,WE_100,12,JLN Stadium,17:18:14,17:18:34
R1,WE_100,13,Kaloor,17:20:03,17:20:23
R1,WE_100,14,Town Hall,17:21:20,17:21:40
R1,WE_100,15,MG Road,17:23:38,17:24:08
R1,WE_100,16,Maharajas College,17:25:48,17:26:08
R1,WE_100,17,Ernakulam South,17:28:01,17:28:31
R1,WE_100,18,Kadavanthra,17:30:34,17:30:54
R1,WE_100,19,Elamkulam,17:32:41,17:33:01
R1,WE_100,20,Vyttila,17:35:03,17:35:23
R1,WE_100,21,Thykoodam,17:37:03,17:37:23
R1,WE_100,22,Pettah,17:39:21,17:39:41
R1,WE_100,23,Vadakkekotta,17:41:42,17:42:02
R1,WE_100,24,SN Junction,17:43:20,17:43:40
R1,WE_100,25,Tripunithura,17:45:43,17:45:43
R1,WE_101,1,Tripunithura,16:05:48,16:09:46
R1,WE_101,2,SN Junction,16:11:28,16:11:48
R1,WE_101,3,Vadakkekotta,16:13:06,16:13:26
R1,WE_101,4,Pettah,16:15:34,16:15:54
R1,WE_101,5,Thykoodam,16:17:47,16:18:07
R1,WE_101,6,Vyttila,16:19:41,16:20:01
R1,WE_101,7,Elamkulam,16:22:07,16:22:27
R1,WE_101,8,Kadavanthra,16:24:08,16:24:28
R1,WE_101,9,Ernakulam South,16:26:38,16:27:08
R1,WE_101,10,Maharajas College,16:29:02,16:29:22
R1,WE_101,11,MG Road,16:31:02,16:31:32
R1,WE_101,12,Town Hall,16:33:19,16:33:39
R1,WE_101,13,Kaloor,16:34:39,16:34:59
R1,WE_101,14,JLN Stadium,16:36:31,16:36:51
R1,WE_101,15,Palarivattom,16:38:30,16:38:50
R1,WE_101,16,Changampuzha Park,16:40:21,16:40:41
R1,WE_101,17,Edapally,16:42:27,16:42:57
R1,WE_101,18,Pathadipalam,16:44:49,16:45:09
R1,WE_101,19,Cochin University,16:46:47,16:47:17
R1,WE_101,20,Kalamassery,16:49:06,16:49:26
R1,WE_101,21,Muttom,16:51:54,16:52:24
R1,WE_101,22,Ambattukavu,16:53:51,16:54:11
R1,WE_101,23,Companypady,16:55:39,16:55:59
R1,WE_101,24,Pulinchodu,16:57:24,16:57:44
R1,WE_101,25,Aluva,16:59:44,16:59:44
R1,WE_102,1,Aluva,16:59:44,17:04:10
R1,WE_102,2,Pulinchodu,17:06:10,17:06:30
R1,WE_102,3,Companypady,17:07:57,17:08:17
R1,WE_102,4,Ambattukavu,17:09:43,17:10:03
R1,WE_102,5,Muttom,17:11:29,17:11:59
R1,WE_102,6,Kalamassery,17:14:25,17:14:45
R1,WE_102,7,Cochin University,17:16:34,17:16:54
R1,WE_102,8,Pathadipalam,17:18:38,17:19:08
R1,WE_102,9,Edapally,17:21:00,17:21:30
R1,WE_102,10,Changampuzha Park,17:23:22,17:23:42
R1,WE_102,11,Palarivattom,17:25:14,17:25:34
R1,WE_102,12,JLN Stadium,17:27:19,17:27:39
R1,WE_102,13,Kaloor,17:29:08,17:29:28
R1,WE_102,14,Town Hall,17:30:25,17:30:45
R1,WE_102,15,MG Road,17:32:43,17:33:13
R1,WE_102,16,Maharajas College,17:34:53,17:35:13
R1,WE_102,17,Ernakulam South,17:37:06,17:37:36
R1,WE_102,18,Kadavanthra,17:39:39,17:39:59
R1,WE_102,19,Elamkulam,17:41:46,17:42:06
R1,WE_102,20,Vyttila,17:44:08,17:44:28
R1,WE_102,21,Thykoodam,17:46:08,17:46:28
R1,WE_102,22,Pettah,17:48:26,17:48:46
R1,WE_102,23,Vadakkekotta,17:50:47,17:51:07
R1,WE_102,24,SN Junction,17:52:25,17:52:45
R1,WE_102,25,Tripunithura,17:54:48,17:54:48
R1,WE_103,1,Tripunithura,16:14:53,16:18:51
R1,WE_103,2,SN Junction,16:20:33,16:20:53
R1,WE_103,3,Vadakkekotta,16:22:11,16:22:31
R1,WE_103,4,Pettah,16:24:39,16:24:59
R1,WE_103,5,Thykoodam,16:26:52,16:27:12
R1,WE_103,6,Vyttila,16:28:46,16:29:06
R1,WE_103,7,Elamkulam,16:31:12,16:31:32
R1,WE_103,8,Kadavanthra,16:33:13,16:33:33
R1,WE_103,9,Ernakulam South,16:35:43,16:36:13
R1,WE_103,10,Maharajas College,16:38:07,16:38:27
R1,WE_103,11,MG Road,16:40:07,16:40:37
R1,WE_103,12,Town Hall,16:42:24,16:42:44
R1,WE_103,13,Kaloor,16:43:44,16:44:04
R1,WE_103,14,JLN Stadium,16:45:36,16:45:56
R1,WE_103,15,Palarivattom,16:47:35,16:47:55
R1,WE_103,16,Changampuzha Park,16:49:26,16:49:46
R1,WE_103,17,Edapally,16:51:32,16:52:02
R1,WE_103,18,Pathadipalam,16:53:54,16:54:14
R1,WE_103,19,Cochin University,16:55:52,16:56:22
R1,WE_103,20,Kalamassery,16:58:11,16:58:31
R1,WE_103,21,Muttom,17:00:59,17:01:29
R1,WE_103,22,Ambattukavu,17:02:56,17:03:16
R1,WE_103,23,Companypady,17:04:44,17:05:04
R1,WE_103,24,Pulinchodu,17:06:29,17:06:49
R1,WE_103,25,Aluva,17:08:49,17:08:49
R1,WE_104,1,Aluva,17:08:49,17:13:15
R1,WE_104,2,Pulinchodu,17:15:15,17:15:35
R1,WE_104,3,Companypady,17:17:02,17:17:22
R1,WE_104,4,Ambattukavu,17:18:48,17:19:08
R1,WE_104,5,Muttom,17:20:34,17:21:04
R1,WE_104,6,Kalamassery,17:23:30,17:23:50
R1,WE_104,7,Cochin University,17:25:39,17:25:59
R1,WE_104,8,Pathadipalam,17:27:43,17:28:13
R1,WE_104,9,Edapally,17:30:05,17:30:35
R1,WE_104,10,Changampuzha Park,17:32:27,17:32:47
R1,WE_104,11,Palarivattom,17:34:19,17:34:39
R1,WE_104,12,JLN Stadium,17:36:24,17:36:44
R1,WE_104,13,Kaloor,17:38:13,17:38:33
R1,WE_104,14,Town Hall,17:39:30,17:39:50
R1,WE_104,15,MG Road,17:41:48,17:42:18
R1,WE_104,16,Maharajas College,17:43:58,17:44:18
R1,WE_104,17,Ernakulam South,17:46:11,17:46:41
R1,WE_104,18,Kadavanthra,17:48:44,17:49:04
R1,WE_104,19,Elamkulam,17:50:51,17:51:11
R1,WE_104,20,Vyttila,17:53:13,17:53:33
R1,WE_104,21,Thykoodam,17:55:13,17:55:33
R1,WE_104,22,Pettah,17:57:31,17:57:51
R1,WE_104,23,Vadakkekotta,17:59:52,18:00:12
R1,WE_104,24,SN Junction,18:01:30,18:01:50
R1,WE_104,25,Tripunithura,18:03:53,18:03:53
R1,WE_105,1,Tripunithura,16:23:58,16:27:56
R1,WE_105,2,SN Junction,16:29:38,16:29:58
R1,WE_105,3,Vadakkekotta,16:31:16,16:31:36
R1,WE_105,4,Pettah,16:33:44,16:34:04
R1,WE_105,5,Thykoodam,16:35:57,16:36:17
R1,WE_105,6,Vyttila,16:37:51,16:38:11
R1,WE_105,7,Elamkulam,16:40:17,16:40:37
R1,WE_105,8,Kadavanthra,16:42:18,16:42:38
R1,WE_105,9,Ernakulam South,16:44:48,16:45:18
R1,WE_105,10,Maharajas College,16:47:12,16:47:32
R1,WE_105,11,MG Road,16:49:12,16:49:42
R1,WE_105,12,Town Hall,16:51:29,16:51:49
R1,WE_105,13,Kaloor,16:52:49,16:53:09
R1,WE_105,14,JLN Stadium,16:54:41,16:55:01
R1,WE_105,15,Palarivattom,16:56:40,16:57:00
R1,WE_105,16,Changampuzha Park,16:58:31,16:58:51
R1,WE_105,17,Edapally,17:00:37,17:01:07
R1,WE_105,18,Pathadipalam,17:02:59,17:03:19
R1,WE_105,19,Cochin University,17:04:57,17:05:27
R1,WE_105,20,Kalamassery,17:07:16,17:07:36
R1,WE_105,21,Muttom,17:10:04,17:10:34
R1,WE_105,22,Ambattukavu,17:12:01,17:12:21
R1,WE_105,23,Companypady,17:13:49,17:14:09
R1,WE_105,24,Pulinchodu,17:15:34,17:15:54
R1,WE_105,25,Aluva,17:17:54,17:17:54
R1,WE_106,1,Aluva,17:17:54,17:22:20
R1,WE_106,2,Pulinchodu,17:24:20,17:24:40
R1,WE_106,3,Companypady,17:26:07,17:26:27
R1,WE_106,4,Ambattukavu,17:27:53,17:28:13
R1,WE_106,5,Muttom,17:29:39,17:30:09
R1,WE_106,6,Kalamassery,17:32:35,17:32:55
R1,WE_106,7,Cochin University,17:34:44,17:35:04
R1,WE_106,8,Pathadipalam,17:36:48,17:37:18
R1,WE_106,9,Edapally,17:39:10,17:39:40
R1,WE_106,10,Changampuzha Park,17:41:32,17:41:52
R1,WE_106,11,Palarivattom,17:43:24,17:43:44
R1,WE_106,12,JLN Stadium,17:45:29,17:45:49
R1,WE_106,13,Kaloor,17:47:18,17:47:38
R1,WE_106,14,Town Hall,17:48:35,17:48:55
R1,WE_106,15,MG Road,17:50:53,17:51:23
R1,WE_106,16,Maharajas College,17:53:03,17:53:23
R1,WE_106,17,Ernakulam South,17:55:16,17:55:46
R1,WE_106,18,Kadavanthra,17:57:49,17:58:09
R1,WE_106,19,Elamkulam,17:59:56,18:00:16
R1,WE_106,20,Vyttila,18:02:18,18:02:38
R1,WE_106,21,Thykoodam,18:04:18,18:04:38
R1,WE_106,22,Pettah,18:06:36,18:06:56
R1,WE_106,23,Vadakkekotta,18:08:57,18:09:17
R1,WE_106,24,SN Junction,18:10:35,18:10:55
R1,WE_106,25,Tripunithura,18:12:58,18:12:58
R1,WE_107,1,Tripunithura,16:33:03,16:37:01
R1,WE_107,2,SN Junction,16:38:43,16:39:03
R1,WE_107,3,Vadakkekotta,16:40:21,16:40:41
R1,WE_107,4,Pettah,16:42:49,16:43:09
R1,WE_107,5,Thykoodam,16:45:02,16:45:22
R1,WE_107,6,Vyttila,16:46:56,16:47:16
R1,WE_107,7,Elamkulam,16:49:22,16:49:42
R1,WE_107,8,Kadavanthra,16:51:23,16:51:43
R1,WE_107,9,Ernakulam South,16:53:53,16:54:23
R1,WE_107,10,Maharajas College,16:56:17,16:56:37
R1,WE_107,11,MG Road,16:58:17,16:58:47
R1,WE_107,12,Town Hall,17:00:34,17:00:54
R1,WE_107,13,Kaloor,17:01:54,17:02:14
R1,WE_107,14,JLN Stadium,17:03:46,17:04:06
R1,WE_107,15,Palarivattom,17:05:45,17:06:05
R1,WE_107,16,Changampuzha Park,17:07:36,17:07:56
R1,WE_107,17,Edapally,17:09:42,17:10:12
R1,WE_107,18,Pathadipalam,17:12:04,17:12:24
R1,WE_107,19,Cochin University,17:14:02,17:14:32
R1,WE_107,20,Kalamassery,17:16:21,17:16:41
R1,WE_107,21,Muttom,17:19:09,17:19:39
R1,WE_107,22,Ambattukavu,17:21:06,17:21:26
R1,WE_107,23,Companypady,17:22:54,17:23:14
R1,WE_107,24,Pulinchodu,17:24:39,17:24:59
R1,WE_107,25,Aluva,17:26:59,17:26:59
R1,WE_108,1,Aluva,17:26:59,17:31:25
R1,WE_108,2,Pulinchodu,17:33:25,17:33:45
R1,WE_108,3,Companypady,17:35:12,17:35:32
R1,WE_108,4,Ambattukavu,17:36:58,17:37:18
R1,WE_108,5,Muttom,17:38:44,17:39:14
R1,WE_108,6,Kalamassery,17:41:40,17:42:00
R1,WE_108,7,Cochin University,17:43:49,17:44:09
R1,WE_108,8,Pathadipalam,17:45:53,17:46:23
R1,WE_108,9,Edapally,17:48:15,17:48:45
R1,WE_108,10,Changampuzha Park,17:50:37,17:50:57
R1,WE_108,11,Palarivattom,17:52:29,17:52:49
R1,WE_108,12,JLN Stadium,17:54:34,17:54:54
R1,WE_108,13,Kaloor,17:56:23,17:56:43
R1,WE_108,14,Town Hall,17:57:40,17:58:00
R1,WE_108,15,MG Road,17:59:58,18:00:28
R1,WE_108,16,Maharajas College,18:02:08,18:02:28
R1,WE_108,17,Ernakulam South,18:04:21,18:04:51
R1,WE_108,18,Kadavanthra,18:06:54,18:07:14
R1,WE_108,19,Elamkulam,18:09:01,18:09:21
R1,WE_108,20,Vyttila,18:11:23,18:11:43
R1,WE_108,21,Thykoodam,18:13:23,18:13:43
R1,WE_108,22,Pettah,18:15:41,18:16:01
R1,WE_108,23,Vadakkekotta,18:18:02,18:18:22
R1,WE_108,24,SN Junction,18:19:40,18:20:00
R1,WE_108,25,Tripunithura,18:22:03,18:22:03
R1,WE_109,1,Tripunithura,16:42:08,16:46:06
R1,WE_109,2,SN Junction,16:47:48,16:48:08
R1,WE_109,3,Vadakkekotta,16:49:26,16:49:46
R1,WE_109,4,Pettah,16:51:54,16:52:14
R1,WE_109,5,Thykoodam,16:54:07,16:54:27
R1,WE_109,6,Vyttila,16:56:01,16:56:21
R1,WE_109,7,Elamkulam,16:58:27,16:58:47
R1,WE_109,8,Kadavanthra,17:00:28,17:00:48
R1,WE_109,9,Ernakulam South,17:02:58,17:03:28
R1,WE_109,10,Maharajas College,17:05:22,17:05:42
R1,WE_109,11,MG Road,17:07:22,17:07:52
R1,WE_109,12,Town Hall,17:09:39,17:09:59
R1,WE_109,13,Kaloor,17:10:59,17:11:19
R1,WE_109,14,JLN Stadium,17:12:51,17:13:11
R1,WE_109,15,Palarivattom,17:14:50,17:15:10
R1,WE_109,16,Changampuzha Park,17:16:41,17:17:01
R1,WE_109,17,Edapally,17:18:47,17:19:17
R1,WE_109,18,Pathadipalam,17:21:09,17:21:29
R1,WE_109,19,Cochin University,17:23:07,17:23:37
R1,WE_109,20,Kalamassery,17:25:26,17:25:46
R1,WE_109,21,Muttom,17:28:14,17:28:44
R1,WE_109,22,Ambattukavu,17:30:11,17:30:31
R1,WE_109,23,Companypady,17:31:59,17:32:19
R1,WE_109,24,Pulinchodu,17:33:44,17:34:04
R1,WE_109,25,Aluva,17:36:04,17:36:04
R1,WE_11,1,Aluva,09:51:58,09:57:15
R1,WE_11,2,Pulinchodu,09:59:15,09:59:35
R1,WE_11,3,Companypady,10:01:02,10:01:22
R1,WE_11,4,Ambattukavu,10:02:48,10:03:08
R1,WE_11,5,Muttom,10:04:34,10:05:04
R1,WE_11,6,Kalamassery,10:07:30,10:07:50
R1,WE_11,7,Cochin University,10:09:39,10:09:59
R1,WE_11,8,Pathadipalam,10:11:43,10:12:13
R1,WE_11,9,Edapally,10:14:05,10:14:35
R1,WE_11,10,Changampuzha Park,10:16:27,10:16:47
R1,WE_11,11,Palarivattom,10:18:19,10:18:39
R1,WE_11,12,JLN Stadium,10:20:24,10:20:44
R1,WE_11,13,Kaloor,10:22:13,10:22:33
R1,WE_11,14,Town Hall,10:23:30,10:23:50
R1,WE_11,15,MG Road,10:25:48,10:26:18
R1,WE_11,16,Maharajas College,10:27:58,10:28:18
R1,WE_11,17,Ernakulam South,10:30:11,10:30:41
R1,WE_11,18,Kadavanthra,10:32:44,10:33:04
R1,WE_11,19,Elamkulam,10:34:51,10:35:11
R1,WE_11,20,Vyttila,10:37:13,10:37:33
R1,WE_11,21,Thykoodam,10:39:13,10:39:33
R1,WE_11,22,Pettah,10:41:31,10:41:51
R1,WE_11,23,Vadakkekotta,10:43:52,10:44:12
R1,WE_11,24,SN Junction,10:45:30,10:45:50
R1,WE_11,25,Tripunithura,10:47:53,10:47:53
R1,WE_110,1,Aluva,17:36:04,17:40:30
R1,WE_110,2,Pulinchodu,17:42:30,17:42:50
R1,WE_110,3,Companypady,17:44:17,17:44:37
R1,WE_110,4,Ambattukavu,17:46:03,17:46:23
R1,WE_110,5,Muttom,17:47:49,17:48:19
R1,WE_110,6,Kalamassery,17:50:45,17:51:05
R1,WE_110,7,Cochin University,17:52:54,17:53:14
R1,WE_110,8,Pathadipalam,17:54:58,17:55:28
R1,WE_110,9,Edapally,17:57:20,17:57:50
R1,WE_110,10,Changampuzha Park,17:59:42,18:00:02
R1,WE_110,11,Palarivattom,18:01:34,18:01:54
R1,WE_110,12,JLN Stadium,18:03:39,18:03:59
R1,WE_110,13,Kaloor,18:05:28,18:05:48
R1,WE_110,14,Town Hall,18:06:45,18:07:05
R1,WE_110,15,MG Road,18:09:03,18:09:33
R1,WE_110,16,Maharajas College,18:11:13,18:11:33
R1,WE_110,17,Ernakulam South,18:13:26,18:13:56
R1,WE_110,18,Kadavanthra,18:15:59,18:16:19
R1,WE_110,19,Elamkulam,18:18:06,18:18:26
R1,WE_110,20,Vyttila,18:20:28,18:20:48
R1,WE_110,21,Thykoodam,18:22:28,18:22:48
R1,WE_110,22,Pettah,18:24:46,18:25:06
R1,WE_110,23,Vadakkekotta,18:27:07,18:27:27
R1,WE_110,24,SN Junction,18:28:45,18:29:05
R1,WE_110,25,Tripunithura,18:31:08,18:31:08
R1,WE_111,1,Tripunithura,16:51:13,16:55:11
R1,WE_111,2,SN Junction,16:56:53,16:57:13
R1,WE_111,3,Vadakkekotta,16:58:31,16:58:51
R1,WE_111,4,Pettah,17:00:59,17:01:19
R1,WE_111,5,Thykoodam,17:03:12,17:03:32
R1,WE_111,6,Vyttila,17:05:06,17:05:26
R1,WE_111,7,Elamkulam,17:07:32,17:07:52
R1,WE_111,8,Kadavanthra,17:09:33,17:09:53
R1,WE_111,9,Ernakulam South,17:12:03,17:12:33
R1,WE_111,10,Maharajas College,17:14:27,17:14:47
R1,WE_111,11,MG Road,17:16:27,17:16:57
R1,WE_111,12,Town Hall,17:18:44,17:19:04
R1,WE_111,13,Kaloor,17:20:04,17:20:24
R1,WE_111,14,JLN Stadium,17:21:56,17:22:16
R1,WE_111,15,Palarivattom,17:23:55,17:24:15
R1,WE_111,16,Changampuzha Park,17:25:46,17:26:06
R1,WE_111,17,Edapally,17:27:52,17:28:22
R1,WE_111,18,Pathadipalam,17:30:14,17:30:34
R1,WE_111,19,Cochin University,17:32:12,17:32:42
R1,WE_111,20,Kalamassery,17:34:31,17:34:51
R1,WE_111,21,Muttom,17:37:19,17:37:49
R1,WE_111,22,Ambattukavu,17:39:16,17:39:36
R1,WE_111,23,Companypady,17:41:04,17:41:24
R1,WE_111,24,Pulinchodu,17:42:49,17:43:09
R1,WE_111,25,Aluva,17:45:09,17:45:09
R1,WE_112,1,Aluva,17:45:09,17:49:35
R1,WE_112,2,Pulinchodu,17:51:35,17:51:55
R1,WE_112,3,Companypady,17:53:22,17:53:42
R1,WE_112,4,Ambattukavu,17:55:08,17:55:28
R1,WE_112,5,Muttom,17:56:54,17:57:24
R1,WE_112,6,Kalamassery,17:59:50,18:00:10
R1,WE_112,7,Cochin University,18:01:59,18:02:19
R1,WE_112,8,Pathadipalam,18:04:03,18:04:33
R1,WE_112,9,Edapally,18:06:25,18:06:55
R1,WE_112,10,Changampuzha Park,18:08:47,18:09:07
R1,WE_112,11,Palarivattom,18:10:39,18:10:59
R1,WE_112,12,JLN Stadium,18:12:44,18:13:04
R1,WE_112,13,Kaloor,18:14:33,18:14:53
R1,WE_112,14,Town Hall,18:15:50,18:16:10
R1,WE_112,15,MG Road,18:18:08,18:18:38
R1,WE_112,16,Maharajas College,18:20:18,18:20:38
R1,WE_112,17,Ernakulam South,18:22:31,18:23:01
R1,WE_112,18,Kadavanthra,18:25:04,18:25:24
R1,WE_112,19,Elamkulam,18:27:11,18:27:31
R1,WE_112,20,Vyttila,18:29:33,18:29:53
R1,WE_112,21,Thykoodam,18:31:33,18:31:53
R1,WE_112,22,Pettah,18:33:51,18:34:11
R1,WE_112,23,Vadakkekotta,18:36:12,18:36:32
R1,WE_112,24,SN Junction,18:37:50,18:38:10
R1,WE_112,25,Tripunithura,18:40:13,18:40:13
R1,WE_113,1,Tripunithura,17:00:18,17:04:16
R1,WE_113,2,SN Junction,17:05:58,17:06:18
R1,WE_113,3,Vadakkekotta,17:07:36,17:07:56
R1,WE_113,4,Pettah,17:10:04,17:10:24
R1,WE_113,5,Thykoodam,17:12:17,17:12:37
R1,WE_113,6,Vyttila,17:14:11,17:14:31
R1,WE_113,7,Elamkulam,17:16:37,17:16:57
R1,WE_113,8,Kadavanthra,17:18:38,17:18:58
R1,WE_113,9,Ernakulam South,17:21:08,17:21:38
R1,WE_113,10,Maharajas College,17:23:32,17:23:52
R1,WE_113,11,MG Road,17:25:32,17:26:02
R1,WE_113,12,Town Hall,17:27:49,17:28:09
R1,WE_113,13,Kaloor,17:29:09,17:29:29
R1,WE_113,14,JLN Stadium,17:31:01,17:31:21
R1,WE_113,15,Palarivattom,17:33:00,17:33:20
R1,WE_113,16,Changampuzha Park,17:34:51,17:35:11
R1,WE_113,17,Edapally,17:36:57,17:37:27
R1,WE_113,18,Pathadipalam,17:39:19,17:39:39
R1,WE_113,19,Cochin University,17:41:17,17:41:47
R1,WE_113,20,Kalamassery,17:43:36,17:43:56
R1,WE_113,21,Muttom,17:46:24,17:46:54
R1,WE_113,22,Ambattukavu,17:48:21,17:48:41
R1,WE_113,23,Companypady,17:50:09,17:50:29
R1,WE_113,24,Pulinchodu,17:51:54,17:52:14
R1,WE_113,25,Aluva,17:54:14,17:54:14
R1,WE_114,1,Aluva,17:54:14,17:58:40
R1,WE_114,2,Pulinchodu,18:00:40,18:01:00
R1,WE_114,3,Companypady,18:02:27,18:02:47
R1,WE_114,4,Ambattukavu,18:04:13,18:04:33
R1,WE_114,5,Muttom,18:05:59,18:06:29
R1,WE_114,6,Kalamassery,18:08:55,18:09:15
R1,WE_114,7,Cochin University,18:11:04,18:11:24
R1,WE_114,8,Pathadipalam,18:13:08,18:13:38
R1,WE_114,9,Edapally,18:15:30,18:16:00
R1,WE_114,10,Changampuzha Park,18:17:52,18:18:12
R1,WE_114,11,Palarivattom,18:19:44,18:20:04
R1,WE_114,12,JLN Stadium,18:21:49,18:22:09
R1,WE_114,13,Kaloor,18:23:38,18:23:58
R1,WE_114,14,Town Hall,18:24:55,18:25:15
R1,WE_114,15,MG Road,18:27:13,18:27:43
R1,WE_114,16,Maharajas College,18:29:23,18:29:43
R1,WE_114,17,Ernakulam South,18:31:36,18:32:06
R1,WE_114,18,Kadavanthra,18:34:09,18:34:29
R1,WE_114,19,Elamkulam,18:36:16,18:36:36
R1,WE_114,20,Vyttila,18:38:38,18:38:58
R1,WE_114,21,Thykoodam,18:40:38,18:40:58
R1,WE_114,22,Pettah,18:42:56,18:43:16
R1,WE_114,23,Vadakkekotta,18:45:17,18:45:37
R1,WE_114,24,SN Junction,18:46:55,18:47:15
R1,WE_114,25,Tripunithura,18:49:18,18:49:18
R1,WE_115,1,Tripunithura,17:09:23,17:13:21
R1,WE_115,2,SN Junction,17:15:03,17:15:23
R1,WE_115,3,Vadakkekotta,17:16:41,17:17:01
R1,WE_115,4,Pettah,17:19:09,17:19:29
R1,WE_115,5,Thykoodam,17:21:22,17:21:42
R1,WE_115,6,Vyttila,17:23:16,17:23:36
R1,WE_115,7,Elamkulam,17:25:42,17:26:02
R1,WE_115,8,Kadavanthra,17:27:43,17:28:03
R1,WE_115,9,Ernakulam South,17:30:13,17:30:43
R1,WE_115,10,Maharajas College,17:32:37,17:32:57
R1,WE_115,11,MG Road,17:34:37,17:35:07
R1,WE_115,12,Town Hall,17:36:54,17:37:14
R1,WE_115,13,Kaloor,17:38:14,17:38:34
R1,WE_115,14,JLN Stadium,17:40:06,17:40:26
R1,WE_115,15,Palarivattom,17:42:05,17:42:25
R1,WE_115,16,Changampuzha Park,17:43:56,17:44:16
R1,WE_115,17,Edapally,17:46:02,17:46:32
R1,WE_115,18,Pathadipalam,17:48:24,17:48:44
R1,WE_115,19,Cochin University,17:50:22,17:50:52
R1,WE_115,20,Kalamassery,17:52:41,17:53:01
R1,WE_115,21,Muttom,17:55:29,17:55:59
R1,WE_115,22,Ambattukavu,17:57:26,17:57:46
R1,WE_115,23,Companypady,17:59:14,17:59:34
R1,WE_115,24,Pulinchodu,18:00:59,18:01:19
R1,WE_115,25,Aluva,18:03:19,18:03:19
R1,WE_116,1,Aluva,18:03:19,18:07:45
R1,WE_116,2,Pulinchodu,18:09:45,18:10:05
R1,WE_116,3,Companypady,18:11:32,18:11:52
R1,WE_116,4,Ambattukavu,18:13:18,18:13:38
R1,WE_116,5,Muttom,18:15:04,18:15:34
R1,WE_116,6,Kalamassery,18:18:00,18:18:20
R1,WE_116,7,Cochin University,18:20:09,18:20:29
R1,WE_116,8,Pathadipalam,18:22:13,18:22:43
R1,WE_116,9,Edapally,18:24:35,18:25:05
R1,WE_116,10,Changampuzha Park,18:26:57,18:27:17
R1,WE_116,11,Palarivattom,18:28:49,18:29:09
R1,WE_116,12,JLN Stadium,18:30:54,18:31:14
R1,WE_116,13,Kaloor,18:32:43,18:33:03
R1,WE_116,14,Town Hall,18:34:00,18:34:20
R1,WE_116,15,MG Road,18:36:18,18:36:48
R1,WE_116,16,Maharajas College,18:38:28,18:38:48
R1,WE_116,17,Ernakulam South,18:40:41,18:41:11
R1,WE_116,18,Kadavanthra,18:43:14,18:43:34
R1,WE_116,19,Elamkulam,18:45:21,18:45:41
R1,WE_116,20,Vyttila,18:47:43,18:48:03
R1,WE_116,21,Thykoodam,18:49:43,18:50:03
R1,WE_116,22,Pettah,18:52:01,18:52:21
R1,WE_116,23,Vadakkekotta,18:54:22,18:54:42
R1,WE_116,24,SN Junction,18:56:00,18:56:20
R1,WE_116,25,Tripunithura,18:58:23,18:58:23
R1,WE_117,1,Tripunithura,17:18:28,17:22:26
R1,WE_117,2,SN Junction,17:24:08,17:24:28
R1,WE_117,3,Vadakkekotta,17:25:46,17:26:06
R1,WE_117,4,Pettah,17:28:14,17:28:34
R1,WE_117,5,Thykoodam,17:30:27,17:30:47
R1,WE_117,6,Vyttila,17:32:21,17:32:41
R1,WE_117,7,Elamkulam,17:34:47,17:35:07
R1,WE_117,8,Kadavanthra,17:36:48,17:37:08
R1,WE_117,9,Ernakulam South,17:39:18,17:39:48
R1,WE_117,10,Maharajas College,17:41:42,17:42:02
R1,WE_117,11,MG Road,17:43:42,17:44:12
R1,WE_117,12,Town Hall,17:45:59,17:46:19
R1,WE_117,13,Kaloor,17:47:19,17:47:39
R1,WE_117,14,JLN Stadium,17:49:11,17:49:31
R1,WE_117,15,Palarivattom,17:51:10,17:51:30
R1,WE_117,16,Changampuzha Park,17:53:01,17:53:21
R1,WE_117,17,Edapally,17:55:07,17:55:37
R1,WE_117,18,Pathadipalam,17:57:29,17:57:49
R1,WE_117,19,Cochin University,17:59:27,17:59:57
R1,WE_117,20,Kalamassery,18:01:46,18:02:06
R1,WE_117,21,Muttom,18:04:34,18:05:04
R1,WE_117,22,Ambattukavu,18:06:31,18:06:51
R1,WE_117,23,Companypady,18:08:19,18:08:39
R1,WE_117,24,Pulinchodu,18:10:04,18:10:24
R1,WE_117,25,Aluva,18:12:24,18:12:24
R1,WE_118,1,Aluva,18:12:24,18:16:50
R1,WE_118,2,Pulinchodu,18:18:50,18:19:10
R1,WE_118,3,Companypady,18:20:37,18:20:57
R1,WE_118,4,Ambattukavu,18:22:23,18:22:43
R1,WE_118,5,Muttom,18:24:09,18:24:39
R1,WE_118,6,Kalamassery,18:27:05,18:27:25
R1,WE_118,7,Cochin University,18:29:14,18:29:34
R1,WE_118,8,Pathadipalam,18:31:18,18:31:48
R1,WE_118,9,Edapally,18:33:40,18:34:10
R1,WE_118,10,Changampuzha Park,18:36:02,18:36:22
R1,WE_118,11,Palarivattom,18:37:54,18:38:14
R1,WE_118,12,JLN Stadium,18:39:59,18:40:19
R1,WE_118,13,Kaloor,18:41:48,18:42:08
R1,WE_118,14,Town Hall,18:43:05,18:43:25
R1,WE_118,15,MG Road,18:45:23,18:45:53
R1,WE_118,16,Maharajas College,18:47:33,18:47:53
R1,WE_118,17,Ernakulam South,18:49:46,18:50:16
R1,WE_118,18,Kadavanthra,18:52:19,18:52:39
R1,WE_118,19,Elamkulam,18:54:26,18:54:46
R1,WE_118,20,Vyttila,18:56:48,18:57:08
R1,WE_118,21,Thykoodam,18:58:48,18:59:08
R1,WE_118,22,Pettah,19:01:06,19:01:26
R1,WE_118,23,Vadakkekotta,19:03:27,19:03:47
R1,WE_118,24,SN Junction,19:05:05,19:05:25
R1,WE_118,25,Tripunithura,19:07:28,19:07:28
R1,WE_119,1,Tripunithura,17:27:33,17:31:31
R1,WE_119,2,SN Junction,17:33:13,17:33:33
R1,WE_119,3,Vadakkekotta,17:34:51,17:35:11
R1,WE_119,4,Pettah,17:37:19,17:37:39
R1,WE_119,5,Thykoodam,17:39:32,17:39:52
R1,WE_119,6,Vyttila,17:41:26,17:41:46
R1,WE_119,7,Elamkulam,17:43:52,17:44:12
R1,WE_119,8,Kadavanthra,17:45:53,17:46:13
R1,WE_119,9,Ernakulam South,17:48:23,17:48:53
R1,WE_119,10,Maharajas College,17:50:47,17:51:07
R1,WE_119,11,MG Road,17:52:47,17:53:17
R1,WE_119,12,Town Hall,17:55:04,17:55:24
R1,WE_119,13,Kaloor,17:56:24,17:56:44
R1,WE_119,14,JLN Stadium,17:58:16,17:58:36
R1,WE_119,15,Palarivattom,18:00:15,18:00:35
R1,WE_119,16,Changampuzha Park,18:02:06,18:02:26
R1,WE_119,17,Edapally,18:04:12,18:04:42
R1,WE_119,18,Pathadipalam,18:06:34,18:06:54
R1,WE_119,19,Cochin University,18:08:32,18:09:02
R1,WE_119,20,Kalamassery,18:10:51,18:11:11
R1,WE_119,21,Muttom,18:13:39,18:14:09
R1,WE_119,22,Ambattukavu,18:15:36,18:15:56
R1,WE_119,23,Companypady,18:17:24,18:17:44
R1,WE_119,24,Pulinchodu,18:19:09,18:19:29
R1,WE_119,25,Aluva,18:21:29,18:21:29
R1,WE_12,1,Tripunithura,08:57:48,09:02:00
R1,WE_12,2,SN Junction,09:03:42,09:04:02
R1,WE_12,3,Vadakkekotta,09:05:20,09:05:40
R1,WE_12,4,Pettah,09:07:48,09:08:08
R1,WE_12,5,Thykoodam,09:10:01,09:10:21
R1,WE_12,6,Vyttila,09:11:55,09:12:15
R1,WE_12,7,Elamkulam,09:14:21,09:14:41
R1,WE_12,8,Kadavanthra,09:16:22,09:16:42
R1,WE_12,9,Ernakulam South,09:18:52,09:19:22
R1,WE_12,10,Maharajas College,09:21:16,09:21:36
R1,WE_12,11,MG Road,09:23:16,09:23:46
R1,WE_12,12,Town Hall,09:25:33,09:25:53
R1,WE_12,13,Kaloor,09:26:53,09:27:13
R1,WE_12,14,JLN Stadium,09:28:45,09:29:05
R1,WE_12,15,Palarivattom,09:30:44,09:31:04
R1,WE_12,16,Changampuzha Park,09:32:35,09:32:55
R1,WE_12,17,Edapally,09:34:41,09:35:11
R1,WE_12,18,Pathadipalam,09:37:03,09:37:23
R1,WE_12,19,Cochin University,09:39:01,09:39:31
R1,WE_12,20,Kalamassery,09:41:20,09:41:40
R1,WE_12,21,Muttom,09:44:08,09:44:38
R1,WE_12,22,Ambattukavu,09:46:05,09:46:25
R1,WE_12,23,Companypady,09:47:53,09:48:13
R1,WE_12,24,Pulinchodu,09:49:38,09:49:58
R1,WE_12,25,Aluva,09:51:58,09:51:58
R1,WE_120,1,Aluva,18:21:29,18:25:55
R1,WE_120,2,Pulinchodu,18:27:55,18:28:15
R1,WE_120,3,Companypady,18:29:42,18:30:02
R1,WE_120,4,Ambattukavu,18:31:28,18:31:48
R1,WE_120,5,Muttom,18:33:14,18:33:44
R1,WE_120,6,Kalamassery,18:36:10,18:36:30
R1,WE_120,7,Cochin University,18:38:19,18:38:39
R1,WE_120,8,Pathadipalam,18:40:23,18:40:53
R1,WE_120,9,Edapally,18:42:45,18:43:15
R1,WE_120,10,Changampuzha Park,18:45:07,18:45:27
R1,WE_120,11,Palarivattom,18:46:59,18:47:19
R1,WE_120,12,JLN Stadium,18:49:04,18:49:24
R1,WE_120,13,Kaloor,18:50:53,18:51:13
R1,WE_120,14,Town Hall,18:52:10,18:52:30
R1,WE_120,15,MG Road,18:54:28,18:54:58
R1,WE_120,16,Maharajas College,18:56:38,18:56:58
R1,WE_120,17,Ernakulam South,18:58:51,18:59:21
R1,WE_120,18,Kadavanthra,19:01:24,19:01:44
R1,WE_120,19,Elamkulam,19:03:31,19:03:51
R1,WE_120,20,Vyttila,19:05:53,19:06:13
R1,WE_120,21,Thykoodam,19:07:53,19:08:13
R1,WE_120,22,Pettah,19:10:11,19:10:31
R1,WE_120,23,Vadakkekotta,19:12:32,19:12:52
R1,WE_120,24,SN Junction,19:14:10,19:14:30
R1,WE_120,25,Tripunithura,19:16:33,19:16:33
R1,WE_121,1,Tripunithura,17:36:38,17:40:36
R1,WE_121,2,SN Junction,17:42:18,17:42:38
R1,WE_121,3,Vadakkekotta,17:43:56,17:44:16
R1,WE_121,4,Pettah,17:46:24,17:46:44
R1,WE_121,5,Thykoodam,17:48:37,17:48:57
R1,WE_121,6,Vyttila,17:50:31,17:50:51
R1,WE_121,7,Elamkulam,17:52:57,17:53:17
R1,WE_121,8,Kadavanthra,17:54:58,17:55:18
R1,WE_121,9,Ernakulam South,17:57:28,17:57:58
R1,WE_121,10,Maharajas College,17:59:52,18:00:12
R1,WE_121,11,MG Road,18:01:52,18:02:22
R1,WE_121,12,Town Hall,18:04:09,18:04:29
R1,WE_121,13,Kaloor,18:05:29,18:05:49
R1,WE_121,14,JLN Stadium,18:07:21,18:07:41
R1,WE_121,15,Palarivattom,18:09:20,18:09:40
R1,WE_121,16,Changampuzha Park,18:11:11,18:11:31
R1,WE_121,17,Edapally,18:13:17,18:13:47
R1,WE_121,18,Pathadipalam,18:15:39,18:15:59
R1,WE_121,19,Cochin University,18:17:37,18:18:07
R1,WE_121,20,Kalamassery,18:19:56,18:20:16
R1,WE_121,21,Muttom,18:22:44,18:23:14
R1,WE_121,22,Ambattukavu,18:24:41,18:25:01
R1,WE_121,23,Companypady,18:26:29,18:26:49
R1,WE_121,24,Pulinchodu,18:28:14,18:28:34
R1,WE_121,25,Aluva,18:30:34,18:30:34
R1,WE_122,1,Aluva,18:30:34,18:35:00
R1,WE_122,2,Pulinchodu,18:37:00,18:37:20
R1,WE_122,3,Companypady,18:38:47,18:39:07
R1,WE_122,4,Ambattukavu,18:40:33,18:40:53
R1,WE_122,5,Muttom,18:42:19,18:42:49
R1,WE_122,6,Kalamassery,18:45:15,18:45:35
R1,WE_122,7,Cochin University,18:47:24,18:47:44
R1,WE_122,8,Pathadipalam,18:49:28,18:49:58
R1,WE_122,9,Edapally,18:51:50,18:52:20
R1,WE_122,10,Changampuzha Park,18:54:12,18:54:32
R1,WE_122,11,Palarivattom,18:56:04,18:56:24
R1,WE_122,12,JLN Stadium,18:58:09,18:58:29
R1,WE_122,13,Kaloor,18:59:58,19:00:18
R1,WE_122,14,Town Hall,19:01:15,19:01:35
R1,WE_122,15,MG Road,19:03:33,19:04:03
R1,WE_122,16,Maharajas College,19:05:43,19:06:03
R1,WE_122,17,Ernakulam South,19:07:56,19:08:26
R1,WE_122,18,Kadavanthra,19:10:29,19:10:49
R1,WE_122,19,Elamkulam,19:12:36,19:12:56
R1,WE_122,20,Vyttila,19:14:58,19:15:18
R1,WE_122,21,Thykoodam,19:16:58,19:17:18
R1,WE_122,22,Pettah,19:19:16,19:19:36
R1,WE_122,23,Vadakkekotta,19:21:37,19:21:57
R1,WE_122,24,SN Junction,19:23:15,19:23:35
R1,WE_122,25,Tripunithura,19:25:38,19:25:38
R1,WE_123,1,Tripunithura,17:45:43,17:49:41
R1,WE_123,2,SN Junction,17:51:23,17:51:43
R1,WE_123,3,Vadakkekotta,17:53:01,17:53:21
R1,WE_123,4,Pettah,17:55:29,17:55:49
R1,WE_123,5,Thykoodam,17:57:42,17:58:02
R1,WE_123,6,Vyttila,17:59:36,17:59:56
R1,WE_123,7,Elamkulam,18:02:02,18:02:22
R1,WE_123,8,Kadavanthra,18:04:03,18:04:23
R1,WE_123,9,Ernakulam South,18:06:33,18:07:03
R1,WE_123,10,Maharajas College,18:08:57,18:09:17
R1,WE_123,11,MG Road,18:10:57,18:11:27
R1,WE_123,12,Town Hall,18:13:14,18:13:34
R1,WE_123,13,Kaloor,18:14:34,18:14:54
R1,WE_123,14,JLN Stadium,18:16:26,18:16:46
R1,WE_123,15,Palarivattom,18:18:25,18:18:45
R1,WE_123,16,Changampuzha Park,18:20:16,18:20:36
R1,WE_123,17,Edapally,18:22:22,18:22:52
R1,WE_123,18,Pathadipalam,18:24:44,18:25:04
R1,WE_123,19,Cochin University,18:26:42,18:27:12
R1,WE_123,20,Kalamassery,18:29:01,18:29:21
R1,WE_123,21,Muttom,18:31:49,18:32:19
R1,WE_123,22,Ambattukavu,18:33:46,18:34:06
R1,WE_123,23,Companypady,18:35:34,18:35:54
R1,WE_123,24,Pulinchodu,18:37:19,18:37:39
R1,WE_123,25,Aluva,18:39:39,18:39:39
R1,WE_124,1,Aluva,18:39:39,18:44:05
R1,WE_124,2,Pulinchodu,18:46:05,18:46:25
R1,WE_124,3,Companypady,18:47:52,18:48:12
R1,WE_124,4,Ambattukavu,18:49:38,18:49:58
R1,WE_124,5,Muttom,18:51:24,18:51:54
R1,WE_124,6,Kalamassery,18:54:20,18:54:40
R1,WE_124,7,Cochin University,18:56:29,18:56:49
R1,WE_124,8,Pathadipalam,18:58:33,18:59:03
R1,WE_124,9,Edapally,19:00:55,19:01:25
R1,WE_124,10,Changampuzha Park,19:03:17,19:03:37
R1,WE_124,11,Palarivattom,19:05:09,19:05:29
R1,WE_124,12,JLN Stadium,19:07:14,19:07:34
R1,WE_124,13,Kaloor,19:09:03,19:09:23
R1,WE_124,14,Town Hall,19:10:20,19:10:40
R1,WE_124,15,MG Road,19:12:38,19:13:08
R1,WE_124,16,Maharajas College,19:14:48,19:15:08
R1,WE_124,17,Ernakulam South,19:17:01,19:17:31
R1,WE_124,18,Kadavanthra,19:19:34,19:19:54
R1,WE_124,19,Elamkulam,19:21:41,19:22:01
R1,WE_124,20,Vyttila,19:24:03,19:24:23
R1,WE_124,21,Thykoodam,19:26:03,19:26:23
R1,WE_124,22,Pettah,19:28:21,19:28:41
R1,WE_124,23,Vadakkekotta,19:30:42,19:31:02
R1,WE_124,24,SN Junction,19:32:20,19:32:40
R1,WE_124,25,Tripunithura,19:34:43,19:34:43
R1,WE_125,1,Tripunithura,17:54:48,17:58:46
R1,WE_125,2,SN Junction,18:00:28,18:00:48
R1,WE_125,3,Vadakkekotta,18:02:06,18:02:26
R1,WE_125,4,Pettah,18:04:34,18:04:54
R1,WE_125,5,Thykoodam,18:06:47,18:07:07
R1,WE_125,6,Vyttila,18:08:41,18:09:01
R1,WE_125,7,Elamkulam,18:11:07,18:11:27
R1,WE_125,8,Kadavanthra,18:13:08,18:13:28
R1,WE_125,9,Ernakulam South,18:15:38,18:16:08
R1,WE_125,10,Maharajas College,18:18:02,18:18:22
R1,WE_125,11,MG Road,18:20:02,18:20:32
R1,WE_125,12,Town Hall,18:22:19,18:22:39
R1,WE_125,13,Kaloor,18:23:39,18:23:59
R1,WE_125,14,JLN Stadium,18:25:31,18:25:51
R1,WE_125,15,Palarivattom,18:27:30,18:27:50
R1,WE_125,16,Changampuzha Park,18:29:21,18:29:41
R1,WE_125,17,Edapally,18:31:27,18:31:57
R1,WE_125,18,Pathadipalam,18:33:49,18:34:09
R1,WE_125,19,Cochin University,18:35:47,18:36:17
R1,WE_125,20,Kalamassery,18:38:06,18:38:26
R1,WE_125,21,Muttom,18:40:54,18:41:24
R1,WE_125,22,Ambattukavu,18:42:51,18:43:11
R1,WE_125,23,Companypady,18:44:39,18:44:59
R1,WE_125,24,Pulinchodu,18:46:24,18:46:44
R1,WE_125,25,Aluva,18:48:44,18:48:44
R1,WE_126,1,Aluva,18:48:44,18:53:10
R1,WE_126,2,Pulinchodu,18:55:10,18:55:30
R1,WE_126,3,Companypady,18:56:57,18:57:17
R1,WE_126,4,Ambattukavu,18:58:43,18:59:03
R1,WE_126,5,Muttom,19:00:29,19:00:59
R1,WE_126,6,Kalamassery,19:03:25,19:03:45
R1,WE_126,7,Cochin University,19:05:34,19:05:54
R1,WE_126,8,Pathadipalam,19:07:38,19:08:08
R1,WE_126,9,Edapally,19:10:00,19:10:30
R1,WE_126,10,Changampuzha Park,19:12:22,19:12:42
R1,WE_126,11,Palarivattom,19:14:14,19:14:34
R1,WE_126,12,JLN Stadium,19:16:19,19:16:39
R1,WE_126,13,Kaloor,19:18:08,19:18:28
R1,WE_126,14,Town Hall,19:19:25,19:19:45
R1,WE_126,15,MG Road,19:21:43,19:22:13
R1,WE_126,16,Maharajas College,19:23:53,19:24:13
R1,WE_126,17,Ernakulam South,19:26:06,19:26:36
R1,WE_126,18,Kadavanthra,19:28:39,19:28:59
R1,WE_126,19,Elamkulam,19:30:46,19:31:06
R1,WE_126,20,Vyttila,19:33:08,19:33:28
R1,WE_126,21,Thykoodam,19:35:08,19:35:28
R1,WE_126,22,Pettah,19:37:26,19:37:46
R1,WE_126,23,Vadakkekotta,19:39:47,19:40:07
R1,WE_126,24,SN Junction,19:41:25,19:41:45
R1,WE_126,25,Tripunithura,19:43:48,19:43:48
R1,WE_127,1,Tripunithura,18:03:53,18:07:51
R1,WE_127,2,SN Junction,18:09:33,18:09:53
R1,WE_127,3,Vadakkekotta,18:11:11,18:11:31
R1,WE_127,4,Pettah,18:13:39,18:13:59
R1,WE_127,5,Thykoodam,18:15:52,18:16:12
R1,WE_127,6,Vyttila,18:17:46,18:18:06
R1,WE_127,7,Elamkulam,18:20:12,18:20:32
R1,WE_127,8,Kadavanthra,18:22:13,18:22:33
R1,WE_127,9,Ernakulam South,18:24:43,18:25:13
R1,WE_127,10,Maharajas College,18:27:07,18:27:27
R1,WE_127,11,MG Road,18:29:07,18:29:37
R1,WE_127,12,Town Hall,18:31:24,18:31:44
R1,WE_127,13,Kaloor,18:32:44,18:33:04
R1,WE_127,14,JLN Stadium,18:34:36,18:34:56
R1,WE_127,15,Palarivattom,18:36:35,18:36:55
R1,WE_127,16,Changampuzha Park,18:38:26,18:38:46
R1,WE_127,17,Edapally,18:40:32,18:41:02
R1,WE_127,18,Pathadipalam,18:42:54,18:43:14
R1,WE_127,19,Cochin University,18:44:52,18:45:22
R1,WE_127,20,Kalamassery,18:47:11,18:47:31
R1,WE_127,21,Muttom,18:49:59,18:50:29
R1,WE_127,22,Ambattukavu,18:51:56,18:52:16
R1,WE_127,23,Companypady,18:53:44,18:54:04
R1,WE_127,24,Pulinchodu,18:55:29,18:55:49
R1,WE_127,25,Aluva,18:57:49,18:57:49
R1,WE_128,1,Aluva,18:57:49,19:02:15
R1,WE_128,2,Pulinchodu,19:04:15,19:04:35
R1,WE_128,3,Companypady,19:06:02,19:06:22
R1,WE_128,4,Ambattukavu,19:07:48,19:08:08
R1,WE_128,5,Muttom,19:09:34,19:10:04
R1,WE_128,6,Kalamassery,19:12:30,19:12:50
R1,WE_128,7,Cochin University,19:14:39,19:14:59
R1,WE_128,8,Pathadipalam,19:16:43,19:17:13
R1,WE_128,9,Edapally,19:19:05,19:19:35
R1,WE_128,10,Changampuzha Park,19:21:27,19:21:47
R1,WE_128,11,Palarivattom,19:23:19,19:23:39
R1,WE_128,12,JLN Stadium,19:25:24,19:25:44
R1,WE_128,13,Kaloor,19:27:13,19:27:33
R1,WE_128,14,Town Hall,19:28:30,19:28:50
R1,WE_128,15,MG Road,19:30:48,19:31:18
R1,WE_128,16,Maharajas College,19:32:58,19:33:18
R1,WE_128,17,Ernakulam South,19:35:11,19:35:41
R1,WE_128,18,Kadavanthra,19:37:44,19:38:04
R1,WE_128,19,Elamkulam,19:39:51,19:40:11
R1,WE_128,20,Vyttila,19:42:13,19:42:33
R1,WE_128,21,Thykoodam,19:44:13,19:44:33
R1,WE_128,22,Pettah,19:46:31,19:46:51
R1,WE_128,23,Vadakkekotta,19:48:52,19:49:12
R1,WE_128,24,SN Junction,19:50:30,19:50:50
R1,WE_128,25,Tripunithura,19:52:53,19:52:53
R1,WE_129,1,Tripunithura,18:12:58,18:16:56
R1,WE_129,2,SN Junction,18:18:38,18:18:58
R1,WE_129,3,Vadakkekotta,18:20:16,18:20:36
R1,WE_129,4,Pettah,18:22:44,18:23:04
R1,WE_129,5,Thykoodam,18:24:57,18:25:17
R1,WE_129,6,Vyttila,18:26:51,18:27:11
R1,WE_129,7,Elamkulam,18:29:17,18:29:37
R1,WE_129,8,Kadavanthra,18:31:18,18:31:38
R1,WE_129,9,Ernakulam South,18:33:48,18:34:18
R1,WE_129,10,Maharajas College,18:36:12,18:36:32
R1,WE_129,11,MG Road,18:38:12,18:38:42
R1,WE_129,12,Town Hall,18:40:29,18:40:49
R1,WE_129,13,Kaloor,18:41:49,18:42:09
R1,WE_129,14,JLN Stadium,18:43:41,18:44:01
R1,WE_129,15,Palarivattom,18:45:40,18:46:00
R1,WE_129,16,Changampuzha Park,18:47:31,18:47:51
R1,WE_129,17,Edapally,18:49:37,18:50:07
R1,WE_129,18,Pathadipalam,18:51:59,18:52:19
R1,WE_129,19,Cochin University,18:53:57,18:54:27
R1,WE_129,20,Kalamassery,18:56:16,18:56:36
R1,WE_129,21,Muttom,18:59:04,18:59:34
R1,WE_129,22,Ambattukavu,19:01:01,19:01:21
R1,WE_129,23,Companypady,19:02:49,19:03:09
R1,WE_129,24,Pulinchodu,19:04:34,19:04:54
R1,WE_129,25,Aluva,19:06:54,19:06:54
R1,WE_13,1,Tripunithura,10:47:53,10:51:51
R1,WE_13,2,SN Junction,10:53:33,10:53:53
R1,WE_13,3,Vadakkekotta,10:55:11,10:55:31
R1,WE_13,4,Pettah,10:57:39,10:57:59
R1,WE_13,5,Thykoodam,10:59:52,11:00:12
R1,WE_13,6,Vyttila,11:01:46,11:02:06
R1,WE_13,7,Elamkulam,11:04:12,11:04:32
R1,WE_13,8,Kadavanthra,11:06:13,11:06:33
R1,WE_13,9,Ernakulam South,11:08:43,11:09:13
R1,WE_13,10,Maharajas College,11:11:07,11:11:27
R1,WE_13,11,MG Road,11:13:07,11:13:37
R1,WE_13,12,Town Hall,11:15:24,11:15:44
R1,WE_13,13,Kaloor,11:16:44,11:17:04
R1,WE_13,14,JLN Stadium,11:18:36,11:18:56
R1,WE_13,15,Palarivattom,11:20:35,11:20:55
R1,WE_13,16,Changampuzha Park,11:22:26,11:22:46
R1,WE_13,17,Edapally,11:24:32,11:25:02
R1,WE_13,18,Pathadipalam,11:26:54,11:27:14
R1,WE_13,19,Cochin University,11:28:52,11:29:22
R1,WE_13,20,Kalamassery,11:31:11,11:31:31
R1,WE_13,21,Muttom,11:33:59,11:34:29
R1,WE_13,22,Ambattukavu,11:35:56,11:36:16
R1,WE_13,23,Companypady,11:37:44,11:38:04
R1,WE_13,24,Pulinchodu,11:39:29,11:39:49
R1,WE_13,25,Aluva,11:41:49,11:41:49
R1,WE_130,1,Aluva,19:06:54,19:12:15
R1,WE_130,2,Pulinchodu,19:14:15,19:14:35
R1,WE_130,3,Companypady,19:16:02,19:16:22
R1,WE_130,4,Ambattukavu,19:17:48,19:18:08
R1,WE_130,5,Muttom,19:19:34,19:20:04
R1,WE_130,6,Kalamassery,19:22:30,19:22:50
R1,WE_130,7,Cochin University,19:24:39,19:24:59
R1,WE_130,8,Pathadipalam,19:26:43,19:27:13
R1,WE_130,9,Edapally,19:29:05,19:29:35
R1,WE_130,10,Changampuzha Park,19:31:27,19:31:47
R1,WE_130,11,Palarivattom,19:33:19,19:33:39
R1,WE_130,12,JLN Stadium,19:35:24,19:35:44
R1,WE_130,13,Kaloor,19:37:13,19:37:33
R1,WE_130,14,Town Hall,19:38:30,19:38:50
R1,WE_130,15,MG Road,19:40:48,19:41:18
R1,WE_130,16,Maharajas College,19:42:58,19:43:18
R1,WE_130,17,Ernakulam South,19:45:11,19:45:41
R1,WE_130,18,Kadavanthra,19:47:44,19:48:04
R1,WE_130,19,Elamkulam,19:49:51,19:50:11
R1,WE_130,20,Vyttila,19:52:13,19:52:33
R1,WE_130,21,Thykoodam,19:54:13,19:54:33
R1,WE_130,22,Pettah,19:56:31,19:56:51
R1,WE_130,23,Vadakkekotta,19:58:52,19:59:12
R1,WE_130,24,SN Junction,20:00:30,20:00:50
R1,WE_130,25,Tripunithura,20:02:53,20:02:53
R1,WE_131,1,Tripunithura,18:22:03,18:26:01
R1,WE_131,2,SN Junction,18:27:43,18:28:03
R1,WE_131,3,Vadakkekotta,18:29:21,18:29:41
R1,WE_131,4,Pettah,18:31:49,18:32:09
R1,WE_131,5,Thykoodam,18:34:02,18:34:22
R1,WE_131,6,Vyttila,18:35:56,18:36:16
R1,WE_131,7,Elamkulam,18:38:22,18:38:42
R1,WE_131,8,Kadavanthra,18:40:23,18:40:43
R1,WE_131,9,Ernakulam South,18:42:53,18:43:23
R1,WE_131,10,Maharajas College,18:45:17,18:45:37
R1,WE_131,11,MG Road,18:47:17,18:47:47
R1,WE_131,12,Town Hall,18:49:34,18:49:54
R1,WE_131,13,Kaloor,18:50:54,18:51:14
R1,WE_131,14,JLN Stadium,18:52:46,18:53:06
R1,WE_131,15,Palarivattom,18:54:45,18:55:05
R1,WE_131,16,Changampuzha Park,18:56:36,18:56:56
R1,WE_131,17,Edapally,18:58:42,18:59:12
R1,WE_131,18,Pathadipalam,19:01:04,19:01:24
R1,WE_131,19,Cochin University,19:03:02,19:03:32
R1,WE_131,20,Kalamassery,19:05:21,19:05:41
R1,WE_131,21,Muttom,19:08:09,19:08:39
R1,WE_131,22,Ambattukavu,19:10:06,19:10:26
R1,WE_131,23,Companypady,19:11:54,19:12:14
R1,WE_131,24,Pulinchodu,19:13:39,19:13:59
R1,WE_131,25,Aluva,19:15:59,19:15:59
R1,WE_132,1,Aluva,19:15:59,19:22:15
R1,WE_132,2,Pulinchodu,19:24:15,19:24:35
R1,WE_132,3,Companypady,19:26:02,19:26:22
R1,WE_132,4,Ambattukavu,19:27:48,19:28:08
R1,WE_132,5,Muttom,19:29:34,19:30:04
R1,WE_132,6,Kalamassery,19:32:30,19:32:50
R1,WE_132,7,Cochin University,19:34:39,19:34:59
R1,WE_132,8,Pathadipalam,19:36:43,19:37:13
R1,WE_132,9,Edapally,19:39:05,19:39:35
R1,WE_132,10,Changampuzha Park,19:41:27,19:41:47
R1,WE_132,11,Palarivattom,19:43:19,19:43:39
R1,WE_132,12,JLN Stadium,19:45:24,19:45:44
R1,WE_132,13,Kaloor,19:47:13,19:47:33
R1,WE_132,14,Town Hall,19:48:30,19:48:50
R1,WE_132,15,MG Road,19:50:48,19:51:18
R1,WE_132,16,Maharajas College,19:52:58,19:53:18
R1,WE_132,17,Ernakulam South,19:55:11,19:55:41
R1,WE_132,18,Kadavanthra,19:57:44,19:58:04
R1,WE_132,19,Elamkulam,19:59:51,20:00:11
R1,WE_132,20,Vyttila,20:02:13,20:02:33
R1,WE_132,21,Thykoodam,20:04:13,20:04:33
R1,WE_132,22,Pettah,20:06:31,20:06:51
R1,WE_132,23,Vadakkekotta,20:08:52,20:09:12
R1,WE_132,24,SN Junction,20:10:30,20:10:50
R1,WE_132,25,Tripunithura,20:12:53,20:12:53
R1,WE_133,1,Tripunithura,18:31:08,18:35:06
R1,WE_133,2,SN Junction,18:36:48,18:37:08
R1,WE_133,3,Vadakkekotta,18:38:26,18:38:46
R1,WE_133,4,Pettah,18:40:54,18:41:14
R1,WE_133,5,Thykoodam,18:43:07,18:43:27
R1,WE_133,6,Vyttila,18:45:01,18:45:21
R1,WE_133,7,Elamkulam,18:47:27,18:47:47
R1,WE_133,8,Kadavanthra,18:49:28,18:49:48
R1,WE_133,9,Ernakulam South,18:51:58,18:52:28
R1,WE_133,10,Maharajas College,18:54:22,18:54:42
R1,WE_133,11,MG Road,18:56:22,18:56:52
R1,WE_133,12,Town Hall,18:58:39,18:58:59
R1,WE_133,13,Kaloor,18:59:59,19:00:19
R1,WE_133,14,JLN Stadium,19:01:51,19:02:11
R1,WE_133,15,Palarivattom,19:03:50,19:04:10
R1,WE_133,16,Changampuzha Park,19:05:41,19:06:01
R1,WE_133,17,Edapally,19:07:47,19:08:17
R1,WE_133,18,Pathadipalam,19:10:09,19:10:29
R1,WE_133,19,Cochin University,19:12:07,19:12:37
R1,WE_133,20,Kalamassery,19:14:26,19:14:46
R1,WE_133,21,Muttom,19:17:14,19:17:44
R1,WE_133,22,Ambattukavu,19:19:11,19:19:31
R1,WE_133,23,Companypady,19:20:59,19:21:19
R1,WE_133,24,Pulinchodu,19:22:44,19:23:04
R1,WE_133,25,Aluva,19:25:04,19:25:04
R1,WE_134,1,Aluva,19:25:04,19:32:15
R1,WE_134,2,Pulinchodu,19:34:15,19:34:35
R1,WE_134,3,Companypady,19:36:02,19:36:22
R1,WE_134,4,Ambattukavu,19:37:48,19:38:08
R1,WE_134,5,Muttom,19:39:34,19:40:04
R1,WE_134,6,Kalamassery,19:42:30,19:42:50
R1,WE_134,7,Cochin University,19:44:39,19:44:59
R1,WE_134,8,Pathadipalam,19:46:43,19:47:13
R1,WE_134,9,Edapally,19:49:05,19:49:35
R1,WE_134,10,Changampuzha Park,19:51:27,19:51:47
R1,WE_134,11,Palarivattom,19:53:19,19:53:39
R1,WE_134,12,JLN Stadium,19:55:24,19:55:44
R1,WE_134,13,Kaloor,19:57:13,19:57:33
R1,WE_134,14,Town Hall,19:58:30,19:58:50
R1,WE_134,15,MG Road,20:00:48,20:01:18
R1,WE_134,16,Maharajas College,20:02:58,20:03:18
R1,WE_134,17,Ernakulam South,20:05:11,20:05:41
R1,WE_134,18,Kadavanthra,20:07:44,20:08:04
R1,WE_134,19,Elamkulam,20:09:51,20:10:11
R1,WE_134,20,Vyttila,20:12:13,20:12:33
R1,WE_134,21,Thykoodam,20:14:13,20:14:33
R1,WE_134,22,Pettah,20:16:31,20:16:51
R1,WE_134,23,Vadakkekotta,20:18:52,20:19:12
R1,WE_134,24,SN Junction,20:20:30,20:20:50
R1,WE_134,25,Tripunithura,20:22:53,20:22:53
R1,WE_135,1,Tripunithura,18:40:13,18:44:11
R1,WE_135,2,SN Junction,18:45:53,18:46:13
R1,WE_135,3,Vadakkekotta,18:47:31,18:47:51
R1,WE_135,4,Pettah,18:49:59,18:50:19
R1,WE_135,5,Thykoodam,18:52:12,18:52:32
R1,WE_135,6,Vyttila,18:54:06,18:54:26
R1,WE_135,7,Elamkulam,18:56:32,18:56:52
R1,WE_135,8,Kadavanthra,18:58:33,18:58:53
R1,WE_135,9,Ernakulam South,19:01:03,19:01:33
R1,WE_135,10,Maharajas College,19:03:27,19:03:47
R1,WE_135,11,MG Road,19:05:27,19:05:57
R1,WE_135,12,Town Hall,19:07:44,19:08:04
R1,WE_135,13,Kaloor,19:09:04,19:09:24
R1,WE_135,14,JLN Stadium,19:10:56,19:11:16
R1,WE_135,15,Palarivattom,19:12:55,19:13:15
R1,WE_135,16,Changampuzha Park,19:14:46,19:15:06
R1,WE_135,17,Edapally,19:16:52,19:17:22
R1,WE_135,18,Pathadipalam,19:19:14,19:19:34
R1,WE_135,19,Cochin University,19:21:12,19:21:42
R1,WE_135,20,Kalamassery,19:23:31,19:23:51
R1,WE_135,21,Muttom,19:26:19,19:26:49
R1,WE_135,22,Ambattukavu,19:28:16,19:28:36
R1,WE_135,23,Companypady,19:30:04,19:30:24
R1,WE_135,24,Pulinchodu,19:31:49,19:32:09
R1,WE_135,25,Aluva,19:34:09,19:34:09
R1,WE_136,1,Aluva,19:34:09,19:42:15
R1,WE_136,2,Pulinchodu,19:44:15,19:44:35
R1,WE_136,3,Companypady,19:46:02,19:46:22
R1,WE_136,4,Ambattukavu,19:47:48,19:48:08
R1,WE_136,5,Muttom,19:49:34,19:50:04
R1,WE_136,6,Kalamassery,19:52:30,19:52:50
R1,WE_136,7,Cochin University,19:54:39,19:54:59
R1,WE_136,8,Pathadipalam,19:56:43,19:57:13
R1,WE_136,9,Edapally,19:59:05,19:59:35
R1,WE_136,10,Changampuzha Park,20:01:27,20:01:47
R1,WE_136,11,Palarivattom,20:03:19,20:03:39
R1,WE_136,12,JLN Stadium,20:05:24,20:05:44
R1,WE_136,13,Kaloor,20:07:13,20:07:33
R1,WE_136,14,Town Hall,20:08:30,20:08:50
R1,WE_136,15,MG Road,20:10:48,20:11:18
R1,WE_136,16,Maharajas College,20:12:58,20:13:18
R1,WE_136,17,Ernakulam South,20:15:11,20:15:41
R1,WE_136,18,Kadavanthra,20:17:44,20:18:04
R1,WE_136,19,Elamkulam,20:19:51,20:20:11
R1,WE_136,20,Vyttila,20:22:13,20:22:33
R1,WE_136,21,Thykoodam,20:24:13,20:24:33
R1,WE_136,22,Pettah,20:26:31,20:26:51
R1,WE_136,23,Vadakkekotta,20:28:52,20:29:12
R1,WE_136,24,SN Junction,20:30:30,20:30:50
R1,WE_136,25,Tripunithura,20:32:53,20:32:53
R1,WE_137,1,Tripunithura,18:49:18,18:53:16
R1,WE_137,2,SN Junction,18:54:58,18:55:28
R1,WE_137,3,Vadakkekotta,18:56:46,18:57:16
R1,WE_137,4,Pettah,18:59:24,18:59:54
R1,WE_137,5,Thykoodam,19:01:47,19:02:17
R1,WE_137,6,Vyttila,19:03:51,19:04:21
R1,WE_137,7,Elamkulam,19:06:27,19:06:57
R1,WE_137,8,Kadavanthra,19:08:38,19:09:08
R1,WE_137,9,Ernakulam South,19:11:18,19:11:48
R1,WE_137,10,Maharajas College,19:13:42,19:14:02
R1,WE_137,11,MG Road,19:15:42,19:16:12
R1,WE_137,12,Town Hall,19:17:59,19:18:19
R1,WE_137,13,Kaloor,19:19:19,19:19:39
R1,WE_137,14,JLN Stadium,19:21:11,19:21:31
R1,WE_137,15,Palarivattom,19:23:10,19:23:30
R1,WE_137,16,Changampuzha Park,19:25:01,19:25:21
R1,WE_137,17,Edapally,19:27:07,19:27:37
R1,WE_137,18,Pathadipalam,19:29:29,19:29:49
R1,WE_137,19,Cochin University,19:31:27,19:31:57
R1,WE_137,20,Kalamassery,19:33:46,19:34:06
R1,WE_137,21,Muttom,19:36:34,19:37:04
R1,WE_137,22,Ambattukavu,19:38:31,19:38:51
R1,WE_137,23,Companypady,19:40:19,19:40:39
R1,WE_137,24,Pulinchodu,19:42:04,19:42:24
R1,WE_137,25,Aluva,19:44:24,19:44:24
R1,WE_138,1,Aluva,19:44:24,19:52:15
R1,WE_138,2,Pulinchodu,19:54:15,19:54:35
R1,WE_138,3,Companypady,19:56:02,19:56:22
R1,WE_138,4,Ambattukavu,19:57:48,19:58:08
R1,WE_138,5,Muttom,19:59:34,20:00:04
R1,WE_138,6,Kalamassery,20:02:30,20:02:50
R1,WE_138,7,Cochin University,20:04:39,20:04:59
R1,WE_138,8,Pathadipalam,20:06:43,20:07:13
R1,WE_138,9,Edapally,20:09:05,20:09:35
R1,WE_138,10,Changampuzha Park,20:11:27,20:11:47
R1,WE_138,11,Palarivattom,20:13:19,20:13:39
R1,WE_138,12,JLN Stadium,20:15:24,20:15:44
R1,WE_138,13,Kaloor,20:17:13,20:17:33
R1,WE_138,14,Town Hall,20:18:30,20:18:50
R1,WE_138,15,MG Road,20:20:48,20:21:18
R1,WE_138,16,Maharajas College,20:22:58,20:23:18
R1,WE_138,17,Ernakulam South,20:25:11,20:25:41
R1,WE_138,18,Kadavanthra,20:27:44,20:28:04
R1,WE_138,19,Elamkulam,20:29:51,20:30:11
R1,WE_138,20,Vyttila,20:32:13,20:32:33
R1,WE_138,21,Thykoodam,20:34:13,20:34:33
R1,WE_138,22,Pettah,20:36:31,20:36:51
R1,WE_138,23,Vadakkekotta,20:38:52,20:39:12
R1,WE_138,24,SN Junction,20:40:30,20:40:50
R1,WE_138,25,Tripunithura,20:42:53,20:42:53
R1,WE_139,1,Tripunithura,18:58:23,19:02:21
R1,WE_139,2,SN Junction,19:04:03,19:04:28
R1,WE_139,3,Vadakkekotta,19:05:46,19:06:11
R1,WE_139,4,Pettah,19:08:19,19:08:44
R1,WE_139,5,Thykoodam,19:10:37,19:11:02
R1,WE_139,6,Vyttila,19:12:36,19:13:01
R1,WE_139,7,Elamkulam,19:15:07,19:15:32
R1,WE_139,8,Kadavanthra,19:17:13,19:17:38
R1,WE_139,9,Ernakulam South,19:19:48,19:20:18
R1,WE_139,10,Maharajas College,19:22:12,19:22:37
R1,WE_139,11,MG Road,19:24:17,19:24:47
R1,WE_139,12,Town Hall,19:26:34,19:26:59
R1,WE_139,13,Kaloor,19:27:59,19:28:24
R1,WE_139,14,JLN Stadium,19:29:56,19:30:21
R1,WE_139,15,Palarivattom,19:32:00,19:32:25
R1,WE_139,16,Changampuzha Park,19:33:56,19:34:21
R1,WE_139,17,Edapally,19:36:07,19:36:37
R1,WE_139,18,Pathadipalam,19:38:29,19:38:54
R1,WE_139,19,Cochin University,19:40:32,19:41:02
R1,WE_139,20,Kalamassery,19:42:51,19:43:16
R1,WE_139,21,Muttom,19:45:44,19:46:14
R1,WE_139,22,Ambattukavu,19:47:41,19:48:06
R1,WE_139,23,Companypady,19:49:34,19:49:59
R1,WE_139,24,Pulinchodu,19:51:24,19:51:49
R1,WE_139,25,Aluva,19:53:49,19:53:49
R1,WE_14,1,Aluva,11:41:49,11:46:15
R1,WE_14,2,Pulinchodu,11:48:15,11:48:35
R1,WE_14,3,Companypady,11:50:02,11:50:22
R1,WE_14,4,Ambattukavu,11:51:48,11:52:08
R1,WE_14,5,Muttom,11:53:34,11:54:04
R1,WE_14,6,Kalamassery,11:56:30,11:56:50
R1,WE_14,7,Cochin University,11:58:39,11:58:59
R1,WE_14,8,Pathadipalam,12:00:43,12:01:13
R1,WE_14,9,Edapally,12:03:05,12:03:35
R1,WE_14,10,Changampuzha Park,12:05:27,12:05:47
R1,WE_14,11,Palarivattom,12:07:19,12:07:39
R1,WE_14,12,JLN Stadium,12:09:24,12:09:44
R1,WE_14,13,Kaloor,12:11:13,12:11:33
R1,WE_14,14,Town Hall,12:12:30,12:12:50
R1,WE_14,15,MG Road,12:14:48,12:15:18
R1,WE_14,16,Maharajas College,12:16:58,12:17:18
R1,WE_14,17,Ernakulam South,12:19:11,12:19:41
R1,WE_14,18,Kadavanthra,12:21:44,12:22:04
R1,WE_14,19,Elamkulam,12:23:51,12:24:11
R1,WE_14,20,Vyttila,12:26:13,12:26:33
R1,WE_14,21,Thykoodam,12:28:13,12:28:33
R1,WE_14,22,Pettah,12:30:31,12:30:51
R1,WE_14,23,Vadakkekotta,12:32:52,12:33:12
R1,WE_14,24,SN Junction,12:34:30,12:34:50
R1,WE_14,25,Tripunithura,12:36:53,12:36:53
R1,WE_140,1,Aluva,19:53:49,20:03:45
R1,WE_140,2,Pulinchodu,20:05:45,20:06:05
R1,WE_140,3,Companypady,20:07:32,20:07:52
R1,WE_140,4,Ambattukavu,20:09:18,20:09:38
R1,WE_140,5,Muttom,20:11:04,20:11:34
R1,WE_140,6,Kalamassery,20:14:00,20:14:20
R1,WE_140,7,Cochin University,20:16:09,20:16:29
R1,WE_140,8,Pathadipalam,20:18:13,20:18:43
R1,WE_140,9,Edapally,20:20:35,20:21:05
R1,WE_140,10,Changampuzha Park,20:22:57,20:23:17
R1,WE_140,11,Palarivattom,20:24:49,20:25:09
R1,WE_140,12,JLN Stadium,20:26:54,20:27:14
R1,WE_140,13,Kaloor,20:28:43,20:29:03
R1,WE_140,14,Town Hall,20:30:00,20:30:20
R1,WE_140,15,MG Road,20:32:18,20:32:48
R1,WE_140,16,Maharajas College,20:34:28,20:34:48
R1,WE_140,17,Ernakulam South,20:36:41,20:37:11
R1,WE_140,18,Kadavanthra,20:39:14,20:39:34
R1,WE_140,19,Elamkulam,20:41:21,20:41:41
R1,WE_140,20,Vyttila,20:43:43,20:44:03
R1,WE_140,21,Thykoodam,20:45:43,20:46:03
R1,WE_140,22,Pettah,20:48:01,20:48:21
R1,WE_140,23,Vadakkekotta,20:50:22,20:50:42
R1,WE_140,24,SN Junction,20:52:00,20:52:20
R1,WE_140,25,Tripunithura,20:54:23,20:54:23
R1,WE_141,1,Tripunithura,19:07:28,19:11:26
R1,WE_141,2,SN Junction,19:13:08,19:13:38
R1,WE_141,3,Vadakkekotta,19:14:56,19:15:26
R1,WE_141,4,Pettah,19:17:34,19:18:04
R1,WE_141,5,Thykoodam,19:19:57,19:20:27
R1,WE_141,6,Vyttila,19:22:01,19:22:31
R1,WE_141,7,Elamkulam,19:24:37,19:25:07
R1,WE_141,8,Kadavanthra,19:26:48,19:27:18
R1,WE_141,9,Ernakulam South,19:29:28,19:30:08
R1,WE_141,10,Maharajas College,19:32:02,19:32:37
R1,WE_141,11,MG Road,19:34:17,19:34:57
R1,WE_141,12,Town Hall,19:36:44,19:37:19
R1,WE_141,13,Kaloor,19:38:19,19:38:49
R1,WE_141,14,JLN Stadium,19:40:21,19:40:51
R1,WE_141,15,Palarivattom,19:42:30,19:43:00
R1,WE_141,16,Changampuzha Park,19:44:31,19:45:01
R1,WE_141,17,Edapally,19:46:47,19:47:17
R1,WE_141,18,Pathadipalam,19:49:09,19:49:39
R1,WE_141,19,Cochin University,19:51:17,19:51:47
R1,WE_141,20,Kalamassery,19:53:36,19:54:06
R1,WE_141,21,Muttom,19:56:34,19:57:04
R1,WE_141,22,Ambattukavu,19:58:31,19:59:01
R1,WE_141,23,Companypady,20:00:29,20:00:59
R1,WE_141,24,Pulinchodu,20:02:24,20:02:49
R1,WE_141,25,Aluva,20:04:49,20:04:49
R1,WE_142,1,Aluva,20:04:49,20:06:27
R1,WE_142,2,Pulinchodu,20:08:27,20:08:42
R1,WE_142,3,Companypady,20:10:09,20:10:24
R1,WE_142,4,Ambattukavu,20:11:50,20:12:05
R1,WE_142,5,Muttom,20:13:31,20:13:31
R1,WE_143,1,Tripunithura,19:16:33,19:20:31
R1,WE_143,2,SN Junction,19:22:13,19:22:33
R1,WE_143,3,Vadakkekotta,19:23:51,19:24:11
R1,WE_143,4,Pettah,19:26:19,19:26:39
R1,WE_143,5,Thykoodam,19:28:32,19:28:52
R1,WE_143,6,Vyttila,19:30:26,19:30:46
R1,WE_143,7,Elamkulam,19:32:52,19:33:12
R1,WE_143,8,Kadavanthra,19:34:53,19:35:13
R1,WE_143,9,Ernakulam South,19:37:23,19:37:53
R1,WE_143,10,Maharajas College,19:39:47,19:40:07
R1,WE_143,11,MG Road,19:41:47,19:42:17
R1,WE_143,12,Town Hall,19:44:04,19:44:24
R1,WE_143,13,Kaloor,19:45:24,19:45:44
R1,WE_143,14,JLN Stadium,19:47:16,19:47:36
R1,WE_143,15,Palarivattom,19:49:15,19:49:35
R1,WE_143,16,Changampuzha Park,19:51:06,19:51:26
R1,WE_143,17,Edapally,19:53:12,19:53:42
R1,WE_143,18,Pathadipalam,19:55:34,19:55:54
R1,WE_143,19,Cochin University,19:57:32,19:58:02
R1,WE_143,20,Kalamassery,19:59:51,20:00:11
R1,WE_143,21,Muttom,20:02:39,20:03:09
R1,WE_143,22,Ambattukavu,20:04:36,20:04:56
R1,WE_143,23,Companypady,20:06:24,20:06:44
R1,WE_143,24,Pulinchodu,20:08:09,20:08:29
R1,WE_143,25,Aluva,20:10:29,20:10:29
R1,WE_144,1,Aluva,20:10:29,20:15:15
R1,WE_144,2,Pulinchodu,20:17:15,20:17:35
R1,WE_144,3,Companypady,20:19:02,20:19:22
R1,WE_144,4,Ambattukavu,20:20:48,20:21:08
R1,WE_144,5,Muttom,20:22:34,20:23:04
R1,WE_144,6,Kalamassery,20:25:30,20:25:50
R1,WE_144,7,Cochin University,20:27:39,20:27:59
R1,WE_144,8,Pathadipalam,20:29:43,20:30:13
R1,WE_144,9,Edapally,20:32:05,20:32:35
R1,WE_144,10,Changampuzha Park,20:34:27,20:34:47
R1,WE_144,11,Palarivattom,20:36:19,20:36:39
R1,WE_144,12,JLN Stadium,20:38:24,20:38:44
R1,WE_144,13,Kaloor,20:40:13,20:40:33
R1,WE_144,14,Town Hall,20:41:30,20:41:50
R1,WE_144,15,MG Road,20:43:48,20:44:18
R1,WE_144,16,Maharajas College,20:45:58,20:46:18
R1,WE_144,17,Ernakulam South,20:48:11,20:48:41
R1,WE_144,18,Kadavanthra,20:50:44,20:51:04
R1,WE_144,19,Elamkulam,20:52:51,20:53:11
R1,WE_144,20,Vyttila,20:55:13,20:55:33
R1,WE_144,21,Thykoodam,20:57:13,20:57:33
R1,WE_144,22,Pettah,20:59:31,20:59:51
R1,WE_144,23,Vadakkekotta,21:01:52,21:02:12
R1,WE_144,24,SN Junction,21:03:30,21:03:50
R1,WE_144,25,Tripunithura,21:05:53,21:05:53
R1,WE_145,1,Tripunithura,19:25:38,19:29:36
R1,WE_145,2,SN Junction,19:31:18,19:31:38
R1,WE_145,3,Vadakkekotta,19:32:56,19:33:16
R1,WE_145,4,Pettah,19:35:24,19:35:44
R1,WE_145,5,Thykoodam,19:37:37,19:37:57
R1,WE_145,6,Vyttila,19:39:31,19:39:51
R1,WE_145,7,Elamkulam,19:41:57,19:42:17
R1,WE_145,8,Kadavanthra,19:43:58,19:44:18
R1,WE_145,9,Ernakulam South,19:46:28,19:46:58
R1,WE_145,10,Maharajas College,19:48:52,19:49:12
R1,WE_145,11,MG Road,19:50:52,19:51:22
R1,WE_145,12,Town Hall,19:53:09,19:53:29
R1,WE_145,13,Kaloor,19:54:29,19:54:49
R1,WE_145,14,JLN Stadium,19:56:21,19:56:41
R1,WE_145,15,Palarivattom,19:58:20,19:58:40
R1,WE_145,16,Changampuzha Park,20:00:11,20:00:31
R1,WE_145,17,Edapally,20:02:17,20:02:47
R1,WE_145,18,Pathadipalam,20:04:39,20:04:59
R1,WE_145,19,Cochin University,20:06:37,20:07:07
R1,WE_145,20,Kalamassery,20:08:56,20:09:16
R1,WE_145,21,Muttom,20:11:44,20:12:14
R1,WE_145,22,Ambattukavu,20:13:41,20:14:01
R1,WE_145,23,Companypady,20:15:29,20:15:49
R1,WE_145,24,Pulinchodu,20:17:14,20:17:34
R1,WE_145,25,Aluva,20:19:34,20:19:34
R1,WE_146,1,Aluva,20:19:34,20:26:45
R1,WE_146,2,Pulinchodu,20:28:45,20:29:05
R1,WE_146,3,Companypady,20:30:32,20:30:52
R1,WE_146,4,Ambattukavu,20:32:18,20:32:38
R1,WE_146,5,Muttom,20:34:04,20:34:34
R1,WE_146,6,Kalamassery,20:37:00,20:37:20
R1,WE_146,7,Cochin University,20:39:09,20:39:29
R1,WE_146,8,Pathadipalam,20:41:13,20:41:43
R1,WE_146,9,Edapally,20:43:35,20:44:05
R1,WE_146,10,Changampuzha Park,20:45:57,20:46:17
R1,WE_146,11,Palarivattom,20:47:49,20:48:09
R1,WE_146,12,JLN Stadium,20:49:54,20:50:14
R1,WE_146,13,Kaloor,20:51:43,20:52:03
R1,WE_146,14,Town Hall,20:53:00,20:53:20
R1,WE_146,15,MG Road,20:55:18,20:55:48
R1,WE_146,16,Maharajas College,20:57:28,20:57:48
R1,WE_146,17,Ernakulam South,20:59:41,21:00:11
R1,WE_146,18,Kadavanthra,21:02:14,21:02:34
R1,WE_146,19,Elamkulam,21:04:21,21:04:41
R1,WE_146,20,Vyttila,21:06:43,21:07:03
R1,WE_146,21,Thykoodam,21:08:43,21:09:03
R1,WE_146,22,Pettah,21:11:01,21:11:21
R1,WE_146,23,Vadakkekotta,21:13:22,21:13:42
R1,WE_146,24,SN Junction,21:15:00,21:15:20
R1,WE_146,25,Tripunithura,21:17:23,21:17:23
R1,WE_147,1,Tripunithura,19:34:43,19:38:41
R1,WE_147,2,SN Junction,19:40:23,19:40:53
R1,WE_147,3,Vadakkekotta,19:42:11,19:42:41
R1,WE_147,4,Pettah,19:44:49,19:45:19
R1,WE_147,5,Thykoodam,19:47:12,19:47:42
R1,WE_147,6,Vyttila,19:49:16,19:49:46
R1,WE_147,7,Elamkulam,19:51:52,19:52:22
R1,WE_147,8,Kadavanthra,19:54:03,19:54:33
R1,WE_147,9,Ernakulam South,19:56:43,19:57:13
R1,WE_147,10,Maharajas College,19:59:07,19:59:37
R1,WE_147,11,MG Road,20:01:17,20:01:47
R1,WE_147,12,Town Hall,20:03:34,20:04:04
R1,WE_147,13,Kaloor,20:05:04,20:05:34
R1,WE_147,14,JLN Stadium,20:07:06,20:07:36
R1,WE_147,15,Palarivattom,20:09:15,20:09:45
R1,WE_147,16,Changampuzha Park,20:11:16,20:11:46
R1,WE_147,17,Edapally,20:13:32,20:14:02
R1,WE_147,18,Pathadipalam,20:15:54,20:16:24
R1,WE_147,19,Cochin University,20:18:02,20:18:32
R1,WE_147,20,Kalamassery,20:20:21,20:20:51
R1,WE_147,21,Muttom,20:23:19,20:23:49
R1,WE_147,22,Ambattukavu,20:25:16,20:25:46
R1,WE_147,23,Companypady,20:27:14,20:27:44
R1,WE_147,24,Pulinchodu,20:29:09,20:29:29
R1,WE_147,25,Aluva,20:31:29,20:31:29
R1,WE_148,1,Aluva,20:31:29,20:39:15
R1,WE_148,2,Pulinchodu,20:41:15,20:41:35
R1,WE_148,3,Companypady,20:43:02,20:43:22
R1,WE_148,4,Ambattukavu,20:44:48,20:45:08
R1,WE_148,5,Muttom,20:46:34,20:47:04
R1,WE_148,6,Kalamassery,20:49:30,20:49:50
R1,WE_148,7,Cochin University,20:51:39,20:51:59
R1,WE_148,8,Pathadipalam,20:53:43,20:54:13
R1,WE_148,9,Edapally,20:56:05,20:56:35
R1,WE_148,10,Changampuzha Park,20:58:27,20:58:47
R1,WE_148,11,Palarivattom,21:00:19,21:00:39
R1,WE_148,12,JLN Stadium,21:02:24,21:02:44
R1,WE_148,13,Kaloor,21:04:13,21:04:33
R1,WE_148,14,Town Hall,21:05:30,21:05:50
R1,WE_148,15,MG Road,21:07:48,21:08:18
R1,WE_148,16,Maharajas College,21:09:58,21:10:18
R1,WE_148,17,Ernakulam South,21:12:11,21:12:41
R1,WE_148,18,Kadavanthra,21:14:44,21:15:04
R1,WE_148,19,Elamkulam,21:16:51,21:17:11
R1,WE_148,20,Vyttila,21:19:13,21:19:33
R1,WE_148,21,Thykoodam,21:21:13,21:21:33
R1,WE_148,22,Pettah,21:23:31,21:23:51
R1,WE_148,23,Vadakkekotta,21:25:52,21:26:12
R1,WE_148,24,SN Junction,21:27:30,21:27:50
R1,WE_148,25,Tripunithura,21:29:53,21:29:53
R1,WE_149,1,Tripunithura,19:43:48,19:47:46
R1,WE_149,2,SN Junction,19:49:28,19:49:58
R1,WE_149,3,Vadakkekotta,19:51:16,19:51:46
R1,WE_149,4,Pettah,19:53:54,19:54:24
R1,WE_149,5,Thykoodam,19:56:17,19:56:47
R1,WE_149,6,Vyttila,19:58:21,19:58:51
R1,WE_149,7,Elamkulam,20:00:57,20:01:27
R1,WE_149,8,Kadavanthra,20:03:08,20:03:38
R1,WE_149,9,Ernakulam South,20:05:48,20:06:18
R1,WE_149,10,Maharajas College,20:08:12,20:08:42
R1,WE_149,11,MG Road,20:10:22,20:10:52
R1,WE_149,12,Town Hall,20:12:39,20:13:09
R1,WE_149,13,Kaloor,20:14:09,20:14:39
R1,WE_149,14,JLN Stadium,20:16:11,20:16:41
R1,WE_149,15,Palarivattom,20:18:20,20:18:50
R1,WE_149,16,Changampuzha Park,20:20:21,20:20:51
R1,WE_149,17,Edapally,20:22:37,20:23:07
R1,WE_149,18,Pathadipalam,20:24:59,20:25:29
R1,WE_149,19,Cochin University,20:27:07,20:27:37
R1,WE_149,20,Kalamassery,20:29:26,20:29:56
R1,WE_149,21,Muttom,20:32:24,20:32:54
R1,WE_149,22,Ambattukavu,20:34:21,20:34:51
R1,WE_149,23,Companypady,20:36:19,20:36:49
R1,WE_149,24,Pulinchodu,20:38:14,20:38:44
R1,WE_149,25,Aluva,20:40:44,20:40:44
R1,WE_15,1,Aluva,09:59:50,10:06:20
R1,WE_15,2,Pulinchodu,10:08:20,10:08:40
R1,WE_15,3,Companypady,10:10:07,10:10:27
R1,WE_15,4,Ambattukavu,10:11:53,10:12:13
R1,WE_15,5,Muttom,10:13:39,10:14:09
R1,WE_15,6,Kalamassery,10:16:35,10:16:55
R1,WE_15,7,Cochin University,10:18:44,10:19:04
R1,WE_15,8,Pathadipalam,10:20:48,10:21:18
R1,WE_15,9,Edapally,10:23:10,10:23:40
R1,WE_15,10,Changampuzha Park,10:25:32,10:25:52
R1,WE_15,11,Palarivattom,10:27:24,10:27:44
R1,WE_15,12,JLN Stadium,10:29:29,10:29:49
R1,WE_15,13,Kaloor,10:31:18,10:31:38
R1,WE_15,14,Town Hall,10:32:35,10:32:55
R1,WE_15,15,MG Road,10:34:53,10:35:23
R1,WE_15,16,Maharajas College,10:37:03,10:37:23
R1,WE_15,17,Ernakulam South,10:39:16,10:39:46
R1,WE_15,18,Kadavanthra,10:41:49,10:42:09
R1,WE_15,19,Elamkulam,10:43:56,10:44:16
R1,WE_15,20,Vyttila,10:46:18,10:46:38
R1,WE_15,21,Thykoodam,10:48:18,10:48:38
R1,WE_15,22,Pettah,10:50:36,10:50:56
R1,WE_15,23,Vadakkekotta,10:52:57,10:53:17
R1,WE_15,24,SN Junction,10:54:35,10:54:55
R1,WE_15,25,Tripunithura,10:56:58,10:56:58
R1,WE_150,1,Aluva,20:40:44,20:44:17
R1,WE_150,2,Pulinchodu,20:46:17,20:46:32
R1,WE_150,3,Companypady,20:47:59,20:48:14
R1,WE_150,4,Ambattukavu,20:49:40,20:49:55
R1,WE_150,5,Muttom,20:51:21,20:51:21
R1,WE_151,1,Tripunithura,19:52:53,19:56:51
R1,WE_151,2,SN Junction,19:58:33,19:58:53
R1,WE_151,3,Vadakkekotta,20:00:11,20:00:31
R1,WE_151,4,Pettah,20:02:39,20:02:59
R1,WE_151,5,Thykoodam,20:04:52,20:05:12
R1,WE_151,6,Vyttila,20:06:46,20:07:06
R1,WE_151,7,Elamkulam,20:09:12,20:09:32
R1,WE_151,8,Kadavanthra,20:11:13,20:11:33
R1,WE_151,9,Ernakulam South,20:13:43,20:14:13
R1,WE_151,10,Maharajas College,20:16:07,20:16:27
R1,WE_151,11,MG Road,20:18:07,20:18:37
R1,WE_151,12,Town Hall,20:20:24,20:20:44
R1,WE_151,13,Kaloor,20:21:44,20:22:04
R1,WE_151,14,JLN Stadium,20:23:36,20:23:56
R1,WE_151,15,Palarivattom,20:25:35,20:25:55
R1,WE_151,16,Changampuzha Park,20:27:26,20:27:46
R1,WE_151,17,Edapally,20:29:32,20:30:02
R1,WE_151,18,Pathadipalam,20:31:54,20:32:14
R1,WE_151,19,Cochin University,20:33:52,20:34:22
R1,WE_151,20,Kalamassery,20:36:11,20:36:31
R1,WE_151,21,Muttom,20:38:59,20:39:29
R1,WE_151,22,Ambattukavu,20:40:56,20:41:16
R1,WE_151,23,Companypady,20:42:44,20:43:04
R1,WE_151,24,Pulinchodu,20:44:29,20:44:49
R1,WE_151,25,Aluva,20:46:49,20:46:49
R1,WE_152,1,Aluva,20:46:49,20:51:45
R1,WE_152,2,Pulinchodu,20:53:45,20:54:05
R1,WE_152,3,Companypady,20:55:32,20:55:52
R1,WE_152,4,Ambattukavu,20:57:18,20:57:38
R1,WE_152,5,Muttom,20:59:04,20:59:34
R1,WE_152,6,Kalamassery,21:02:00,21:02:20
R1,WE_152,7,Cochin University,21:04:09,21:04:29
R1,WE_152,8,Pathadipalam,21:06:13,21:06:43
R1,WE_152,9,Edapally,21:08:35,21:09:05
R1,WE_152,10,Changampuzha Park,21:10:57,21:11:17
R1,WE_152,11,Palarivattom,21:12:49,21:13:09
R1,WE_152,12,JLN Stadium,21:14:54,21:15:14
R1,WE_152,13,Kaloor,21:16:43,21:17:03
R1,WE_152,14,Town Hall,21:18:00,21:18:20
R1,WE_152,15,MG Road,21:20:18,21:20:48
R1,WE_152,16,Maharajas College,21:22:28,21:22:48
R1,WE_152,17,Ernakulam South,21:24:41,21:25:11
R1,WE_152,18,Kadavanthra,21:27:14,21:27:34
R1,WE_152,19,Elamkulam,21:29:21,21:29:41
R1,WE_152,20,Vyttila,21:31:43,21:32:03
R1,WE_152,21,Thykoodam,21:33:43,21:34:03
R1,WE_152,22,Pettah,21:36:01,21:36:21
R1,WE_152,23,Vadakkekotta,21:38:22,21:38:42
R1,WE_152,24,SN Junction,21:40:00,21:40:20
R1,WE_152,25,Tripunithura,21:42:23,21:42:23
R1,WE_153,1,Tripunithura,20:02:53,20:06:51
R1,WE_153,2,SN Junction,20:08:33,20:08:53
R1,WE_153,3,Vadakkekotta,20:10:11,20:10:31
R1,WE_153,4,Pettah,20:12:39,20:12:59
R1,WE_153,5,Thykoodam,20:14:52,20:15:12
R1,WE_153,6,Vyttila,20:16:46,20:17:06
R1,WE_153,7,Elamkulam,20:19:12,20:19:32
R1,WE_153,8,Kadavanthra,20:21:13,20:21:33
R1,WE_153,9,Ernakulam South,20:23:43,20:24:13
R1,WE_153,10,Maharajas College,20:26:07,20:26:27
R1,WE_153,11,MG Road,20:28:07,20:28:37
R1,WE_153,12,Town Hall,20:30:24,20:30:44
R1,WE_153,13,Kaloor,20:31:44,20:32:04
R1,WE_153,14,JLN Stadium,20:33:36,20:33:56
R1,WE_153,15,Palarivattom,20:35:35,20:35:55
R1,WE_153,16,Changampuzha Park,20:37:26,20:37:46
R1,WE_153,17,Edapally,20:39:32,20:40:02
R1,WE_153,18,Pathadipalam,20:41:54,20:42:14
R1,WE_153,19,Cochin University,20:43:52,20:44:22
R1,WE_153,20,Kalamassery,20:46:11,20:46:31
R1,WE_153,21,Muttom,20:48:59,20:49:29
R1,WE_153,22,Ambattukavu,20:50:56,20:51:16
R1,WE_153,23,Companypady,20:52:44,20:53:04
R1,WE_153,24,Pulinchodu,20:54:29,20:54:49
R1,WE_153,25,Aluva,20:56:49,20:56:49
R1,WE_154,1,Aluva,20:56:49,21:04:45
R1,WE_154,2,Pulinchodu,21:06:45,21:07:05
R1,WE_154,3,Companypady,21:08:32,21:08:52
R1,WE_154,4,Ambattukavu,21:10:18,21:10:38
R1,WE_154,5,Muttom,21:12:04,21:12:34
R1,WE_154,6,Kalamassery,21:15:00,21:15:20
R1,WE_154,7,Cochin University,21:17:09,21:17:29
R1,WE_154,8,Pathadipalam,21:19:13,21:19:43
R1,WE_154,9,Edapally,21:21:35,21:22:05
R1,WE_154,10,Changampuzha Park,21:23:57,21:24:17
R1,WE_154,11,Palarivattom,21:25:49,21:26:09
R1,WE_154,12,JLN Stadium,21:27:54,21:28:14
R1,WE_154,13,Kaloor,21:29:43,21:30:03
R1,WE_154,14,Town Hall,21:31:00,21:31:20
R1,WE_154,15,MG Road,21:33:18,21:33:48
R1,WE_154,16,Maharajas College,21:35:28,21:35:48
R1,WE_154,17,Ernakulam South,21:37:41,21:38:11
R1,WE_154,18,Kadavanthra,21:40:14,21:40:34
R1,WE_154,19,Elamkulam,21:42:21,21:42:41
R1,WE_154,20,Vyttila,21:44:43,21:45:03
R1,WE_154,21,Thykoodam,21:46:43,21:47:03
R1,WE_154,22,Pettah,21:49:01,21:49:21
R1,WE_154,23,Vadakkekotta,21:51:22,21:51:42
R1,WE_154,24,SN Junction,21:53:00,21:53:20
R1,WE_154,25,Tripunithura,21:55:23,21:55:23
R1,WE_155,1,Tripunithura,20:12:53,20:16:51
R1,WE_155,2,SN Junction,20:18:33,20:18:53
R1,WE_155,3,Vadakkekotta,20:20:11,20:20:31
R1,WE_155,4,Pettah,20:22:39,20:22:59
R1,WE_155,5,Thykoodam,20:24:52,20:25:12
R1,WE_155,6,Vyttila,20:26:46,20:27:06
R1,WE_155,7,Elamkulam,20:29:12,20:29:32
R1,WE_155,8,Kadavanthra,20:31:13,20:31:33
R1,WE_155,9,Ernakulam South,20:33:43,20:34:13
R1,WE_155,10,Maharajas College,20:36:07,20:36:27
R1,WE_155,11,MG Road,20:38:07,20:38:37
R1,WE_155,12,Town Hall,20:40:24,20:40:44
R1,WE_155,13,Kaloor,20:41:44,20:42:04
R1,WE_155,14,JLN Stadium,20:43:36,20:43:56
R1,WE_155,15,Palarivattom,20:45:35,20:45:55
R1,WE_155,16,Changampuzha Park,20:47:26,20:47:46
R1,WE_155,17,Edapally,20:49:32,20:50:02
R1,WE_155,18,Pathadipalam,20:51:54,20:52:14
R1,WE_155,19,Cochin University,20:53:52,20:54:22
R1,WE_155,20,Kalamassery,20:56:11,20:56:31
R1,WE_155,21,Muttom,20:58:59,20:59:29
R1,WE_155,22,Ambattukavu,21:00:56,21:01:16
R1,WE_155,23,Companypady,21:02:44,21:03:04
R1,WE_155,24,Pulinchodu,21:04:29,21:04:49
R1,WE_155,25,Aluva,21:06:49,21:06:49
R1,WE_156,1,Aluva,21:06:49,21:10:22
R1,WE_156,2,Pulinchodu,21:12:22,21:12:37
R1,WE_156,3,Companypady,21:14:04,21:14:19
R1,WE_156,4,Ambattukavu,21:15:45,21:16:00
R1,WE_156,5,Muttom,21:17:26,21:17:26
R1,WE_157,1,Tripunithura,20:22:53,20:26:51
R1,WE_157,2,SN Junction,20:28:23,20:28:43
R1,WE_157,3,Vadakkekotta,20:29:53,20:30:13
R1,WE_157,4,Pettah,20:32:06,20:32:26
R1,WE_157,5,Thykoodam,20:34:06,20:34:26
R1,WE_157,6,Vyttila,20:35:53,20:36:13
R1,WE_157,7,Elamkulam,20:38:05,20:38:25
R1,WE_157,8,Kadavanthra,20:40:00,20:40:20
R1,WE_157,9,Ernakulam South,20:42:16,20:42:46
R1,WE_157,10,Maharajas College,20:44:29,20:44:49
R1,WE_157,11,MG Road,20:46:18,20:46:48
R1,WE_157,12,Town Hall,20:48:29,20:48:49
R1,WE_157,13,Kaloor,20:49:44,20:50:04
R1,WE_157,14,JLN Stadium,20:51:25,20:51:45
R1,WE_157,15,Palarivattom,20:53:18,20:53:38
R1,WE_157,16,Changampuzha Park,20:55:02,20:55:22
R1,WE_157,17,Edapally,20:57:01,20:57:31
R1,WE_157,18,Pathadipalam,20:59:11,20:59:31
R1,WE_157,19,Cochin University,21:01:03,21:01:33
R1,WE_157,20,Kalamassery,21:03:12,21:03:32
R1,WE_157,21,Muttom,21:05:43,21:06:13
R1,WE_157,22,Ambattukavu,21:07:34,21:07:54
R1,WE_157,23,Companypady,21:09:14,21:09:34
R1,WE_157,24,Pulinchodu,21:10:53,21:11:13
R1,WE_157,25,Aluva,21:13:13,21:13:13
R1,WE_158,1,Aluva,21:13:13,21:17:45
R1,WE_158,2,Pulinchodu,21:19:45,21:20:05
R1,WE_158,3,Companypady,21:21:32,21:21:52
R1,WE_158,4,Ambattukavu,21:23:18,21:23:38
R1,WE_158,5,Muttom,21:25:04,21:25:34
R1,WE_158,6,Kalamassery,21:28:00,21:28:20
R1,WE_158,7,Cochin University,21:30:09,21:30:29
R1,WE_158,8,Pathadipalam,21:32:13,21:32:43
R1,WE_158,9,Edapally,21:34:35,21:35:05
R1,WE_158,10,Changampuzha Park,21:36:57,21:37:17
R1,WE_158,11,Palarivattom,21:38:49,21:39:09
R1,WE_158,12,JLN Stadium,21:40:54,21:41:14
R1,WE_158,13,Kaloor,21:42:43,21:43:03
R1,WE_158,14,Town Hall,21:44:00,21:44:20
R1,WE_158,15,MG Road,21:46:18,21:46:48
R1,WE_158,16,Maharajas College,21:48:28,21:48:48
R1,WE_158,17,Ernakulam South,21:50:41,21:51:11
R1,WE_158,18,Kadavanthra,21:53:14,21:53:34
R1,WE_158,19,Elamkulam,21:55:21,21:55:41
R1,WE_158,20,Vyttila,21:57:43,21:58:03
R1,WE_158,21,Thykoodam,21:59:43,22:00:03
R1,WE_158,22,Pettah,22:02:01,22:02:21
R1,WE_158,23,Vadakkekotta,22:04:22,22:04:42
R1,WE_158,24,SN Junction,22:06:00,22:06:20
R1,WE_158,25,Tripunithura,22:08:23,22:08:23
R1,WE_159,1,Tripunithura,20:32:53,20:36:51
R1,WE_159,2,SN Junction,20:38:33,20:38:53
R1,WE_159,3,Vadakkekotta,20:40:11,20:40:31
R1,WE_159,4,Pettah,20:42:39,20:42:59
R1,WE_159,5,Thykoodam,20:44:52,20:45:12
R1,WE_159,6,Vyttila,20:46:46,20:47:06
R1,WE_159,7,Elamkulam,20:49:12,20:49:32
R1,WE_159,8,Kadavanthra,20:51:13,20:51:33
R1,WE_159,9,Ernakulam South,20:53:43,20:54:13
R1,WE_159,10,Maharajas College,20:56:07,20:56:27
R1,WE_159,11,MG Road,20:58:07,20:58:37
R1,WE_159,12,Town Hall,21:00:24,21:00:44
R1,WE_159,13,Kaloor,21:01:44,21:02:04
R1,WE_159,14,JLN Stadium,21:03:36,21:03:56
R1,WE_159,15,Palarivattom,21:05:35,21:05:55
R1,WE_159,16,Changampuzha Park,21:07:26,21:07:46
R1,WE_159,17,Edapally,21:09:32,21:10:02
R1,WE_159,18,Pathadipalam,21:11:54,21:12:14
R1,WE_159,19,Cochin University,21:13:52,21:14:22
R1,WE_159,20,Kalamassery,21:16:11,21:16:31
R1,WE_159,21,Muttom,21:18:59,21:19:29
R1,WE_159,22,Ambattukavu,21:20:56,21:21:16
R1,WE_159,23,Companypady,21:22:44,21:23:04
R1,WE_159,24,Pulinchodu,21:24:29,21:24:49
R1,WE_159,25,Aluva,21:26:49,21:26:49
R1,WE_16,1,Muttom,09:51:30,09:52:00
R1,WE_16,2,Ambattukavu,09:53:27,09:53:57
R1,WE_16,3,Companypady,09:55:25,09:55:55
R1,WE_16,4,Pulinchodu,09:57:20,09:57:50
R1,WE_16,5,Aluva,09:59:50,09:59:50
R1,WE_160,1,Aluva,21:26:49,21:31:45
R1,WE_160,2,Pulinchodu,21:33:45,21:34:05
R1,WE_160,3,Companypady,21:35:32,21:35:52
R1,WE_160,4,Ambattukavu,21:37:18,21:37:38
R1,WE_160,5,Muttom,21:39:04,21:39:34
R1,WE_160,6,Kalamassery,21:42:00,21:42:20
R1,WE_160,7,Cochin University,21:44:09,21:44:29
R1,WE_160,8,Pathadipalam,21:46:13,21:46:43
R1,WE_160,9,Edapally,21:48:35,21:49:05
R1,WE_160,10,Changampuzha Park,21:50:57,21:51:17
R1,WE_160,11,Palarivattom,21:52:49,21:53:09
R1,WE_160,12,JLN Stadium,21:54:54,21:55:14
R1,WE_160,13,Kaloor,21:56:43,21:57:03
R1,WE_160,14,Town Hall,21:58:00,21:58:20
R1,WE_160,15,MG Road,22:00:18,22:00:48
R1,WE_160,16,Maharajas College,22:02:28,22:02:48
R1,WE_160,17,Ernakulam South,22:04:41,22:05:11
R1,WE_160,18,Kadavanthra,22:07:14,22:07:34
R1,WE_160,19,Elamkulam,22:09:21,22:09:41
R1,WE_160,20,Vyttila,22:11:43,22:12:03
R1,WE_160,21,Thykoodam,22:13:43,22:14:03
R1,WE_160,22,Pettah,22:16:01,22:16:21
R1,WE_160,23,Vadakkekotta,22:18:22,22:18:42
R1,WE_160,24,SN Junction,22:20:00,22:20:20
R1,WE_160,25,Tripunithura,22:22:23,22:22:23
R1,WE_161,1,Tripunithura,20:42:53,20:46:51
R1,WE_161,2,SN Junction,20:48:33,20:48:53
R1,WE_161,3,Vadakkekotta,20:50:11,20:50:31
R1,WE_161,4,Pettah,20:52:39,20:52:59
R1,WE_161,5,Thykoodam,20:54:52,20:55:12
R1,WE_161,6,Vyttila,20:56:46,20:57:06
R1,WE_161,7,Elamkulam,20:59:12,20:59:32
R1,WE_161,8,Kadavanthra,21:01:13,21:01:33
R1,WE_161,9,Ernakulam South,21:03:43,21:04:13
R1,WE_161,10,Maharajas College,21:06:07,21:06:27
R1,WE_161,11,MG Road,21:08:07,21:08:37
R1,WE_161,12,Town Hall,21:10:24,21:10:44
R1,WE_161,13,Kaloor,21:11:44,21:12:04
R1,WE_161,14,JLN Stadium,21:13:36,21:13:56
R1,WE_161,15,Palarivattom,21:15:35,21:15:55
R1,WE_161,16,Changampuzha Park,21:17:26,21:17:46
R1,WE_161,17,Edapally,21:19:32,21:20:02
R1,WE_161,18,Pathadipalam,21:21:54,21:22:14
R1,WE_161,19,Cochin University,21:23:52,21:24:22
R1,WE_161,20,Kalamassery,21:26:11,21:26:31
R1,WE_161,21,Muttom,21:28:59,21:29:29
R1,WE_161,22,Ambattukavu,21:30:56,21:31:16
R1,WE_161,23,Companypady,21:32:44,21:33:04
R1,WE_161,24,Pulinchodu,21:34:29,21:34:49
R1,WE_161,25,Aluva,21:36:49,21:36:49
R1,WE_162,1,Aluva,21:36:49,21:45:45
R1,WE_162,2,Pulinchodu,21:47:45,21:48:05
R1,WE_162,3,Companypady,21:49:32,21:49:52
R1,WE_162,4,Ambattukavu,21:51:18,21:51:38
R1,WE_162,5,Muttom,21:53:04,21:53:34
R1,WE_162,6,Kalamassery,21:56:00,21:56:20
R1,WE_162,7,Cochin University,21:58:09,21:58:29
R1,WE_162,8,Pathadipalam,22:00:13,22:00:43
R1,WE_162,9,Edapally,22:02:35,22:03:05
R1,WE_162,10,Changampuzha Park,22:04:57,22:05:17
R1,WE_162,11,Palarivattom,22:06:49,22:07:09
R1,WE_162,12,JLN Stadium,22:08:54,22:09:14
R1,WE_162,13,Kaloor,22:10:43,22:11:03
R1,WE_162,14,Town Hall,22:12:00,22:12:20
R1,WE_162,15,MG Road,22:14:18,22:14:48
R1,WE_162,16,Maharajas College,22:16:28,22:16:48
R1,WE_162,17,Ernakulam South,22:18:41,22:19:11
R1,WE_162,18,Kadavanthra,22:21:14,22:21:34
R1,WE_162,19,Elamkulam,22:23:21,22:23:41
R1,WE_162,20,Vyttila,22:25:43,22:26:03
R1,WE_162,21,Thykoodam,22:27:43,22:28:03
R1,WE_162,22,Pettah,22:30:01,22:30:21
R1,WE_162,23,Vadakkekotta,22:32:22,22:32:42
R1,WE_162,24,SN Junction,22:34:00,22:34:20
R1,WE_162,25,Tripunithura,22:36:04,22:36:24
R1,WE_163,1,Tripunithura,20:54:23,20:58:21
R1,WE_163,2,SN Junction,21:00:03,21:00:33
R1,WE_163,3,Vadakkekotta,21:01:51,21:02:21
R1,WE_163,4,Pettah,21:04:29,21:04:59
R1,WE_163,5,Thykoodam,21:06:52,21:07:22
R1,WE_163,6,Vyttila,21:08:56,21:09:26
R1,WE_163,7,Elamkulam,21:11:32,21:12:02
R1,WE_163,8,Kadavanthra,21:13:43,21:14:13
R1,WE_163,9,Ernakulam South,21:16:23,21:16:53
R1,WE_163,10,Maharajas College,21:18:47,21:19:17
R1,WE_163,11,MG Road,21:20:57,21:21:27
R1,WE_163,12,Town Hall,21:23:14,21:23:44
R1,WE_163,13,Kaloor,21:24:44,21:25:14
R1,WE_163,14,JLN Stadium,21:26:46,21:27:16
R1,WE_163,15,Palarivattom,21:28:55,21:29:25
R1,WE_163,16,Changampuzha Park,21:30:56,21:31:26
R1,WE_163,17,Edapally,21:33:12,21:33:42
R1,WE_163,18,Pathadipalam,21:35:34,21:36:04
R1,WE_163,19,Cochin University,21:37:42,21:38:12
R1,WE_163,20,Kalamassery,21:40:01,21:40:31
R1,WE_163,21,Muttom,21:42:59,21:43:29
R1,WE_163,22,Ambattukavu,21:44:56,21:45:26
R1,WE_163,23,Companypady,21:46:54,21:47:24
R1,WE_163,24,Pulinchodu,21:48:49,21:49:19
R1,WE_163,25,Aluva,21:51:19,21:51:19
R1,WE_164,1,Aluva,21:51:19,22:00:00
R1,WE_164,2,Pulinchodu,22:02:00,22:02:20
R1,WE_164,3,Companypady,22:03:47,22:04:07
R1,WE_164,4,Ambattukavu,22:05:33,22:05:53
R1,WE_164,5,Muttom,22:07:19,22:07:49
R1,WE_164,6,Kalamassery,22:10:15,22:10:35
R1,WE_164,7,Cochin University,22:12:24,22:12:44
R1,WE_164,8,Pathadipalam,22:14:28,22:14:58
R1,WE_164,9,Edapally,22:16:50,22:17:20
R1,WE_164,10,Changampuzha Park,22:19:12,22:19:32
R1,WE_164,11,Palarivattom,22:21:04,22:21:24
R1,WE_164,12,JLN Stadium,22:23:09,22:23:29
R1,WE_164,13,Kaloor,22:24:58,22:25:18
R1,WE_164,14,Town Hall,22:26:15,22:26:35
R1,WE_164,15,MG Road,22:28:33,22:29:03
R1,WE_164,16,Maharajas College,22:30:43,22:31:03
R1,WE_164,17,Ernakulam South,22:32:56,22:33:26
R1,WE_164,18,Kadavanthra,22:35:29,22:35:49
R1,WE_164,19,Elamkulam,22:37:36,22:37:56
R1,WE_164,20,Vyttila,22:39:58,22:40:18
R1,WE_164,21,Thykoodam,22:41:58,22:42:18
R1,WE_164,22,Pettah,22:44:16,22:44:36
R1,WE_164,23,Vadakkekotta,22:46:37,22:46:57
R1,WE_164,24,SN Junction,22:48:15,22:48:35
R1,WE_164,25,Tripunithura,22:50:19,22:50:19
R1,WE_165,1,Tripunithura,21:05:53,21:09:51
R1,WE_165,2,SN Junction,21:11:33,21:12:03
R1,WE_165,3,Vadakkekotta,21:13:21,21:13:51
R1,WE_165,4,Pettah,21:15:59,21:16:29
R1,WE_165,5,Thykoodam,21:18:22,21:18:52
R1,WE_165,6,Vyttila,21:20:26,21:20:56
R1,WE_165,7,Elamkulam,21:23:02,21:23:32
R1,WE_165,8,Kadavanthra,21:25:13,21:25:43
R1,WE_165,9,Ernakulam South,21:27:53,21:28:23
R1,WE_165,10,Maharajas College,21:30:17,21:30:47
R1,WE_165,11,MG Road,21:32:27,21:32:57
R1,WE_165,12,Town Hall,21:34:44,21:35:14
R1,WE_165,13,Kaloor,21:36:14,21:36:44
R1,WE_165,14,JLN Stadium,21:38:16,21:38:36
R1,WE_165,15,Palarivattom,21:40:15,21:40:35
R1,WE_165,16,Changampuzha Park,21:42:06,21:42:26
R1,WE_165,17,Edapally,21:44:12,21:44:42
R1,WE_165,18,Pathadipalam,21:46:34,21:46:54
R1,WE_165,19,Cochin University,21:48:32,21:49:02
R1,WE_165,20,Kalamassery,21:50:51,21:51:11
R1,WE_165,21,Muttom,21:53:39,21:54:09
R1,WE_165,22,Ambattukavu,21:55:36,21:55:56
R1,WE_165,23,Companypady,21:57:24,21:57:44
R1,WE_165,24,Pulinchodu,21:59:09,21:59:29
R1,WE_165,25,Aluva,22:01:29,22:01:29
R1,WE_166,1,Aluva,22:01:29,22:04:15
R1,WE_166,2,Pulinchodu,22:06:15,22:06:30
R1,WE_166,3,Companypady,22:07:57,22:08:12
R1,WE_166,4,Ambattukavu,22:09:38,22:09:53
R1,WE_166,5,Muttom,22:11:19,22:11:19
R1,WE_167,1,Tripunithura,21:17:23,21:21:21
R1,WE_167,2,SN Junction,21:23:03,21:23:23
R1,WE_167,3,Vadakkekotta,21:24:41,21:25:01
R1,WE_167,4,Pettah,21:27:09,21:27:29
R1,WE_167,5,Thykoodam,21:29:22,21:29:42
R1,WE_167,6,Vyttila,21:31:16,21:31:36
R1,WE_167,7,Elamkulam,21:33:42,21:34:02
R1,WE_167,8,Kadavanthra,21:35:43,21:36:03
R1,WE_167,9,Ernakulam South,21:38:13,21:38:43
R1,WE_167,10,Maharajas College,21:40:37,21:40:57
R1,WE_167,11,MG Road,21:42:37,21:43:07
R1,WE_167,12,Town Hall,21:44:54,21:45:14
R1,WE_167,13,Kaloor,21:46:14,21:46:34
R1,WE_167,14,JLN Stadium,21:48:06,21:48:26
R1,WE_167,15,Palarivattom,21:50:05,21:50:25
R1,WE_167,16,Changampuzha Park,21:51:56,21:52:16
R1,WE_167,17,Edapally,21:54:02,21:54:32
R1,WE_167,18,Pathadipalam,21:56:24,21:56:44
R1,WE_167,19,Cochin University,21:58:22,21:58:52
R1,WE_167,20,Kalamassery,22:00:41,22:01:01
R1,WE_167,21,Muttom,22:03:29,22:03:59
R1,WE_167,22,Ambattukavu,22:05:26,22:05:46
R1,WE_167,23,Companypady,22:07:14,22:07:34
R1,WE_167,24,Pulinchodu,22:08:59,22:09:19
R1,WE_167,25,Aluva,22:11:19,22:11:19
R1,WE_168,1,Tripunithura,21:29:53,21:33:51
R1,WE_168,2,SN Junction,21:35:33,21:35:53
R1,WE_168,3,Vadakkekotta,21:37:11,21:37:31
R1,WE_168,4,Pettah,21:39:39,21:39:59
R1,WE_168,5,Thykoodam,21:41:52,21:42:12
R1,WE_168,6,Vyttila,21:43:46,21:44:06
R1,WE_168,7,Elamkulam,21:46:12,21:46:32
R1,WE_168,8,Kadavanthra,21:48:13,21:48:33
R1,WE_168,9,Ernakulam South,21:50:43,21:51:13
R1,WE_168,10,Maharajas College,21:53:07,21:53:27
R1,WE_168,11,MG Road,21:55:07,21:55:37
R1,WE_168,12,Town Hall,21:57:24,21:57:44
R1,WE_168,13,Kaloor,21:58:44,21:59:04
R1,WE_168,14,JLN Stadium,22:00:36,22:00:56
R1,WE_168,15,Palarivattom,22:02:35,22:02:55
R1,WE_168,16,Changampuzha Park,22:04:26,22:04:46
R1,WE_168,17,Edapally,22:06:32,22:07:02
R1,WE_168,18,Pathadipalam,22:08:54,22:09:14
R1,WE_168,19,Cochin University,22:10:52,22:11:22
R1,WE_168,20,Kalamassery,22:13:11,22:13:31
R1,WE_168,21,Muttom,22:15:59,22:16:29
R1,WE_168,22,Ambattukavu,22:17:56,22:18:16
R1,WE_168,23,Companypady,22:19:44,22:20:04
R1,WE_168,24,Pulinchodu,22:21:29,22:21:49
R1,WE_168,25,Aluva,22:23:49,22:23:49
R1,WE_169,1,Aluva,22:23:49,22:30:00
R1,WE_169,2,Pulinchodu,22:32:00,22:32:20
R1,WE_169,3,Companypady,22:33:47,22:34:07
R1,WE_169,4,Ambattukavu,22:35:33,22:35:53
R1,WE_169,5,Muttom,22:37:19,22:37:49
R1,WE_169,6,Kalamassery,22:40:15,22:40:35
R1,WE_169,7,Cochin University,22:42:24,22:42:44
R1,WE_169,8,Pathadipalam,22:44:28,22:44:58
R1,WE_169,9,Edapally,22:46:50,22:47:20
R1,WE_169,10,Changampuzha Park,22:49:12,22:49:32
R1,WE_169,11,Palarivattom,22:51:04,22:51:24
R1,WE_169,12,JLN Stadium,22:53:09,22:53:29
R1,WE_169,13,Kaloor,22:54:58,22:55:18
R1,WE_169,14,Town Hall,22:56:15,22:56:35
R1,WE_169,15,MG Road,22:58:33,22:59:03
R1,WE_169,16,Maharajas College,23:00:43,23:01:03
R1,WE_169,17,Ernakulam South,23:02:56,23:03:26
R1,WE_169,18,Kadavanthra,23:05:29,23:05:49
R1,WE_169,19,Elamkulam,23:07:36,23:07:56
R1,WE_169,20,Vyttila,23:09:58,23:10:18
R1,WE_169,21,Thykoodam,23:11:58,23:12:18
R1,WE_169,22,Pettah,23:14:16,23:14:36
R1,WE_169,23,Vadakkekotta,23:16:37,23:16:57
R1,WE_169,24,SN Junction,23:18:15,23:18:35
R1,WE_169,25,Tripunithura,23:20:19,23:20:19
R1,WE_17,1,Tripunithura,10:56:58,11:00:56
R1,WE_17,2,SN Junction,11:02:38,11:02:58
R1,WE_17,3,Vadakkekotta,11:04:16,11:04:36
R1,WE_17,4,Pettah,11:06:44,11:07:04
R1,WE_17,5,Thykoodam,11:08:57,11:09:17
R1,WE_17,6,Vyttila,11:10:51,11:11:11
R1,WE_17,7,Elamkulam,11:13:17,11:13:37
R1,WE_17,8,Kadavanthra,11:15:18,11:15:38
R1,WE_17,9,Ernakulam South,11:17:48,11:18:18
R1,WE_17,10,Maharajas College,11:20:12,11:20:32
R1,WE_17,11,MG Road,11:22:12,11:22:42
R1,WE_17,12,Town Hall,11:24:29,11:24:49
R1,WE_17,13,Kaloor,11:25:49,11:26:09
R1,WE_17,14,JLN Stadium,11:27:41,11:28:01
R1,WE_17,15,Palarivattom,11:29:40,11:30:00
R1,WE_17,16,Changampuzha Park,11:31:31,11:31:51
R1,WE_17,17,Edapally,11:33:37,11:34:07
R1,WE_17,18,Pathadipalam,11:35:59,11:36:19
R1,WE_17,19,Cochin University,11:37:57,11:38:27
R1,WE_17,20,Kalamassery,11:40:16,11:40:36
R1,WE_17,21,Muttom,11:43:04,11:43:34
R1,WE_17,22,Ambattukavu,11:45:01,11:45:21
R1,WE_17,23,Companypady,11:46:49,11:47:09
R1,WE_17,24,Pulinchodu,11:48:34,11:48:54
R1,WE_17,25,Aluva,11:50:54,11:50:54
R1,WE_170,1,Tripunithura,21:42:23,21:46:21
R1,WE_170,2,SN Junction,21:48:03,21:48:23
R1,WE_170,3,Vadakkekotta,21:49:41,21:50:01
R1,WE_170,4,Pettah,21:52:09,21:52:29
R1,WE_170,5,Thykoodam,21:54:22,21:54:42
R1,WE_170,6,Vyttila,21:56:16,21:56:36
R1,WE_170,7,Elamkulam,21:58:42,21:59:02
R1,WE_170,8,Kadavanthra,22:00:43,22:01:03
R1,WE_170,9,Ernakulam South,22:03:13,22:03:43
R1,WE_170,10,Maharajas College,22:05:37,22:05:57
R1,WE_170,11,MG Road,22:07:37,22:08:07
R1,WE_170,12,Town Hall,22:09:54,22:10:14
R1,WE_170,13,Kaloor,22:11:14,22:11:34
R1,WE_170,14,JLN Stadium,22:13:06,22:13:26
R1,WE_170,15,Palarivattom,22:15:05,22:15:25
R1,WE_170,16,Changampuzha Park,22:16:56,22:17:16
R1,WE_170,17,Edapally,22:19:02,22:19:32
R1,WE_170,18,Pathadipalam,22:21:24,22:21:44
R1,WE_170,19,Cochin University,22:23:22,22:23:52
R1,WE_170,20,Kalamassery,22:25:41,22:26:01
R1,WE_170,21,Muttom,22:28:29,22:28:59
R1,WE_170,22,Ambattukavu,22:30:26,22:30:46
R1,WE_170,23,Companypady,22:32:14,22:32:34
R1,WE_170,24,Pulinchodu,22:33:59,22:34:19
R1,WE_170,25,Aluva,22:36:19,22:36:19
R1,WE_171,1,Aluva,22:36:19,22:37:49
R1,WE_171,2,Pulinchodu,22:39:49,22:40:04
R1,WE_171,3,Companypady,22:41:31,22:41:46
R1,WE_171,4,Ambattukavu,22:43:12,22:43:27
R1,WE_171,5,Muttom,22:44:53,22:44:53
R1,WE_172,1,Tripunithura,21:55:23,21:59:21
R1,WE_172,2,SN Junction,22:01:03,22:01:23
R1,WE_172,3,Vadakkekotta,22:02:41,22:03:01
R1,WE_172,4,Pettah,22:05:09,22:05:29
R1,WE_172,5,Thykoodam,22:07:22,22:07:42
R1,WE_172,6,Vyttila,22:09:16,22:09:36
R1,WE_172,7,Elamkulam,22:11:42,22:12:02
R1,WE_172,8,Kadavanthra,22:13:43,22:14:03
R1,WE_172,9,Ernakulam South,22:16:13,22:16:43
R1,WE_172,10,Maharajas College,22:18:37,22:18:57
R1,WE_172,11,MG Road,22:20:37,22:21:07
R1,WE_172,12,Town Hall,22:22:54,22:23:14
R1,WE_172,13,Kaloor,22:24:14,22:24:34
R1,WE_172,14,JLN Stadium,22:26:06,22:26:26
R1,WE_172,15,Palarivattom,22:28:05,22:28:25
R1,WE_172,16,Changampuzha Park,22:29:56,22:30:16
R1,WE_172,17,Edapally,22:32:02,22:32:32
R1,WE_172,18,Pathadipalam,22:34:24,22:34:44
R1,WE_172,19,Cochin University,22:36:22,22:36:52
R1,WE_172,20,Kalamassery,22:38:41,22:39:01
R1,WE_172,21,Muttom,22:41:29,22:41:59
R1,WE_172,22,Ambattukavu,22:43:26,22:43:46
R1,WE_172,23,Companypady,22:45:14,22:45:34
R1,WE_172,24,Pulinchodu,22:46:59,22:47:19
R1,WE_172,25,Aluva,22:49:19,22:49:19
R1,WE_173,1,Aluva,22:49:19,22:50:49
R1,WE_173,2,Pulinchodu,22:52:49,22:53:04
R1,WE_173,3,Companypady,22:54:31,22:54:46
R1,WE_173,4,Ambattukavu,22:56:12,22:56:27
R1,WE_173,5,Muttom,22:57:53,22:57:53
R1,WE_174,1,Tripunithura,22:08:23,22:15:00
R1,WE_174,2,SN Junction,22:16:42,22:17:02
R1,WE_174,3,Vadakkekotta,22:18:20,22:18:40
R1,WE_174,4,Pettah,22:20:48,22:21:08
R1,WE_174,5,Thykoodam,22:23:01,22:23:21
R1,WE_174,6,Vyttila,22:24:55,22:25:15
R1,WE_174,7,Elamkulam,22:27:21,22:27:41
R1,WE_174,8,Kadavanthra,22:29:22,22:29:42
R1,WE_174,9,Ernakulam South,22:31:52,22:32:22
R1,WE_174,10,Maharajas College,22:34:16,22:34:36
R1,WE_174,11,MG Road,22:36:16,22:36:46
R1,WE_174,12,Town Hall,22:38:33,22:38:53
R1,WE_174,13,Kaloor,22:39:53,22:40:13
R1,WE_174,14,JLN Stadium,22:41:45,22:42:05
R1,WE_174,15,Palarivattom,22:43:44,22:44:04
R1,WE_174,16,Changampuzha Park,22:45:35,22:45:55
R1,WE_174,17,Edapally,22:47:41,22:48:11
R1,WE_174,18,Pathadipalam,22:50:03,22:50:23
R1,WE_174,19,Cochin University,22:52:01,22:52:31
R1,WE_174,20,Kalamassery,22:54:20,22:54:40
R1,WE_174,21,Muttom,22:57:08,22:57:38
R1,WE_174,22,Ambattukavu,22:59:05,22:59:25
R1,WE_174,23,Companypady,23:00:53,23:01:13
R1,WE_174,24,Pulinchodu,23:02:38,23:02:58
R1,WE_174,25,Aluva,23:04:58,23:04:58
R1,WE_175,1,Tripunithura,22:22:23,22:30:00
R1,WE_175,2,SN Junction,22:31:42,22:32:02
R1,WE_175,3,Vadakkekotta,22:33:20,22:33:40
R1,WE_175,4,Pettah,22:35:48,22:36:08
R1,WE_175,5,Thykoodam,22:38:01,22:38:21
R1,WE_175,6,Vyttila,22:39:55,22:40:15
R1,WE_175,7,Elamkulam,22:42:21,22:42:41
R1,WE_175,8,Kadavanthra,22:44:22,22:44:42
R1,WE_175,9,Ernakulam South,22:46:52,22:47:22
R1,WE_175,10,Maharajas College,22:49:16,22:49:56
R1,WE_175,11,MG Road,22:51:36,22:52:06
R1,WE_175,12,Town Hall,22:53:53,22:54:13
R1,WE_175,13,Kaloor,22:55:13,22:55:33
R1,WE_175,14,JLN Stadium,22:57:05,22:57:25
R1,WE_175,15,Palarivattom,22:59:04,22:59:24
R1,WE_175,16,Changampuzha Park,23:00:55,23:01:15
R1,WE_175,17,Edapally,23:03:01,23:03:51
R1,WE_175,18,Pathadipalam,23:05:43,23:06:03
R1,WE_175,19,Cochin University,23:07:41,23:08:11
R1,WE_175,20,Kalamassery,23:10:00,23:10:20
R1,WE_175,21,Muttom,23:12:48,23:13:18
R1,WE_175,22,Ambattukavu,23:14:45,23:15:15
R1,WE_175,23,Companypady,23:16:43,23:17:23
R1,WE_175,24,Pulinchodu,23:18:48,23:19:08
R1,WE_175,25,Aluva,23:21:08,23:21:08
R1,WE_177,1,Aluva,08:32:50,08:39:00
R1,WE_177,2,Pulinchodu,08:41:00,08:41:30
R1,WE_177,3,Companypady,08:42:57,08:43:27
R1,WE_177,4,Ambattukavu,08:44:53,08:45:23
R1,WE_177,5,Muttom,08:46:49,08:47:19
R1,WE_177,6,Kalamassery,08:49:45,08:50:15
R1,WE_177,7,Cochin University,08:52:04,08:52:34
R1,WE_177,8,Pathadipalam,08:54:18,08:54:48
R1,WE_177,9,Edapally,08:56:40,08:57:10
R1,WE_177,10,Changampuzha Park,08:59:02,08:59:32
R1,WE_177,11,Palarivattom,09:01:04,09:01:34
R1,WE_177,12,JLN Stadium,09:03:19,09:03:49
R1,WE_177,13,Kaloor,09:05:18,09:05:48
R1,WE_177,14,Town Hall,09:06:45,09:07:15
R1,WE_177,15,MG Road,09:09:13,09:09:43
R1,WE_177,16,Maharajas College,09:11:23,09:11:53
R1,WE_177,17,Ernakulam South,09:13:46,09:14:16
R1,WE_177,18,Kadavanthra,09:16:19,09:16:49
R1,WE_177,19,Elamkulam,09:18:36,09:19:06
R1,WE_177,20,Vyttila,09:21:08,09:21:38
R1,WE_177,21,Thykoodam,09:23:18,09:23:48
R1,WE_177,22,Pettah,09:25:46,09:26:16
R1,WE_177,23,Vadakkekotta,09:28:17,09:28:47
R1,WE_177,24,SN Junction,09:30:05,09:30:35
R1,WE_177,25,Tripunithura,09:32:38,09:32:38
R1,WE_178,1,Aluva,08:42:58,08:52:00
R1,WE_178,2,Pulinchodu,08:54:00,08:54:20
R1,WE_178,3,Companypady,08:55:47,08:56:07
R1,WE_178,4,Ambattukavu,08:57:33,08:57:53
R1,WE_178,5,Muttom,08:59:19,08:59:49
R1,WE_178,6,Kalamassery,09:02:15,09:02:35
R1,WE_178,7,Cochin University,09:04:24,09:04:44
R1,WE_178,8,Pathadipalam,09:06:28,09:06:58
R1,WE_178,9,Edapally,09:08:50,09:09:20
R1,WE_178,10,Changampuzha Park,09:11:12,09:11:32
R1,WE_178,11,Palarivattom,09:13:04,09:13:24
R1,WE_178,12,JLN Stadium,09:15:09,09:15:29
R1,WE_178,13,Kaloor,09:16:58,09:17:18
R1,WE_178,14,Town Hall,09:18:15,09:18:35
R1,WE_178,15,MG Road,09:20:33,09:21:03
R1,WE_178,16,Maharajas College,09:22:43,09:23:03
R1,WE_178,17,Ernakulam South,09:24:56,09:25:26
R1,WE_178,18,Kadavanthra,09:27:29,09:27:49
R1,WE_178,19,Elamkulam,09:29:36,09:29:56
R1,WE_178,20,Vyttila,09:31:58,09:32:18
R1,WE_178,21,Thykoodam,09:33:58,09:34:18
R1,WE_178,22,Pettah,09:36:16,09:36:36
R1,WE_178,23,Vadakkekotta,09:38:37,09:38:57
R1,WE_178,24,SN Junction,09:40:15,09:40:35
R1,WE_178,25,Tripunithura,09:42:38,09:42:38
R1,WE_179,1,Aluva,08:57:58,09:05:30
R1,WE_179,2,Pulinchodu,09:07:30,09:08:00
R1,WE_179,3,Companypady,09:09:27,09:09:57
R1,WE_179,4,Ambattukavu,09:11:23,09:11:53
R1,WE_179,5,Muttom,09:13:19,09:13:49
R1,WE_179,6,Kalamassery,09:16:15,09:16:45
R1,WE_179,7,Cochin University,09:18:34,09:19:04
R1,WE_179,8,Pathadipalam,09:20:48,09:21:18
R1,WE_179,9,Edapally,09:23:10,09:23:40
R1,WE_179,10,Changampuzha Park,09:25:32,09:26:02
R1,WE_179,11,Palarivattom,09:27:34,09:28:04
R1,WE_179,12,JLN Stadium,09:29:49,09:30:19
R1,WE_179,13,Kaloor,09:31:48,09:32:18
R1,WE_179,14,Town Hall,09:33:15,09:33:45
R1,WE_179,15,MG Road,09:35:43,09:36:13
R1,WE_179,16,Maharajas College,09:37:53,09:38:23
R1,WE_179,17,Ernakulam South,09:40:16,09:40:46
R1,WE_179,18,Kadavanthra,09:42:49,09:43:19
R1,WE_179,19,Elamkulam,09:45:06,09:45:36
R1,WE_179,20,Vyttila,09:47:38,09:48:08
R1,WE_179,21,Thykoodam,09:49:48,09:50:18
R1,WE_179,22,Pettah,09:52:16,09:52:46
R1,WE_179,23,Vadakkekotta,09:54:47,09:55:17
R1,WE_179,24,SN Junction,09:56:35,09:57:05
R1,WE_179,25,Tripunithura,09:59:08,09:59:08
R1,WE_18,1,Aluva,11:50:54,11:55:20
R1,WE_18,2,Pulinchodu,11:57:20,11:57:40
R1,WE_18,3,Companypady,11:59:07,11:59:27
R1,WE_18,4,Ambattukavu,12:00:53,12:01:13
R1,WE_18,5,Muttom,12:02:39,12:03:09
R1,WE_18,6,Kalamassery,12:05:35,12:05:55
R1,WE_18,7,Cochin University,12:07:44,12:08:04
R1,WE_18,8,Pathadipalam,12:09:48,12:10:18
R1,WE_18,9,Edapally,12:12:10,12:12:40
R1,WE_18,10,Changampuzha Park,12:14:32,12:14:52
R1,WE_18,11,Palarivattom,12:16:24,12:16:44
R1,WE_18,12,JLN Stadium,12:18:29,12:18:49
R1,WE_18,13,Kaloor,12:20:18,12:20:38
R1,WE_18,14,Town Hall,12:21:35,12:21:55
R1,WE_18,15,MG Road,12:23:53,12:24:23
R1,WE_18,16,Maharajas College,12:26:03,12:26:23
R1,WE_18,17,Ernakulam South,12:28:16,12:28:46
R1,WE_18,18,Kadavanthra,12:30:49,12:31:09
R1,WE_18,19,Elamkulam,12:32:56,12:33:16
R1,WE_18,20,Vyttila,12:35:18,12:35:38
R1,WE_18,21,Thykoodam,12:37:18,12:37:38
R1,WE_18,22,Pettah,12:39:36,12:39:56
R1,WE_18,23,Vadakkekotta,12:41:57,12:42:17
R1,WE_18,24,SN Junction,12:43:35,12:43:55
R1,WE_18,25,Tripunithura,12:45:58,12:45:58
R1,WE_180,1,Aluva,09:10:05,09:17:30
R1,WE_180,2,Pulinchodu,09:19:30,09:19:50
R1,WE_180,3,Companypady,09:21:17,09:21:37
R1,WE_180,4,Ambattukavu,09:23:03,09:23:23
R1,WE_180,5,Muttom,09:24:49,09:25:19
R1,WE_180,6,Kalamassery,09:27:45,09:28:05
R1,WE_180,7,Cochin University,09:29:54,09:30:14
R1,WE_180,8,Pathadipalam,09:31:58,09:32:28
R1,WE_180,9,Edapally,09:34:20,09:34:50
R1,WE_180,10,Changampuzha Park,09:36:42,09:37:02
R1,WE_180,11,Palarivattom,09:38:34,09:38:54
R1,WE_180,12,JLN Stadium,09:40:39,09:40:59
R1,WE_180,13,Kaloor,09:42:28,09:42:48
R1,WE_180,14,Town Hall,09:43:45,09:44:05
R1,WE_180,15,MG Road,09:46:03,09:46:33
R1,WE_180,16,Maharajas College,09:48:13,09:48:33
R1,WE_180,17,Ernakulam South,09:50:26,09:50:56
R1,WE_180,18,Kadavanthra,09:52:59,09:53:19
R1,WE_180,19,Elamkulam,09:55:06,09:55:26
R1,WE_180,20,Vyttila,09:57:28,09:57:48
R1,WE_180,21,Thykoodam,09:59:28,09:59:48
R1,WE_180,22,Pettah,10:01:46,10:02:06
R1,WE_180,23,Vadakkekotta,10:04:07,10:04:27
R1,WE_180,24,SN Junction,10:05:45,10:06:05
R1,WE_180,25,Tripunithura,10:08:08,10:08:08
R1,WE_181,1,Tripunithura,07:22:05,07:30:00
R1,WE_181,2,SN Junction,07:31:32,07:31:57
R1,WE_181,3,Vadakkekotta,07:33:07,07:33:57
R1,WE_181,4,Pettah,07:36:05,07:36:55
R1,WE_181,5,Thykoodam,07:38:48,07:39:23
R1,WE_181,6,Vyttila,07:40:57,07:41:47
R1,WE_181,7,Elamkulam,07:43:53,07:44:43
R1,WE_181,8,Kadavanthra,07:46:24,07:47:14
R1,WE_181,9,Ernakulam South,07:49:24,07:49:54
R1,WE_181,10,Maharajas College,07:51:48,07:52:08
R1,WE_181,11,MG Road,07:53:48,07:54:18
R1,WE_181,12,Town Hall,07:56:05,07:56:25
R1,WE_181,13,Kaloor,07:57:25,07:57:45
R1,WE_181,14,JLN Stadium,07:59:17,07:59:37
R1,WE_181,15,Palarivattom,08:01:16,08:01:36
R1,WE_181,16,Changampuzha Park,08:03:02,08:03:22
R1,WE_181,17,Edapally,08:05:05,08:05:35
R1,WE_181,18,Pathadipalam,08:07:20,08:07:40
R1,WE_181,19,Cochin University,08:09:16,08:09:46
R1,WE_181,20,Kalamassery,08:11:28,08:11:48
R1,WE_181,21,Muttom,08:14:07,08:14:37
R1,WE_181,22,Ambattukavu,08:16:02,08:16:22
R1,WE_181,23,Companypady,08:17:45,08:18:05
R1,WE_181,24,Pulinchodu,08:19:27,08:19:47
R1,WE_181,25,Aluva,08:21:47,08:21:47
R1,WE_182,1,Muttom,06:29:30,06:30:00
R1,WE_182,2,Kalamassery,06:32:37,06:33:27
R1,WE_182,3,Cochin University,06:35:16,06:36:06
R1,WE_182,4,Pathadipalam,06:37:50,06:38:40
R1,WE_182,5,Edapally,06:40:32,06:41:22
R1,WE_182,6,Changampuzha Park,06:43:14,06:44:04
R1,WE_182,7,Palarivattom,06:45:37,06:46:27
R1,WE_182,8,JLN Stadium,06:48:12,06:49:02
R1,WE_182,9,Kaloor,06:50:32,06:51:22
R1,WE_182,10,Town Hall,06:52:20,06:53:10
R1,WE_182,11,MG Road,06:55:08,06:55:58
R1,WE_182,12,Maharajas College,06:57:38,06:58:28
R1,WE_182,13,Ernakulam South,07:00:25,07:01:15
R1,WE_182,14,Kadavanthra,07:03:22,07:04:12
R1,WE_182,15,Elamkulam,07:05:59,07:06:49
R1,WE_182,16,Vyttila,07:08:51,07:09:41
R1,WE_182,17,Thykoodam,07:11:21,07:12:11
R1,WE_182,18,Pettah,07:14:09,07:14:59
R1,WE_182,19,Vadakkekotta,07:17:04,07:17:54
R1,WE_182,20,SN Junction,07:19:12,07:20:02
R1,WE_182,21,Tripunithura,07:22:05,07:22:05
R1,WE_183,1,Aluva,08:21:47,08:25:00
R1,WE_183,2,Pulinchodu,08:26:56,08:27:21
R1,WE_183,3,Companypady,08:28:40,08:29:05
R1,WE_183,4,Ambattukavu,08:30:25,08:30:50
R1,WE_183,5,Muttom,08:32:10,08:32:35
R1,WE_183,6,Kalamassery,08:34:46,08:35:11
R1,WE_183,7,Cochin University,08:36:50,08:37:15
R1,WE_183,8,Pathadipalam,08:38:48,08:39:13
R1,WE_183,9,Edapally,08:40:51,08:41:16
R1,WE_183,10,Changampuzha Park,08:42:56,08:43:21
R1,WE_183,11,Palarivattom,08:44:46,08:45:11
R1,WE_183,12,JLN Stadium,08:46:44,08:47:09
R1,WE_183,13,Kaloor,08:48:31,08:48:56
R1,WE_183,14,Town Hall,08:49:48,08:50:13
R1,WE_183,15,MG Road,08:51:58,08:52:23
R1,WE_183,16,Maharajas College,08:53:53,08:54:18
R1,WE_183,17,Ernakulam South,08:56:02,08:56:27
R1,WE_183,18,Kadavanthra,08:58:21,08:58:46
R1,WE_183,19,Elamkulam,09:00:23,09:00:48
R1,WE_183,20,Vyttila,09:02:41,09:03:06
R1,WE_183,21,Thykoodam,09:04:35,09:05:00
R1,WE_183,22,Pettah,09:06:42,09:07:07
R1,WE_183,23,Vadakkekotta,09:08:59,09:09:24
R1,WE_183,24,SN Junction,09:10:34,09:10:59
R1,WE_183,25,Tripunithura,09:12:48,09:12:48
R1,WE_184,1,Tripunithura,07:46:40,07:50:00
R1,WE_184,2,SN Junction,07:51:42,07:52:12
R1,WE_184,3,Vadakkekotta,07:53:30,07:54:00
R1,WE_184,4,Pettah,07:56:08,07:56:38
R1,WE_184,5,Thykoodam,07:58:31,07:59:01
R1,WE_184,6,Vyttila,08:00:35,08:01:05
R1,WE_184,7,Elamkulam,08:03:11,08:03:41
R1,WE_184,8,Kadavanthra,08:05:22,08:05:52
R1,WE_184,9,Ernakulam South,08:08:02,08:08:32
R1,WE_184,10,Maharajas College,08:10:26,08:10:56
R1,WE_184,11,MG Road,08:12:36,08:13:06
R1,WE_184,12,Town Hall,08:14:53,08:15:23
R1,WE_184,13,Kaloor,08:16:23,08:16:53
R1,WE_184,14,JLN Stadium,08:18:25,08:18:55
R1,WE_184,15,Palarivattom,08:20:34,08:21:04
R1,WE_184,16,Changampuzha Park,08:22:35,08:23:05
R1,WE_184,17,Edapally,08:24:51,08:25:21
R1,WE_184,18,Pathadipalam,08:27:13,08:27:43
R1,WE_184,19,Cochin University,08:29:21,08:29:51
R1,WE_184,20,Kalamassery,08:31:40,08:32:10
R1,WE_184,21,Muttom,08:34:38,08:35:08
R1,WE_184,22,Ambattukavu,08:36:35,08:37:05
R1,WE_184,23,Companypady,08:38:33,08:39:03
R1,WE_184,24,Pulinchodu,08:40:28,08:40:58
R1,WE_184,25,Aluva,08:42:58,08:42:58
R1,WE_185,1,Muttom,07:04:30,07:05:00
R1,WE_185,2,Kalamassery,07:07:26,07:07:51
R1,WE_185,3,Cochin University,07:09:40,07:10:05
R1,WE_185,4,Pathadipalam,07:11:49,07:12:14
R1,WE_185,5,Edapally,07:14:06,07:14:31
R1,WE_185,6,Changampuzha Park,07:16:23,07:16:48
R1,WE_185,7,Palarivattom,07:18:20,07:18:45
R1,WE_185,8,JLN Stadium,07:20:30,07:20:55
R1,WE_185,9,Kaloor,07:22:24,07:22:49
R1,WE_185,10,Town Hall,07:23:46,07:24:11
R1,WE_185,11,MG Road,07:26:09,07:26:34
R1,WE_185,12,Maharajas College,07:28:04,07:28:29
R1,WE_185,13,Ernakulam South,07:30:13,07:30:35
R1,WE_185,14,Kadavanthra,07:32:29,07:32:49
R1,WE_185,15,Elamkulam,07:34:26,07:34:46
R1,WE_185,16,Vyttila,07:36:39,07:36:59
R1,WE_185,17,Thykoodam,07:38:28,07:38:53
R1,WE_185,18,Pettah,07:40:35,07:40:59
R1,WE_185,19,Vadakkekotta,07:42:51,07:43:16
R1,WE_185,20,SN Junction,07:44:26,07:44:51
R1,WE_185,21,Tripunithura,07:46:40,07:46:40
R1,WE_186,1,Aluva,07:29:30,07:30:00
R1,WE_186,2,Pulinchodu,07:32:00,07:32:50
R1,WE_186,3,Companypady,07:34:17,07:35:07
R1,WE_186,4,Ambattukavu,07:36:34,07:37:24
R1,WE_186,5,Muttom,07:38:53,07:39:43
R1,WE_186,6,Kalamassery,07:42:09,07:42:59
R1,WE_186,7,Cochin University,07:44:48,07:45:28
R1,WE_186,8,Pathadipalam,07:47:12,07:48:02
R1,WE_186,9,Edapally,07:49:54,07:50:44
R1,WE_186,10,Changampuzha Park,07:52:36,07:53:06
R1,WE_186,11,Palarivattom,07:54:39,07:55:09
R1,WE_186,12,JLN Stadium,07:56:54,07:57:24
R1,WE_186,13,Kaloor,07:58:54,07:59:44
R1,WE_186,14,Town Hall,08:00:42,08:01:32
R1,WE_186,15,MG Road,08:03:30,08:04:00
R1,WE_186,16,Maharajas College,08:05:40,08:06:10
R1,WE_186,17,Ernakulam South,08:08:07,08:08:37
R1,WE_186,18,Kadavanthra,08:10:44,08:11:14
R1,WE_186,19,Elamkulam,08:13:01,08:13:51
R1,WE_186,20,Vyttila,08:15:53,08:16:43
R1,WE_186,21,Thykoodam,08:18:23,08:19:13
R1,WE_186,22,Pettah,08:21:11,08:21:41
R1,WE_186,23,Vadakkekotta,08:23:46,08:24:16
R1,WE_186,24,SN Junction,08:25:34,08:26:04
R1,WE_186,25,Tripunithura,08:28:07,08:28:07
R1,WE_187,1,Tripunithura,08:28:07,08:35:00
R1,WE_187,2,SN Junction,08:36:42,08:37:02
R1,WE_187,3,Vadakkekotta,08:38:20,08:38:40
R1,WE_187,4,Pettah,08:40:48,08:41:08
R1,WE_187,5,Thykoodam,08:43:01,08:43:21
R1,WE_187,6,Vyttila,08:44:55,08:45:15
R1,WE_187,7,Elamkulam,08:47:21,08:47:41
R1,WE_187,8,Kadavanthra,08:49:22,08:49:42
R1,WE_187,9,Ernakulam South,08:51:52,08:52:22
R1,WE_187,10,Maharajas College,08:54:16,08:54:36
R1,WE_187,11,MG Road,08:56:16,08:56:46
R1,WE_187,12,Town Hall,08:58:33,08:58:53
R1,WE_187,13,Kaloor,08:59:53,09:00:13
R1,WE_187,14,JLN Stadium,09:01:45,09:02:05
R1,WE_187,15,Palarivattom,09:03:44,09:04:04
R1,WE_187,16,Changampuzha Park,09:05:35,09:05:55
R1,WE_187,17,Edapally,09:07:41,09:08:11
R1,WE_187,18,Pathadipalam,09:10:03,09:10:23
R1,WE_187,19,Cochin University,09:12:01,09:12:31
R1,WE_187,20,Kalamassery,09:14:20,09:14:40
R1,WE_187,21,Muttom,09:17:08,09:17:38
R1,WE_187,22,Ambattukavu,09:19:05,09:19:25
R1,WE_187,23,Companypady,09:20:53,09:21:13
R1,WE_187,24,Pulinchodu,09:22:38,09:22:58
R1,WE_187,25,Aluva,09:24:58,09:24:58
R1,WE_188,1,Aluva,07:49:30,07:50:00
R1,WE_188,2,Pulinchodu,07:52:00,07:52:20
R1,WE_188,3,Companypady,07:53:47,07:54:07
R1,WE_188,4,Ambattukavu,07:55:33,07:55:53
R1,WE_188,5,Muttom,07:57:19,07:57:49
R1,WE_188,6,Kalamassery,08:00:15,08:00:35
R1,WE_188,7,Cochin University,08:02:24,08:02:44
R1,WE_188,8,Pathadipalam,08:04:28,08:04:58
R1,WE_188,9,Edapally,08:06:50,08:07:20
R1,WE_188,10,Changampuzha Park,08:09:12,08:09:32
R1,WE_188,11,Palarivattom,08:11:04,08:11:24
R1,WE_188,12,JLN Stadium,08:13:09,08:13:29
R1,WE_188,13,Kaloor,08:14:58,08:15:18
R1,WE_188,14,Town Hall,08:16:15,08:16:35
R1,WE_188,15,MG Road,08:18:33,08:19:03
R1,WE_188,16,Maharajas College,08:20:43,08:21:03
R1,WE_188,17,Ernakulam South,08:22:56,08:23:26
R1,WE_188,18,Kadavanthra,08:25:29,08:25:49
R1,WE_188,19,Elamkulam,08:27:36,08:27:56
R1,WE_188,20,Vyttila,08:29:58,08:30:18
R1,WE_188,21,Thykoodam,08:31:58,08:32:18
R1,WE_188,22,Pettah,08:34:16,08:34:36
R1,WE_188,23,Vadakkekotta,08:36:37,08:36:57
R1,WE_188,24,SN Junction,08:38:15,08:38:35
R1,WE_188,25,Tripunithura,08:40:38,08:40:38
R1,WE_189,1,Muttom,08:24:30,08:25:00
R1,WE_189,2,Ambattukavu,08:26:27,08:26:57
R1,WE_189,3,Companypady,08:28:25,08:28:55
R1,WE_189,4,Pulinchodu,08:30:20,08:30:50
R1,WE_189,5,Aluva,08:32:50,08:32:50
R1,WE_19,1,Aluva,10:07:58,10:15:25
R1,WE_19,2,Pulinchodu,10:17:25,10:17:45
R1,WE_19,3,Companypady,10:19:12,10:19:32
R1,WE_19,4,Ambattukavu,10:20:58,10:21:18
R1,WE_19,5,Muttom,10:22:44,10:23:14
R1,WE_19,6,Kalamassery,10:25:40,10:26:00
R1,WE_19,7,Cochin University,10:27:49,10:28:09
R1,WE_19,8,Pathadipalam,10:29:53,10:30:23
R1,WE_19,9,Edapally,10:32:15,10:32:45
R1,WE_19,10,Changampuzha Park,10:34:37,10:34:57
R1,WE_19,11,Palarivattom,10:36:29,10:36:49
R1,WE_19,12,JLN Stadium,10:38:34,10:38:54
R1,WE_19,13,Kaloor,10:40:23,10:40:43
R1,WE_19,14,Town Hall,10:41:40,10:42:00
R1,WE_19,15,MG Road,10:43:58,10:44:28
R1,WE_19,16,Maharajas College,10:46:08,10:46:28
R1,WE_19,17,Ernakulam South,10:48:21,10:48:51
R1,WE_19,18,Kadavanthra,10:50:54,10:51:14
R1,WE_19,19,Elamkulam,10:53:01,10:53:21
R1,WE_19,20,Vyttila,10:55:23,10:55:43
R1,WE_19,21,Thykoodam,10:57:23,10:57:43
R1,WE_19,22,Pettah,10:59:41,11:00:01
R1,WE_19,23,Vadakkekotta,11:02:02,11:02:22
R1,WE_19,24,SN Junction,11:03:40,11:04:00
R1,WE_19,25,Tripunithura,11:06:03,11:06:03
R1,WE_190,1,Tripunithura,08:04:30,08:05:00
R1,WE_190,2,SN Junction,08:06:42,08:07:12
R1,WE_190,3,Vadakkekotta,08:08:30,08:09:00
R1,WE_190,4,Pettah,08:11:08,08:11:38
R1,WE_190,5,Thykoodam,08:13:31,08:14:01
R1,WE_190,6,Vyttila,08:15:35,08:16:05
R1,WE_190,7,Elamkulam,08:18:11,08:18:41
R1,WE_190,8,Kadavanthra,08:20:22,08:20:52
R1,WE_190,9,Ernakulam South,08:23:02,08:23:32
R1,WE_190,10,Maharajas College,08:25:26,08:25:56
R1,WE_190,11,MG Road,08:27:36,08:28:06
R1,WE_190,12,Town Hall,08:29:53,08:30:23
R1,WE_190,13,Kaloor,08:31:23,08:31:53
R1,WE_190,14,JLN Stadium,08:33:25,08:33:55
R1,WE_190,15,Palarivattom,08:35:34,08:36:04
R1,WE_190,16,Changampuzha Park,08:37:35,08:38:05
R1,WE_190,17,Edapally,08:39:51,08:40:21
R1,WE_190,18,Pathadipalam,08:42:13,08:42:43
R1,WE_190,19,Cochin University,08:44:21,08:44:51
R1,WE_190,20,Kalamassery,08:46:40,08:47:10
R1,WE_190,21,Muttom,08:49:38,08:50:08
R1,WE_190,22,Ambattukavu,08:51:35,08:52:05
R1,WE_190,23,Companypady,08:53:33,08:54:03
R1,WE_190,24,Pulinchodu,08:55:28,08:55:58
R1,WE_190,25,Aluva,08:57:58,08:57:58
R1,WE_191,1,Tripunithura,08:19:30,08:20:00
R1,WE_191,2,SN Junction,08:21:49,08:22:09
R1,WE_191,3,Vadakkekotta,08:23:27,08:23:47
R1,WE_191,4,Pettah,08:25:55,08:26:15
R1,WE_191,5,Thykoodam,08:28:08,08:28:28
R1,WE_191,6,Vyttila,08:30:02,08:30:22
R1,WE_191,7,Elamkulam,08:32:28,08:32:48
R1,WE_191,8,Kadavanthra,08:34:29,08:34:49
R1,WE_191,9,Ernakulam South,08:36:59,08:37:29
R1,WE_191,10,Maharajas College,08:39:23,08:39:43
R1,WE_191,11,MG Road,08:41:23,08:41:53
R1,WE_191,12,Town Hall,08:43:40,08:44:00
R1,WE_191,13,Kaloor,08:45:00,08:45:20
R1,WE_191,14,JLN Stadium,08:46:52,08:47:12
R1,WE_191,15,Palarivattom,08:48:51,08:49:11
R1,WE_191,16,Changampuzha Park,08:50:42,08:51:02
R1,WE_191,17,Edapally,08:52:48,08:53:18
R1,WE_191,18,Pathadipalam,08:55:10,08:55:30
R1,WE_191,19,Cochin University,08:57:08,08:57:38
R1,WE_191,20,Kalamassery,08:59:27,08:59:47
R1,WE_191,21,Muttom,09:02:15,09:02:45
R1,WE_191,22,Ambattukavu,09:04:12,09:04:32
R1,WE_191,23,Companypady,09:06:00,09:06:20
R1,WE_191,24,Pulinchodu,09:07:45,09:08:05
R1,WE_191,25,Aluva,09:10:05,09:10:05
R1,WE_192,1,Aluva,09:24:58,09:30:00
R1,WE_192,2,Pulinchodu,09:32:00,09:32:20
R1,WE_192,3,Companypady,09:33:47,09:34:07
R1,WE_192,4,Ambattukavu,09:35:33,09:35:53
R1,WE_192,5,Muttom,09:37:19,09:37:49
R1,WE_192,6,Kalamassery,09:40:15,09:40:35
R1,WE_192,7,Cochin University,09:42:24,09:42:44
R1,WE_192,8,Pathadipalam,09:44:28,09:44:58
R1,WE_192,9,Edapally,09:46:50,09:47:20
R1,WE_192,10,Changampuzha Park,09:49:12,09:49:32
R1,WE_192,11,Palarivattom,09:51:04,09:51:24
R1,WE_192,12,JLN Stadium,09:53:09,09:53:29
R1,WE_192,13,Kaloor,09:54:58,09:55:18
R1,WE_192,14,Town Hall,09:56:15,09:56:35
R1,WE_192,15,MG Road,09:58:33,09:59:03
R1,WE_192,16,Maharajas College,10:00:43,10:01:03
R1,WE_192,17,Ernakulam South,10:02:56,10:03:26
R1,WE_192,18,Kadavanthra,10:05:29,10:05:49
R1,WE_192,19,Elamkulam,10:07:36,10:07:56
R1,WE_192,20,Vyttila,10:09:58,10:10:18
R1,WE_192,21,Thykoodam,10:11:58,10:12:18
R1,WE_192,22,Pettah,10:14:16,10:14:36
R1,WE_192,23,Vadakkekotta,10:16:37,10:16:57
R1,WE_192,24,SN Junction,10:18:15,10:18:35
R1,WE_192,25,Tripunithura,10:20:38,10:20:38
R1,WE_193,1,Aluva,08:06:29,08:10:00
R1,WE_193,2,Pulinchodu,08:11:56,08:12:21
R1,WE_193,3,Companypady,08:13:40,08:14:05
R1,WE_193,4,Ambattukavu,08:15:25,08:15:50
R1,WE_193,5,Muttom,08:17:10,08:17:35
R1,WE_193,6,Kalamassery,08:19:46,08:20:11
R1,WE_193,7,Cochin University,08:21:50,08:22:15
R1,WE_193,8,Pathadipalam,08:23:48,08:24:13
R1,WE_193,9,Edapally,08:25:51,08:26:16
R1,WE_193,10,Changampuzha Park,08:27:56,08:28:21
R1,WE_193,11,Palarivattom,08:29:46,08:30:11
R1,WE_193,12,JLN Stadium,08:31:44,08:32:09
R1,WE_193,13,Kaloor,08:33:31,08:33:56
R1,WE_193,14,Town Hall,08:34:48,08:35:13
R1,WE_193,15,MG Road,08:36:58,08:37:23
R1,WE_193,16,Maharajas College,08:38:53,08:39:18
R1,WE_193,17,Ernakulam South,08:41:02,08:41:27
R1,WE_193,18,Kadavanthra,08:43:21,08:43:46
R1,WE_193,19,Elamkulam,08:45:23,08:45:48
R1,WE_193,20,Vyttila,08:47:41,08:48:06
R1,WE_193,21,Thykoodam,08:49:35,08:50:00
R1,WE_193,22,Pettah,08:51:42,08:52:07
R1,WE_193,23,Vadakkekotta,08:53:59,08:54:24
R1,WE_193,24,SN Junction,08:55:34,08:55:59
R1,WE_193,25,Tripunithura,08:57:48,08:57:48
R1,WE_194,1,Muttom,08:39:30,08:40:00
R1,WE_194,2,Kalamassery,08:42:26,08:42:51
R1,WE_194,3,Cochin University,08:44:40,08:45:05
R1,WE_194,4,Pathadipalam,08:46:49,08:47:14
R1,WE_194,5,Edapally,08:49:06,08:49:31
R1,WE_194,6,Changampuzha Park,08:51:23,08:51:48
R1,WE_194,7,Palarivattom,08:53:20,08:53:45
R1,WE_194,8,JLN Stadium,08:55:30,08:55:55
R1,WE_194,9,Kaloor,08:57:24,08:57:49
R1,WE_194,10,Town Hall,08:58:46,08:59:11
R1,WE_194,11,MG Road,09:01:09,09:01:34
R1,WE_194,12,Maharajas College,09:03:04,09:03:29
R1,WE_194,13,Ernakulam South,09:05:13,09:05:38
R1,WE_194,14,Kadavanthra,09:07:32,09:07:57
R1,WE_194,15,Elamkulam,09:09:34,09:09:59
R1,WE_194,16,Vyttila,09:11:52,09:12:17
R1,WE_194,17,Thykoodam,09:13:46,09:14:11
R1,WE_194,18,Pettah,09:15:53,09:16:18
R1,WE_194,19,Vadakkekotta,09:18:10,09:18:35
R1,WE_194,20,SN Junction,09:19:45,09:20:10
R1,WE_194,21,Tripunithura,09:21:59,09:21:59
R1,WE_195,1,Kadavanthra,07:19:20,07:27:00
R1,WE_195,2,Ernakulam South,07:29:10,07:30:00
R1,WE_195,3,Maharajas College,07:31:54,07:32:34
R1,WE_195,4,MG Road,07:34:14,07:34:44
R1,WE_195,5,Town Hall,07:36:31,07:36:59
R1,WE_195,6,Kaloor,07:37:59,07:38:39
R1,WE_195,7,JLN Stadium,07:40:11,07:40:51
R1,WE_195,8,Palarivattom,07:42:30,07:43:10
R1,WE_195,9,Changampuzha Park,07:44:41,07:45:26
R1,WE_195,10,Edapally,07:47:12,07:48:01
R1,WE_195,11,Pathadipalam,07:49:53,07:50:33
R1,WE_195,12,Cochin University,07:52:11,07:52:51
R1,WE_195,13,Kalamassery,07:54:40,07:55:20
R1,WE_195,14,Muttom,07:57:39,07:58:19
R1,WE_195,15,Ambattukavu,07:59:44,08:00:24
R1,WE_195,16,Companypady,08:01:47,08:02:27
R1,WE_195,17,Pulinchodu,08:03:49,08:04:29
R1,WE_195,18,Aluva,08:06:29,08:06:29
R1,WE_196,1,Muttom,06:49:30,06:50:00
R1,WE_196,2,Kalamassery,06:52:26,06:52:56
R1,WE_196,3,Cochin University,06:54:45,06:55:15
R1,WE_196,4,Pathadipalam,06:56:59,06:57:29
R1,WE_196,5,Edapally,06:59:21,06:59:51
R1,WE_196,6,Changampuzha Park,07:01:43,07:02:13
R1,WE_196,7,Palarivattom,07:03:45,07:04:15
R1,WE_196,8,JLN Stadium,07:06:00,07:06:30
R1,WE_196,9,Kaloor,07:07:59,07:08:29
R1,WE_196,10,Town Hall,07:09:26,07:09:56
R1,WE_196,11,MG Road,07:11:54,07:12:24
R1,WE_196,12,Maharajas College,07:14:04,07:14:34
R1,WE_196,13,Ernakulam South,07:16:27,07:16:57
R1,WE_196,14,Kadavanthra,07:19:20,07:19:20
R1,WE_2,1,Aluva,22:11:19,22:15:00
R1,WE_2,2,Pulinchodu,22:17:00,22:17:20
R1,WE_2,3,Companypady,22:18:47,22:19:07
R1,WE_2,4,Ambattukavu,22:20:33,22:20:53
R1,WE_2,5,Muttom,22:22:19,22:22:49
R1,WE_2,6,Kalamassery,22:25:15,22:25:35
R1,WE_2,7,Cochin University,22:27:24,22:27:44
R1,WE_2,8,Pathadipalam,22:29:28,22:29:58
R1,WE_2,9,Edapally,22:31:50,22:32:20
R1,WE_2,10,Changampuzha Park,22:34:12,22:34:32
R1,WE_2,11,Palarivattom,22:36:04,22:36:24
R1,WE_2,12,JLN Stadium,22:38:09,22:38:29
R1,WE_2,13,Kaloor,22:39:58,22:40:18
R1,WE_2,14,Town Hall,22:41:15,22:41:35
R1,WE_2,15,MG Road,22:43:33,22:44:03
R1,WE_2,16,Maharajas College,22:45:43,22:46:03
R1,WE_2,17,Ernakulam South,22:47:56,22:48:26
R1,WE_2,18,Kadavanthra,22:50:29,22:50:49
R1,WE_2,19,Elamkulam,22:52:36,22:52:56
R1,WE_2,20,Vyttila,22:54:58,22:55:18
R1,WE_2,21,Thykoodam,22:56:58,22:57:18
R1,WE_2,22,Pettah,22:59:16,22:59:36
R1,WE_2,23,Vadakkekotta,23:01:37,23:01:57
R1,WE_2,24,SN Junction,23:03:15,23:03:35
R1,WE_2,25,Tripunithura,23:05:19,23:05:19
R1,WE_20,1,Tripunithura,09:12:48,09:16:00
R1,WE_20,2,SN Junction,09:17:42,09:18:12
R1,WE_20,3,Vadakkekotta,09:19:30,09:20:00
R1,WE_20,4,Pettah,09:22:08,09:22:38
R1,WE_20,5,Thykoodam,09:24:31,09:25:01
R1,WE_20,6,Vyttila,09:26:35,09:27:05
R1,WE_20,7,Elamkulam,09:29:11,09:29:31
R1,WE_20,8,Kadavanthra,09:31:12,09:31:32
R1,WE_20,9,Ernakulam South,09:33:42,09:34:12
R1,WE_20,10,Maharajas College,09:36:06,09:36:26
R1,WE_20,11,MG Road,09:38:06,09:38:36
R1,WE_20,12,Town Hall,09:40:23,09:40:43
R1,WE_20,13,Kaloor,09:41:43,09:42:03
R1,WE_20,14,JLN Stadium,09:43:35,09:43:55
R1,WE_20,15,Palarivattom,09:45:34,09:46:04
R1,WE_20,16,Changampuzha Park,09:47:35,09:48:05
R1,WE_20,17,Edapally,09:49:51,09:50:21
R1,WE_20,18,Pathadipalam,09:52:13,09:52:43
R1,WE_20,19,Cochin University,09:54:21,09:54:51
R1,WE_20,20,Kalamassery,09:56:40,09:57:10
R1,WE_20,21,Muttom,09:59:38,10:00:08
R1,WE_20,22,Ambattukavu,10:01:35,10:02:05
R1,WE_20,23,Companypady,10:03:33,10:04:03
R1,WE_20,24,Pulinchodu,10:05:28,10:05:58
R1,WE_20,25,Aluva,10:07:58,10:07:58
R1,WE_21,1,Tripunithura,11:06:03,11:10:01
R1,WE_21,2,SN Junction,11:11:43,11:12:03
R1,WE_21,3,Vadakkekotta,11:13:21,11:13:41
R1,WE_21,4,Pettah,11:15:49,11:16:09
R1,WE_21,5,Thykoodam,11:18:02,11:18:22
R1,WE_21,6,Vyttila,11:19:56,11:20:16
R1,WE_21,7,Elamkulam,11:22:22,11:22:42
R1,WE_21,8,Kadavanthra,11:24:23,11:24:43
R1,WE_21,9,Ernakulam South,11:26:53,11:27:23
R1,WE_21,10,Maharajas College,11:29:17,11:29:37
R1,WE_21,11,MG Road,11:31:17,11:31:47
R1,WE_21,12,Town Hall,11:33:34,11:33:54
R1,WE_21,13,Kaloor,11:34:54,11:35:14
R1,WE_21,14,JLN Stadium,11:36:46,11:37:06
R1,WE_21,15,Palarivattom,11:38:45,11:39:05
R1,WE_21,16,Changampuzha Park,11:40:36,11:40:56
R1,WE_21,17,Edapally,11:42:42,11:43:12
R1,WE_21,18,Pathadipalam,11:45:04,11:45:24
R1,WE_21,19,Cochin University,11:47:02,11:47:32
R1,WE_21,20,Kalamassery,11:49:21,11:49:41
R1,WE_21,21,Muttom,11:52:09,11:52:39
R1,WE_21,22,Ambattukavu,11:54:06,11:54:26
R1,WE_21,23,Companypady,11:55:54,11:56:14
R1,WE_21,24,Pulinchodu,11:57:39,11:57:59
R1,WE_21,25,Aluva,11:59:59,11:59:59
R1,WE_22,1,Aluva,11:59:59,12:04:25
R1,WE_22,2,Pulinchodu,12:06:25,12:06:45
R1,WE_22,3,Companypady,12:08:12,12:08:32
R1,WE_22,4,Ambattukavu,12:09:58,12:10:18
R1,WE_22,5,Muttom,12:11:44,12:12:14
R1,WE_22,6,Kalamassery,12:14:40,12:15:00
R1,WE_22,7,Cochin University,12:16:49,12:17:09
R1,WE_22,8,Pathadipalam,12:18:53,12:19:23
R1,WE_22,9,Edapally,12:21:15,12:21:45
R1,WE_22,10,Changampuzha Park,12:23:37,12:23:57
R1,WE_22,11,Palarivattom,12:25:29,12:25:49
R1,WE_22,12,JLN Stadium,12:27:34,12:27:54
R1,WE_22,13,Kaloor,12:29:23,12:29:43
R1,WE_22,14,Town Hall,12:30:40,12:31:00
R1,WE_22,15,MG Road,12:32:58,12:33:28
R1,WE_22,16,Maharajas College,12:35:08,12:35:28
R1,WE_22,17,Ernakulam South,12:37:21,12:37:51
R1,WE_22,18,Kadavanthra,12:39:54,12:40:14
R1,WE_22,19,Elamkulam,12:42:01,12:42:21
R1,WE_22,20,Vyttila,12:44:23,12:44:43
R1,WE_22,21,Thykoodam,12:46:23,12:46:43
R1,WE_22,22,Pettah,12:48:41,12:49:01
R1,WE_22,23,Vadakkekotta,12:51:02,12:51:22
R1,WE_22,24,SN Junction,12:52:40,12:53:00
R1,WE_22,25,Tripunithura,12:55:03,12:55:03
R1,WE_23,1,Aluva,10:20:04,10:24:30
R1,WE_23,2,Pulinchodu,10:26:30,10:26:50
R1,WE_23,3,Companypady,10:28:17,10:28:37
R1,WE_23,4,Ambattukavu,10:30:03,10:30:23
R1,WE_23,5,Muttom,10:31:49,10:32:19
R1,WE_23,6,Kalamassery,10:34:45,10:35:05
R1,WE_23,7,Cochin University,10:36:54,10:37:14
R1,WE_23,8,Pathadipalam,10:38:58,10:39:28
R1,WE_23,9,Edapally,10:41:20,10:41:50
R1,WE_23,10,Changampuzha Park,10:43:42,10:44:02
R1,WE_23,11,Palarivattom,10:45:34,10:45:54
R1,WE_23,12,JLN Stadium,10:47:39,10:47:59
R1,WE_23,13,Kaloor,10:49:28,10:49:48
R1,WE_23,14,Town Hall,10:50:45,10:51:05
R1,WE_23,15,MG Road,10:53:03,10:53:33
R1,WE_23,16,Maharajas College,10:55:13,10:55:33
R1,WE_23,17,Ernakulam South,10:57:26,10:57:56
R1,WE_23,18,Kadavanthra,10:59:59,11:00:19
R1,WE_23,19,Elamkulam,11:02:06,11:02:26
R1,WE_23,20,Vyttila,11:04:28,11:04:48
R1,WE_23,21,Thykoodam,11:06:28,11:06:48
R1,WE_23,22,Pettah,11:08:46,11:09:06
R1,WE_23,23,Vadakkekotta,11:11:07,11:11:27
R1,WE_23,24,SN Junction,11:12:45,11:13:05
R1,WE_23,25,Tripunithura,11:15:08,11:15:08
R1,WE_24,1,Tripunithura,09:21:59,09:30:06
R1,WE_24,2,SN Junction,09:31:48,09:32:08
R1,WE_24,3,Vadakkekotta,09:33:26,09:33:46
R1,WE_24,4,Pettah,09:35:54,09:36:14
R1,WE_24,5,Thykoodam,09:38:07,09:38:27
R1,WE_24,6,Vyttila,09:40:01,09:40:21
R1,WE_24,7,Elamkulam,09:42:27,09:42:47
R1,WE_24,8,Kadavanthra,09:44:28,09:44:48
R1,WE_24,9,Ernakulam South,09:46:58,09:47:28
R1,WE_24,10,Maharajas College,09:49:22,09:49:42
R1,WE_24,11,MG Road,09:51:22,09:51:52
R1,WE_24,12,Town Hall,09:53:39,09:53:59
R1,WE_24,13,Kaloor,09:54:59,09:55:19
R1,WE_24,14,JLN Stadium,09:56:51,09:57:11
R1,WE_24,15,Palarivattom,09:58:50,09:59:10
R1,WE_24,16,Changampuzha Park,10:00:41,10:01:01
R1,WE_24,17,Edapally,10:02:47,10:03:17
R1,WE_24,18,Pathadipalam,10:05:09,10:05:29
R1,WE_24,19,Cochin University,10:07:07,10:07:37
R1,WE_24,20,Kalamassery,10:09:26,10:09:46
R1,WE_24,21,Muttom,10:12:14,10:12:44
R1,WE_24,22,Ambattukavu,10:14:11,10:14:31
R1,WE_24,23,Companypady,10:15:59,10:16:19
R1,WE_24,24,Pulinchodu,10:17:44,10:18:04
R1,WE_24,25,Aluva,10:20:04,10:20:04
R1,WE_25,1,Tripunithura,11:15:08,11:19:06
R1,WE_25,2,SN Junction,11:20:48,11:21:08
R1,WE_25,3,Vadakkekotta,11:22:26,11:22:46
R1,WE_25,4,Pettah,11:24:54,11:25:14
R1,WE_25,5,Thykoodam,11:27:07,11:27:27
R1,WE_25,6,Vyttila,11:29:01,11:29:21
R1,WE_25,7,Elamkulam,11:31:27,11:31:47
R1,WE_25,8,Kadavanthra,11:33:28,11:33:48
R1,WE_25,9,Ernakulam South,11:35:58,11:36:28
R1,WE_25,10,Maharajas College,11:38:22,11:38:42
R1,WE_25,11,MG Road,11:40:22,11:40:52
R1,WE_25,12,Town Hall,11:42:39,11:42:59
R1,WE_25,13,Kaloor,11:43:59,11:44:19
R1,WE_25,14,JLN Stadium,11:45:51,11:46:11
R1,WE_25,15,Palarivattom,11:47:50,11:48:10
R1,WE_25,16,Changampuzha Park,11:49:41,11:50:01
R1,WE_25,17,Edapally,11:51:47,11:52:17
R1,WE_25,18,Pathadipalam,11:54:09,11:54:29
R1,WE_25,19,Cochin University,11:56:07,11:56:37
R1,WE_25,20,Kalamassery,11:58:26,11:58:46
R1,WE_25,21,Muttom,12:01:14,12:01:44
R1,WE_25,22,Ambattukavu,12:03:11,12:03:31
R1,WE_25,23,Companypady,12:04:59,12:05:19
R1,WE_25,24,Pulinchodu,12:06:44,12:07:04
R1,WE_25,25,Aluva,12:09:04,12:09:04
R1,WE_26,1,Aluva,12:09:04,12:13:30
R1,WE_26,2,Pulinchodu,12:15:30,12:15:50
R1,WE_26,3,Companypady,12:17:17,12:17:37
R1,WE_26,4,Ambattukavu,12:19:03,12:19:23
R1,WE_26,5,Muttom,12:20:49,12:21:19
R1,WE_26,6,Kalamassery,12:23:45,12:24:05
R1,WE_26,7,Cochin University,12:25:54,12:26:14
R1,WE_26,8,Pathadipalam,12:27:58,12:28:28
R1,WE_26,9,Edapally,12:30:20,12:30:50
R1,WE_26,10,Changampuzha Park,12:32:42,12:33:02
R1,WE_26,11,Palarivattom,12:34:34,12:34:54
R1,WE_26,12,JLN Stadium,12:36:39,12:36:59
R1,WE_26,13,Kaloor,12:38:28,12:38:48
R1,WE_26,14,Town Hall,12:39:45,12:40:05
R1,WE_26,15,MG Road,12:42:03,12:42:33
R1,WE_26,16,Maharajas College,12:44:13,12:44:33
R1,WE_26,17,Ernakulam South,12:46:26,12:46:56
R1,WE_26,18,Kadavanthra,12:48:59,12:49:19
R1,WE_26,19,Elamkulam,12:51:06,12:51:26
R1,WE_26,20,Vyttila,12:53:28,12:53:48
R1,WE_26,21,Thykoodam,12:55:28,12:55:48
R1,WE_26,22,Pettah,12:57:46,12:58:06
R1,WE_26,23,Vadakkekotta,13:00:07,13:00:27
R1,WE_26,24,SN Junction,13:01:45,13:02:05
R1,WE_26,25,Tripunithura,13:04:08,13:04:08
R1,WE_27,1,Aluva,10:29:09,10:33:35
R1,WE_27,2,Pulinchodu,10:35:35,10:35:55
R1,WE_27,3,Companypady,10:37:22,10:37:42
R1,WE_27,4,Ambattukavu,10:39:08,10:39:28
R1,WE_27,5,Muttom,10:40:54,10:41:24
R1,WE_27,6,Kalamassery,10:43:50,10:44:10
R1,WE_27,7,Cochin University,10:45:59,10:46:19
R1,WE_27,8,Pathadipalam,10:48:03,10:48:33
R1,WE_27,9,Edapally,10:50:25,10:50:55
R1,WE_27,10,Changampuzha Park,10:52:47,10:53:07
R1,WE_27,11,Palarivattom,10:54:39,10:54:59
R1,WE_27,12,JLN Stadium,10:56:44,10:57:04
R1,WE_27,13,Kaloor,10:58:33,10:58:53
R1,WE_27,14,Town Hall,10:59:50,11:00:10
R1,WE_27,15,MG Road,11:02:08,11:02:38
R1,WE_27,16,Maharajas College,11:04:18,11:04:38
R1,WE_27,17,Ernakulam South,11:06:31,11:07:01
R1,WE_27,18,Kadavanthra,11:09:04,11:09:24
R1,WE_27,19,Elamkulam,11:11:11,11:11:31
R1,WE_27,20,Vyttila,11:13:33,11:13:53
R1,WE_27,21,Thykoodam,11:15:33,11:15:53
R1,WE_27,22,Pettah,11:17:51,11:18:11
R1,WE_27,23,Vadakkekotta,11:20:12,11:20:32
R1,WE_27,24,SN Junction,11:21:50,11:22:10
R1,WE_27,25,Tripunithura,11:24:13,11:24:13
R1,WE_28,1,Tripunithura,09:32:38,09:39:11
R1,WE_28,2,SN Junction,09:40:53,09:41:13
R1,WE_28,3,Vadakkekotta,09:42:31,09:42:51
R1,WE_28,4,Pettah,09:44:59,09:45:19
R1,WE_28,5,Thykoodam,09:47:12,09:47:32
R1,WE_28,6,Vyttila,09:49:06,09:49:26
R1,WE_28,7,Elamkulam,09:51:32,09:51:52
R1,WE_28,8,Kadavanthra,09:53:33,09:53:53
R1,WE_28,9,Ernakulam South,09:56:03,09:56:33
R1,WE_28,10,Maharajas College,09:58:27,09:58:47
R1,WE_28,11,MG Road,10:00:27,10:00:57
R1,WE_28,12,Town Hall,10:02:44,10:03:04
R1,WE_28,13,Kaloor,10:04:04,10:04:24
R1,WE_28,14,JLN Stadium,10:05:56,10:06:16
R1,WE_28,15,Palarivattom,10:07:55,10:08:15
R1,WE_28,16,Changampuzha Park,10:09:46,10:10:06
R1,WE_28,17,Edapally,10:11:52,10:12:22
R1,WE_28,18,Pathadipalam,10:14:14,10:14:34
R1,WE_28,19,Cochin University,10:16:12,10:16:42
R1,WE_28,20,Kalamassery,10:18:31,10:18:51
R1,WE_28,21,Muttom,10:21:19,10:21:49
R1,WE_28,22,Ambattukavu,10:23:16,10:23:36
R1,WE_28,23,Companypady,10:25:04,10:25:24
R1,WE_28,24,Pulinchodu,10:26:49,10:27:09
R1,WE_28,25,Aluva,10:29:09,10:29:09
R1,WE_29,1,Tripunithura,11:24:13,11:28:11
R1,WE_29,2,SN Junction,11:29:53,11:30:13
R1,WE_29,3,Vadakkekotta,11:31:31,11:31:51
R1,WE_29,4,Pettah,11:33:59,11:34:19
R1,WE_29,5,Thykoodam,11:36:12,11:36:32
R1,WE_29,6,Vyttila,11:38:06,11:38:26
R1,WE_29,7,Elamkulam,11:40:32,11:40:52
R1,WE_29,8,Kadavanthra,11:42:33,11:42:53
R1,WE_29,9,Ernakulam South,11:45:03,11:45:33
R1,WE_29,10,Maharajas College,11:47:27,11:47:47
R1,WE_29,11,MG Road,11:49:27,11:49:57
R1,WE_29,12,Town Hall,11:51:44,11:52:04
R1,WE_29,13,Kaloor,11:53:04,11:53:24
R1,WE_29,14,JLN Stadium,11:54:56,11:55:16
R1,WE_29,15,Palarivattom,11:56:55,11:57:15
R1,WE_29,16,Changampuzha Park,11:58:46,11:59:06
R1,WE_29,17,Edapally,12:00:52,12:01:22
R1,WE_29,18,Pathadipalam,12:03:14,12:03:34
R1,WE_29,19,Cochin University,12:05:12,12:05:42
R1,WE_29,20,Kalamassery,12:07:31,12:07:51
R1,WE_29,21,Muttom,12:10:19,12:10:49
R1,WE_29,22,Ambattukavu,12:12:16,12:12:36
R1,WE_29,23,Companypady,12:14:04,12:14:24
R1,WE_29,24,Pulinchodu,12:15:49,12:16:09
R1,WE_29,25,Aluva,12:18:09,12:18:09
R1,WE_3,1,Aluva,09:32:50,09:39:05
R1,WE_3,2,Pulinchodu,09:41:05,09:41:25
R1,WE_3,3,Companypady,09:42:52,09:43:12
R1,WE_3,4,Ambattukavu,09:44:38,09:44:58
R1,WE_3,5,Muttom,09:46:24,09:46:54
R1,WE_3,6,Kalamassery,09:49:20,09:49:40
R1,WE_3,7,Cochin University,09:51:29,09:51:49
R1,WE_3,8,Pathadipalam,09:53:33,09:54:03
R1,WE_3,9,Edapally,09:55:55,09:56:25
R1,WE_3,10,Changampuzha Park,09:58:17,09:58:37
R1,WE_3,11,Palarivattom,10:00:09,10:00:29
R1,WE_3,12,JLN Stadium,10:02:14,10:02:34
R1,WE_3,13,Kaloor,10:04:03,10:04:23
R1,WE_3,14,Town Hall,10:05:20,10:05:40
R1,WE_3,15,MG Road,10:07:38,10:08:08
R1,WE_3,16,Maharajas College,10:09:48,10:10:08
R1,WE_3,17,Ernakulam South,10:12:01,10:12:31
R1,WE_3,18,Kadavanthra,10:14:34,10:14:54
R1,WE_3,19,Elamkulam,10:16:41,10:17:01
R1,WE_3,20,Vyttila,10:19:03,10:19:23
R1,WE_3,21,Thykoodam,10:21:03,10:21:23
R1,WE_3,22,Pettah,10:23:21,10:23:41
R1,WE_3,23,Vadakkekotta,10:25:42,10:26:02
R1,WE_3,24,SN Junction,10:27:20,10:27:40
R1,WE_3,25,Tripunithura,10:29:43,10:29:43
R1,WE_30,1,Aluva,12:18:09,12:22:35
R1,WE_30,2,Pulinchodu,12:24:35,12:24:55
R1,WE_30,3,Companypady,12:26:22,12:26:42
R1,WE_30,4,Ambattukavu,12:28:08,12:28:28
R1,WE_30,5,Muttom,12:29:54,12:30:24
R1,WE_30,6,Kalamassery,12:32:50,12:33:10
R1,WE_30,7,Cochin University,12:34:59,12:35:19
R1,WE_30,8,Pathadipalam,12:37:03,12:37:33
R1,WE_30,9,Edapally,12:39:25,12:39:55
R1,WE_30,10,Changampuzha Park,12:41:47,12:42:07
R1,WE_30,11,Palarivattom,12:43:39,12:43:59
R1,WE_30,12,JLN Stadium,12:45:44,12:46:04
R1,WE_30,13,Kaloor,12:47:33,12:47:53
R1,WE_30,14,Town Hall,12:48:50,12:49:10
R1,WE_30,15,MG Road,12:51:08,12:51:38
R1,WE_30,16,Maharajas College,12:53:18,12:53:38
R1,WE_30,17,Ernakulam South,12:55:31,12:56:01
R1,WE_30,18,Kadavanthra,12:58:04,12:58:24
R1,WE_30,19,Elamkulam,13:00:11,13:00:31
R1,WE_30,20,Vyttila,13:02:33,13:02:53
R1,WE_30,21,Thykoodam,13:04:33,13:04:53
R1,WE_30,22,Pettah,13:06:51,13:07:11
R1,WE_30,23,Vadakkekotta,13:09:12,13:09:32
R1,WE_30,24,SN Junction,13:10:50,13:11:10
R1,WE_30,25,Tripunithura,13:13:13,13:13:13
R1,WE_31,1,Aluva,10:38:14,10:42:40
R1,WE_31,2,Pulinchodu,10:44:40,10:45:00
R1,WE_31,3,Companypady,10:46:27,10:46:47
R1,WE_31,4,Ambattukavu,10:48:13,10:48:33
R1,WE_31,5,Muttom,10:49:59,10:50:29
R1,WE_31,6,Kalamassery,10:52:55,10:53:15
R1,WE_31,7,Cochin University,10:55:04,10:55:24
R1,WE_31,8,Pathadipalam,10:57:08,10:57:38
R1,WE_31,9,Edapally,10:59:30,11:00:00
R1,WE_31,10,Changampuzha Park,11:01:52,11:02:12
R1,WE_31,11,Palarivattom,11:03:44,11:04:04
R1,WE_31,12,JLN Stadium,11:05:49,11:06:09
R1,WE_31,13,Kaloor,11:07:38,11:07:58
R1,WE_31,14,Town Hall,11:08:55,11:09:15
R1,WE_31,15,MG Road,11:11:13,11:11:43
R1,WE_31,16,Maharajas College,11:13:23,11:13:43
R1,WE_31,17,Ernakulam South,11:15:36,11:16:06
R1,WE_31,18,Kadavanthra,11:18:09,11:18:29
R1,WE_31,19,Elamkulam,11:20:16,11:20:36
R1,WE_31,20,Vyttila,11:22:38,11:22:58
R1,WE_31,21,Thykoodam,11:24:38,11:24:58
R1,WE_31,22,Pettah,11:26:56,11:27:16
R1,WE_31,23,Vadakkekotta,11:29:17,11:29:37
R1,WE_31,24,SN Junction,11:30:55,11:31:15
R1,WE_31,25,Tripunithura,11:33:18,11:33:18
R1,WE_32,1,Tripunithura,09:42:38,09:48:16
R1,WE_32,2,SN Junction,09:49:58,09:50:18
R1,WE_32,3,Vadakkekotta,09:51:36,09:51:56
R1,WE_32,4,Pettah,09:54:04,09:54:24
R1,WE_32,5,Thykoodam,09:56:17,09:56:37
R1,WE_32,6,Vyttila,09:58:11,09:58:31
R1,WE_32,7,Elamkulam,10:00:37,10:00:57
R1,WE_32,8,Kadavanthra,10:02:38,10:02:58
R1,WE_32,9,Ernakulam South,10:05:08,10:05:38
R1,WE_32,10,Maharajas College,10:07:32,10:07:52
R1,WE_32,11,MG Road,10:09:32,10:10:02
R1,WE_32,12,Town Hall,10:11:49,10:12:09
R1,WE_32,13,Kaloor,10:13:09,10:13:29
R1,WE_32,14,JLN Stadium,10:15:01,10:15:21
R1,WE_32,15,Palarivattom,10:17:00,10:17:20
R1,WE_32,16,Changampuzha Park,10:18:51,10:19:11
R1,WE_32,17,Edapally,10:20:57,10:21:27
R1,WE_32,18,Pathadipalam,10:23:19,10:23:39
R1,WE_32,19,Cochin University,10:25:17,10:25:47
R1,WE_32,20,Kalamassery,10:27:36,10:27:56
R1,WE_32,21,Muttom,10:30:24,10:30:54
R1,WE_32,22,Ambattukavu,10:32:21,10:32:41
R1,WE_32,23,Companypady,10:34:09,10:34:29
R1,WE_32,24,Pulinchodu,10:35:54,10:36:14
R1,WE_32,25,Aluva,10:38:14,10:38:14
R1,WE_33,1,Tripunithura,11:33:18,11:37:16
R1,WE_33,2,SN Junction,11:38:58,11:39:18
R1,WE_33,3,Vadakkekotta,11:40:36,11:40:56
R1,WE_33,4,Pettah,11:43:04,11:43:24
R1,WE_33,5,Thykoodam,11:45:17,11:45:37
R1,WE_33,6,Vyttila,11:47:11,11:47:31
R1,WE_33,7,Elamkulam,11:49:37,11:49:57
R1,WE_33,8,Kadavanthra,11:51:38,11:51:58
R1,WE_33,9,Ernakulam South,11:54:08,11:54:38
R1,WE_33,10,Maharajas College,11:56:32,11:56:52
R1,WE_33,11,MG Road,11:58:32,11:59:02
R1,WE_33,12,Town Hall,12:00:49,12:01:09
R1,WE_33,13,Kaloor,12:02:09,12:02:29
R1,WE_33,14,JLN Stadium,12:04:01,12:04:21
R1,WE_33,15,Palarivattom,12:06:00,12:06:20
R1,WE_33,16,Changampuzha Park,12:07:51,12:08:11
R1,WE_33,17,Edapally,12:09:57,12:10:27
R1,WE_33,18,Pathadipalam,12:12:19,12:12:39
R1,WE_33,19,Cochin University,12:14:17,12:14:47
R1,WE_33,20,Kalamassery,12:16:36,12:16:56
R1,WE_33,21,Muttom,12:19:24,12:19:54
R1,WE_33,22,Ambattukavu,12:21:21,12:21:41
R1,WE_33,23,Companypady,12:23:09,12:23:29
R1,WE_33,24,Pulinchodu,12:24:54,12:25:14
R1,WE_33,25,Aluva,12:27:14,12:27:14
R1,WE_34,1,Aluva,12:27:14,12:31:40
R1,WE_34,2,Pulinchodu,12:33:40,12:34:00
R1,WE_34,3,Companypady,12:35:27,12:35:47
R1,WE_34,4,Ambattukavu,12:37:13,12:37:33
R1,WE_34,5,Muttom,12:38:59,12:39:29
R1,WE_34,6,Kalamassery,12:41:55,12:42:15
R1,WE_34,7,Cochin University,12:44:04,12:44:24
R1,WE_34,8,Pathadipalam,12:46:08,12:46:38
R1,WE_34,9,Edapally,12:48:30,12:49:00
R1,WE_34,10,Changampuzha Park,12:50:52,12:51:12
R1,WE_34,11,Palarivattom,12:52:44,12:53:04
R1,WE_34,12,JLN Stadium,12:54:49,12:55:09
R1,WE_34,13,Kaloor,12:56:38,12:56:58
R1,WE_34,14,Town Hall,12:57:55,12:58:15
R1,WE_34,15,MG Road,13:00:13,13:00:43
R1,WE_34,16,Maharajas College,13:02:23,13:02:43
R1,WE_34,17,Ernakulam South,13:04:36,13:05:06
R1,WE_34,18,Kadavanthra,13:07:09,13:07:29
R1,WE_34,19,Elamkulam,13:09:16,13:09:36
R1,WE_34,20,Vyttila,13:11:38,13:11:58
R1,WE_34,21,Thykoodam,13:13:38,13:13:58
R1,WE_34,22,Pettah,13:15:56,13:16:16
R1,WE_34,23,Vadakkekotta,13:18:17,13:18:37
R1,WE_34,24,SN Junction,13:19:55,13:20:15
R1,WE_34,25,Tripunithura,13:22:18,13:22:18
R1,WE_35,1,Aluva,10:47:19,10:51:45
R1,WE_35,2,Pulinchodu,10:53:45,10:54:05
R1,WE_35,3,Companypady,10:55:32,10:55:52
R1,WE_35,4,Ambattukavu,10:57:18,10:57:38
R1,WE_35,5,Muttom,10:59:04,10:59:34
R1,WE_35,6,Kalamassery,11:02:00,11:02:20
R1,WE_35,7,Cochin University,11:04:09,11:04:29
R1,WE_35,8,Pathadipalam,11:06:13,11:06:43
R1,WE_35,9,Edapally,11:08:35,11:09:05
R1,WE_35,10,Changampuzha Park,11:10:57,11:11:17
R1,WE_35,11,Palarivattom,11:12:49,11:13:09
R1,WE_35,12,JLN Stadium,11:14:54,11:15:14
R1,WE_35,13,Kaloor,11:16:43,11:17:03
R1,WE_35,14,Town Hall,11:18:00,11:18:20
R1,WE_35,15,MG Road,11:20:18,11:20:48
R1,WE_35,16,Maharajas College,11:22:28,11:22:48
R1,WE_35,17,Ernakulam South,11:24:41,11:25:11
R1,WE_35,18,Kadavanthra,11:27:14,11:27:34
R1,WE_35,19,Elamkulam,11:29:21,11:29:41
R1,WE_35,20,Vyttila,11:31:43,11:32:03
R1,WE_35,21,Thykoodam,11:33:43,11:34:03
R1,WE_35,22,Pettah,11:36:01,11:36:21
R1,WE_35,23,Vadakkekotta,11:38:22,11:38:42
R1,WE_35,24,SN Junction,11:40:00,11:40:20
R1,WE_35,25,Tripunithura,11:42:23,11:42:23
R1,WE_36,1,Tripunithura,09:56:51,09:57:21
R1,WE_36,2,SN Junction,09:59:03,09:59:23
R1,WE_36,3,Vadakkekotta,10:00:41,10:01:01
R1,WE_36,4,Pettah,10:03:09,10:03:29
R1,WE_36,5,Thykoodam,10:05:22,10:05:42
R1,WE_36,6,Vyttila,10:07:16,10:07:36
R1,WE_36,7,Elamkulam,10:09:42,10:10:02
R1,WE_36,8,Kadavanthra,10:11:43,10:12:03
R1,WE_36,9,Ernakulam South,10:14:13,10:14:43
R1,WE_36,10,Maharajas College,10:16:37,10:16:57
R1,WE_36,11,MG Road,10:18:37,10:19:07
R1,WE_36,12,Town Hall,10:20:54,10:21:14
R1,WE_36,13,Kaloor,10:22:14,10:22:34
R1,WE_36,14,JLN Stadium,10:24:06,10:24:26
R1,WE_36,15,Palarivattom,10:26:05,10:26:25
R1,WE_36,16,Changampuzha Park,10:27:56,10:28:16
R1,WE_36,17,Edapally,10:30:02,10:30:32
R1,WE_36,18,Pathadipalam,10:32:24,10:32:44
R1,WE_36,19,Cochin University,10:34:22,10:34:52
R1,WE_36,20,Kalamassery,10:36:41,10:37:01
R1,WE_36,21,Muttom,10:39:29,10:39:59
R1,WE_36,22,Ambattukavu,10:41:26,10:41:46
R1,WE_36,23,Companypady,10:43:14,10:43:34
R1,WE_36,24,Pulinchodu,10:44:59,10:45:19
R1,WE_36,25,Aluva,10:47:19,10:47:19
R1,WE_37,1,Tripunithura,11:42:23,11:46:21
R1,WE_37,2,SN Junction,11:48:03,11:48:23
R1,WE_37,3,Vadakkekotta,11:49:41,11:50:01
R1,WE_37,4,Pettah,11:52:09,11:52:29
R1,WE_37,5,Thykoodam,11:54:22,11:54:42
R1,WE_37,6,Vyttila,11:56:16,11:56:36
R1,WE_37,7,Elamkulam,11:58:42,11:59:02
R1,WE_37,8,Kadavanthra,12:00:43,12:01:03
R1,WE_37,9,Ernakulam South,12:03:13,12:03:43
R1,WE_37,10,Maharajas College,12:05:37,12:05:57
R1,WE_37,11,MG Road,12:07:37,12:08:07
R1,WE_37,12,Town Hall,12:09:54,12:10:14
R1,WE_37,13,Kaloor,12:11:14,12:11:34
R1,WE_37,14,JLN Stadium,12:13:06,12:13:26
R1,WE_37,15,Palarivattom,12:15:05,12:15:25
R1,WE_37,16,Changampuzha Park,12:16:56,12:17:16
R1,WE_37,17,Edapally,12:19:02,12:19:32
R1,WE_37,18,Pathadipalam,12:21:24,12:21:44
R1,WE_37,19,Cochin University,12:23:22,12:23:52
R1,WE_37,20,Kalamassery,12:25:41,12:26:01
R1,WE_37,21,Muttom,12:28:29,12:28:59
R1,WE_37,22,Ambattukavu,12:30:26,12:30:46
R1,WE_37,23,Companypady,12:32:14,12:32:34
R1,WE_37,24,Pulinchodu,12:33:59,12:34:19
R1,WE_37,25,Aluva,12:36:19,12:36:19
R1,WE_38,1,Aluva,12:36:19,12:40:45
R1,WE_38,2,Pulinchodu,12:42:45,12:43:05
R1,WE_38,3,Companypady,12:44:32,12:44:52
R1,WE_38,4,Ambattukavu,12:46:18,12:46:38
R1,WE_38,5,Muttom,12:48:04,12:48:34
R1,WE_38,6,Kalamassery,12:51:00,12:51:20
R1,WE_38,7,Cochin University,12:53:09,12:53:29
R1,WE_38,8,Pathadipalam,12:55:13,12:55:43
R1,WE_38,9,Edapally,12:57:35,12:58:05
R1,WE_38,10,Changampuzha Park,12:59:57,13:00:17
R1,WE_38,11,Palarivattom,13:01:49,13:02:09
R1,WE_38,12,JLN Stadium,13:03:54,13:04:14
R1,WE_38,13,Kaloor,13:05:43,13:06:03
R1,WE_38,14,Town Hall,13:07:00,13:07:20
R1,WE_38,15,MG Road,13:09:18,13:09:48
R1,WE_38,16,Maharajas College,13:11:28,13:11:48
R1,WE_38,17,Ernakulam South,13:13:41,13:14:11
R1,WE_38,18,Kadavanthra,13:16:14,13:16:34
R1,WE_38,19,Elamkulam,13:18:21,13:18:41
R1,WE_38,20,Vyttila,13:20:43,13:21:03
R1,WE_38,21,Thykoodam,13:22:43,13:23:03
R1,WE_38,22,Pettah,13:25:01,13:25:21
R1,WE_38,23,Vadakkekotta,13:27:22,13:27:42
R1,WE_38,24,SN Junction,13:29:00,13:29:20
R1,WE_38,25,Tripunithura,13:31:23,13:31:23
R1,WE_39,1,Aluva,10:56:24,11:00:50
R1,WE_39,2,Pulinchodu,11:02:50,11:03:10
R1,WE_39,3,Companypady,11:04:37,11:04:57
R1,WE_39,4,Ambattukavu,11:06:23,11:06:43
R1,WE_39,5,Muttom,11:08:09,11:08:39
R1,WE_39,6,Kalamassery,11:11:05,11:11:25
R1,WE_39,7,Cochin University,11:13:14,11:13:34
R1,WE_39,8,Pathadipalam,11:15:18,11:15:48
R1,WE_39,9,Edapally,11:17:40,11:18:10
R1,WE_39,10,Changampuzha Park,11:20:02,11:20:22
R1,WE_39,11,Palarivattom,11:21:54,11:22:14
R1,WE_39,12,JLN Stadium,11:23:59,11:24:19
R1,WE_39,13,Kaloor,11:25:48,11:26:08
R1,WE_39,14,Town Hall,11:27:05,11:27:25
R1,WE_39,15,MG Road,11:29:23,11:29:53
R1,WE_39,16,Maharajas College,11:31:33,11:31:53
R1,WE_39,17,Ernakulam South,11:33:46,11:34:16
R1,WE_39,18,Kadavanthra,11:36:19,11:36:39
R1,WE_39,19,Elamkulam,11:38:26,11:38:46
R1,WE_39,20,Vyttila,11:40:48,11:41:08
R1,WE_39,21,Thykoodam,11:42:48,11:43:08
R1,WE_39,22,Pettah,11:45:06,11:45:26
R1,WE_39,23,Vadakkekotta,11:47:27,11:47:47
R1,WE_39,24,SN Junction,11:49:05,11:49:25
R1,WE_39,25,Tripunithura,11:51:28,11:51:28
R1,WE_4,1,Muttom,09:24:30,09:25:00
R1,WE_4,2,Ambattukavu,09:26:27,09:26:57
R1,WE_4,3,Companypady,09:28:25,09:28:55
R1,WE_4,4,Pulinchodu,09:30:20,09:30:50
R1,WE_4,5,Aluva,09:32:50,09:32:50
R1,WE_40,1,Tripunithura,09:59:08,10:06:26
R1,WE_40,2,SN Junction,10:08:08,10:08:28
R1,WE_40,3,Vadakkekotta,10:09:46,10:10:06
R1,WE_40,4,Pettah,10:12:14,10:12:34
R1,WE_40,5,Thykoodam,10:14:27,10:14:47
R1,WE_40,6,Vyttila,10:16:21,10:16:41
R1,WE_40,7,Elamkulam,10:18:47,10:19:07
R1,WE_40,8,Kadavanthra,10:20:48,10:21:08
R1,WE_40,9,Ernakulam South,10:23:18,10:23:48
R1,WE_40,10,Maharajas College,10:25:42,10:26:02
R1,WE_40,11,MG Road,10:27:42,10:28:12
R1,WE_40,12,Town Hall,10:29:59,10:30:19
R1,WE_40,13,Kaloor,10:31:19,10:31:39
R1,WE_40,14,JLN Stadium,10:33:11,10:33:31
R1,WE_40,15,Palarivattom,10:35:10,10:35:30
R1,WE_40,16,Changampuzha Park,10:37:01,10:37:21
R1,WE_40,17,Edapally,10:39:07,10:39:37
R1,WE_40,18,Pathadipalam,10:41:29,10:41:49
R1,WE_40,19,Cochin University,10:43:27,10:43:57
R1,WE_40,20,Kalamassery,10:45:46,10:46:06
R1,WE_40,21,Muttom,10:48:34,10:49:04
R1,WE_40,22,Ambattukavu,10:50:31,10:50:51
R1,WE_40,23,Companypady,10:52:19,10:52:39
R1,WE_40,24,Pulinchodu,10:54:04,10:54:24
R1,WE_40,25,Aluva,10:56:24,10:56:24
R1,WE_41,1,Tripunithura,11:51:28,11:55:26
R1,WE_41,2,SN Junction,11:57:08,11:57:28
R1,WE_41,3,Vadakkekotta,11:58:46,11:59:06
R1,WE_41,4,Pettah,12:01:14,12:01:34
R1,WE_41,5,Thykoodam,12:03:27,12:03:47
R1,WE_41,6,Vyttila,12:05:21,12:05:41
R1,WE_41,7,Elamkulam,12:07:47,12:08:07
R1,WE_41,8,Kadavanthra,12:09:48,12:10:08
R1,WE_41,9,Ernakulam South,12:12:18,12:12:48
R1,WE_41,10,Maharajas College,12:14:42,12:15:02
R1,WE_41,11,MG Road,12:16:42,12:17:12
R1,WE_41,12,Town Hall,12:18:59,12:19:19
R1,WE_41,13,Kaloor,12:20:19,12:20:39
R1,WE_41,14,JLN Stadium,12:22:11,12:22:31
R1,WE_41,15,Palarivattom,12:24:10,12:24:30
R1,WE_41,16,Changampuzha Park,12:26:01,12:26:21
R1,WE_41,17,Edapally,12:28:07,12:28:37
R1,WE_41,18,Pathadipalam,12:30:29,12:30:49
R1,WE_41,19,Cochin University,12:32:27,12:32:57
R1,WE_41,20,Kalamassery,12:34:46,12:35:06
R1,WE_41,21,Muttom,12:37:34,12:38:04
R1,WE_41,22,Ambattukavu,12:39:31,12:39:51
R1,WE_41,23,Companypady,12:41:19,12:41:39
R1,WE_41,24,Pulinchodu,12:43:04,12:43:24
R1,WE_41,25,Aluva,12:45:24,12:45:24
R1,WE_42,1,Aluva,12:45:24,12:49:50
R1,WE_42,2,Pulinchodu,12:51:50,12:52:10
R1,WE_42,3,Companypady,12:53:37,12:53:57
R1,WE_42,4,Ambattukavu,12:55:23,12:55:43
R1,WE_42,5,Muttom,12:57:09,12:57:39
R1,WE_42,6,Kalamassery,13:00:05,13:00:25
R1,WE_42,7,Cochin University,13:02:14,13:02:34
R1,WE_42,8,Pathadipalam,13:04:18,13:04:48
R1,WE_42,9,Edapally,13:06:40,13:07:10
R1,WE_42,10,Changampuzha Park,13:09:02,13:09:22
R1,WE_42,11,Palarivattom,13:10:54,13:11:14
R1,WE_42,12,JLN Stadium,13:12:59,13:13:19
R1,WE_42,13,Kaloor,13:14:48,13:15:08
R1,WE_42,14,Town Hall,13:16:05,13:16:25
R1,WE_42,15,MG Road,13:18:23,13:18:53
R1,WE_42,16,Maharajas College,13:20:33,13:20:53
R1,WE_42,17,Ernakulam South,13:22:46,13:23:16
R1,WE_42,18,Kadavanthra,13:25:19,13:25:39
R1,WE_42,19,Elamkulam,13:27:26,13:27:46
R1,WE_42,20,Vyttila,13:29:48,13:30:08
R1,WE_42,21,Thykoodam,13:31:48,13:32:08
R1,WE_42,22,Pettah,13:34:06,13:34:26
R1,WE_42,23,Vadakkekotta,13:36:27,13:36:47
R1,WE_42,24,SN Junction,13:38:05,13:38:25
R1,WE_42,25,Tripunithura,13:40:28,13:40:28
R1,WE_43,1,Aluva,11:05:29,11:09:55
R1,WE_43,2,Pulinchodu,11:11:55,11:12:15
R1,WE_43,3,Companypady,11:13:42,11:14:02
R1,WE_43,4,Ambattukavu,11:15:28,11:15:48
R1,WE_43,5,Muttom,11:17:14,11:17:44
R1,WE_43,6,Kalamassery,11:20:10,11:20:30
R1,WE_43,7,Cochin University,11:22:19,11:22:39
R1,WE_43,8,Pathadipalam,11:24:23,11:24:53
R1,WE_43,9,Edapally,11:26:45,11:27:15
R1,WE_43,10,Changampuzha Park,11:29:07,11:29:27
R1,WE_43,11,Palarivattom,11:30:59,11:31:19
R1,WE_43,12,JLN Stadium,11:33:04,11:33:24
R1,WE_43,13,Kaloor,11:34:53,11:35:13
R1,WE_43,14,Town Hall,11:36:10,11:36:30
R1,WE_43,15,MG Road,11:38:28,11:38:58
R1,WE_43,16,Maharajas College,11:40:38,11:40:58
R1,WE_43,17,Ernakulam South,11:42:51,11:43:21
R1,WE_43,18,Kadavanthra,11:45:24,11:45:44
R1,WE_43,19,Elamkulam,11:47:31,11:47:51
R1,WE_43,20,Vyttila,11:49:53,11:50:13
R1,WE_43,21,Thykoodam,11:51:53,11:52:13
R1,WE_43,22,Pettah,11:54:11,11:54:31
R1,WE_43,23,Vadakkekotta,11:56:32,11:56:52
R1,WE_43,24,SN Junction,11:58:10,11:58:30
R1,WE_43,25,Tripunithura,12:00:33,12:00:33
R1,WE_44,1,Tripunithura,10:08:08,10:15:31
R1,WE_44,2,SN Junction,10:17:13,10:17:33
R1,WE_44,3,Vadakkekotta,10:18:51,10:19:11
R1,WE_44,4,Pettah,10:21:19,10:21:39
R1,WE_44,5,Thykoodam,10:23:32,10:23:52
R1,WE_44,6,Vyttila,10:25:26,10:25:46
R1,WE_44,7,Elamkulam,10:27:52,10:28:12
R1,WE_44,8,Kadavanthra,10:29:53,10:30:13
R1,WE_44,9,Ernakulam South,10:32:23,10:32:53
R1,WE_44,10,Maharajas College,10:34:47,10:35:07
R1,WE_44,11,MG Road,10:36:47,10:37:17
R1,WE_44,12,Town Hall,10:39:04,10:39:24
R1,WE_44,13,Kaloor,10:40:24,10:40:44
R1,WE_44,14,JLN Stadium,10:42:16,10:42:36
R1,WE_44,15,Palarivattom,10:44:15,10:44:35
R1,WE_44,16,Changampuzha Park,10:46:06,10:46:26
R1,WE_44,17,Edapally,10:48:12,10:48:42
R1,WE_44,18,Pathadipalam,10:50:34,10:50:54
R1,WE_44,19,Cochin University,10:52:32,10:53:02
R1,WE_44,20,Kalamassery,10:54:51,10:55:11
R1,WE_44,21,Muttom,10:57:39,10:58:09
R1,WE_44,22,Ambattukavu,10:59:36,10:59:56
R1,WE_44,23,Companypady,11:01:24,11:01:44
R1,WE_44,24,Pulinchodu,11:03:09,11:03:29
R1,WE_44,25,Aluva,11:05:29,11:05:29
R1,WE_45,1,Tripunithura,12:00:33,12:04:31
R1,WE_45,2,SN Junction,12:06:13,12:06:33
R1,WE_45,3,Vadakkekotta,12:07:51,12:08:11
R1,WE_45,4,Pettah,12:10:19,12:10:39
R1,WE_45,5,Thykoodam,12:12:32,12:12:52
R1,WE_45,6,Vyttila,12:14:26,12:14:46
R1,WE_45,7,Elamkulam,12:16:52,12:17:12
R1,WE_45,8,Kadavanthra,12:18:53,12:19:13
R1,WE_45,9,Ernakulam South,12:21:23,12:21:53
R1,WE_45,10,Maharajas College,12:23:47,12:24:07
R1,WE_45,11,MG Road,12:25:47,12:26:17
R1,WE_45,12,Town Hall,12:28:04,12:28:24
R1,WE_45,13,Kaloor,12:29:24,12:29:44
R1,WE_45,14,JLN Stadium,12:31:16,12:31:36
R1,WE_45,15,Palarivattom,12:33:15,12:33:35
R1,WE_45,16,Changampuzha Park,12:35:06,12:35:26
R1,WE_45,17,Edapally,12:37:12,12:37:42
R1,WE_45,18,Pathadipalam,12:39:34,12:39:54
R1,WE_45,19,Cochin University,12:41:32,12:42:02
R1,WE_45,20,Kalamassery,12:43:51,12:44:11
R1,WE_45,21,Muttom,12:46:39,12:47:09
R1,WE_45,22,Ambattukavu,12:48:36,12:48:56
R1,WE_45,23,Companypady,12:50:24,12:50:44
R1,WE_45,24,Pulinchodu,12:52:09,12:52:29
R1,WE_45,25,Aluva,12:54:29,12:54:29
R1,WE_46,1,Aluva,12:54:29,12:58:55
R1,WE_46,2,Pulinchodu,13:00:55,13:01:15
R1,WE_46,3,Companypady,13:02:42,13:03:02
R1,WE_46,4,Ambattukavu,13:04:28,13:04:48
R1,WE_46,5,Muttom,13:06:14,13:06:44
R1,WE_46,6,Kalamassery,13:09:10,13:09:30
R1,WE_46,7,Cochin University,13:11:19,13:11:39
R1,WE_46,8,Pathadipalam,13:13:23,13:13:53
R1,WE_46,9,Edapally,13:15:45,13:16:15
R1,WE_46,10,Changampuzha Park,13:18:07,13:18:27
R1,WE_46,11,Palarivattom,13:19:59,13:20:19
R1,WE_46,12,JLN Stadium,13:22:04,13:22:24
R1,WE_46,13,Kaloor,13:23:53,13:24:13
R1,WE_46,14,Town Hall,13:25:10,13:25:30
R1,WE_46,15,MG Road,13:27:28,13:27:58
R1,WE_46,16,Maharajas College,13:29:38,13:29:58
R1,WE_46,17,Ernakulam South,13:31:51,13:32:21
R1,WE_46,18,Kadavanthra,13:34:24,13:34:44
R1,WE_46,19,Elamkulam,13:36:31,13:36:51
R1,WE_46,20,Vyttila,13:38:53,13:39:13
R1,WE_46,21,Thykoodam,13:40:53,13:41:13
R1,WE_46,22,Pettah,13:43:11,13:43:31
R1,WE_46,23,Vadakkekotta,13:45:32,13:45:52
R1,WE_46,24,SN Junction,13:47:10,13:47:30
R1,WE_46,25,Tripunithura,13:49:33,13:49:33
R1,WE_47,1,Aluva,11:14:34,11:19:00
R1,WE_47,2,Pulinchodu,11:21:00,11:21:20
R1,WE_47,3,Companypady,11:22:47,11:23:07
R1,WE_47,4,Ambattukavu,11:24:33,11:24:53
R1,WE_47,5,Muttom,11:26:19,11:26:49
R1,WE_47,6,Kalamassery,11:29:15,11:29:35
R1,WE_47,7,Cochin University,11:31:24,11:31:44
R1,WE_47,8,Pathadipalam,11:33:28,11:33:58
R1,WE_47,9,Edapally,11:35:50,11:36:20
R1,WE_47,10,Changampuzha Park,11:38:12,11:38:32
R1,WE_47,11,Palarivattom,11:40:04,11:40:24
R1,WE_47,12,JLN Stadium,11:42:09,11:42:29
R1,WE_47,13,Kaloor,11:43:58,11:44:18
R1,WE_47,14,Town Hall,11:45:15,11:45:35
R1,WE_47,15,MG Road,11:47:33,11:48:03
R1,WE_47,16,Maharajas College,11:49:43,11:50:03
R1,WE_47,17,Ernakulam South,11:51:56,11:52:26
R1,WE_47,18,Kadavanthra,11:54:29,11:54:49
R1,WE_47,19,Elamkulam,11:56:36,11:56:56
R1,WE_47,20,Vyttila,11:58:58,11:59:18
R1,WE_47,21,Thykoodam,12:00:58,12:01:18
R1,WE_47,22,Pettah,12:03:16,12:03:36
R1,WE_47,23,Vadakkekotta,12:05:37,12:05:57
R1,WE_47,24,SN Junction,12:07:15,12:07:35
R1,WE_47,25,Tripunithura,12:09:38,12:09:38
R1,WE_48,1,Tripunithura,10:20:38,10:24:36
R1,WE_48,2,SN Junction,10:26:18,10:26:38
R1,WE_48,3,Vadakkekotta,10:27:56,10:28:16
R1,WE_48,4,Pettah,10:30:24,10:30:44
R1,WE_48,5,Thykoodam,10:32:37,10:32:57
R1,WE_48,6,Vyttila,10:34:31,10:34:51
R1,WE_48,7,Elamkulam,10:36:57,10:37:17
R1,WE_48,8,Kadavanthra,10:38:58,10:39:18
R1,WE_48,9,Ernakulam South,10:41:28,10:41:58
R1,WE_48,10,Maharajas College,10:43:52,10:44:12
R1,WE_48,11,MG Road,10:45:52,10:46:22
R1,WE_48,12,Town Hall,10:48:09,10:48:29
R1,WE_48,13,Kaloor,10:49:29,10:49:49
R1,WE_48,14,JLN Stadium,10:51:21,10:51:41
R1,WE_48,15,Palarivattom,10:53:20,10:53:40
R1,WE_48,16,Changampuzha Park,10:55:11,10:55:31
R1,WE_48,17,Edapally,10:57:17,10:57:47
R1,WE_48,18,Pathadipalam,10:59:39,10:59:59
R1,WE_48,19,Cochin University,11:01:37,11:02:07
R1,WE_48,20,Kalamassery,11:03:56,11:04:16
R1,WE_48,21,Muttom,11:06:44,11:07:14
R1,WE_48,22,Ambattukavu,11:08:41,11:09:01
R1,WE_48,23,Companypady,11:10:29,11:10:49
R1,WE_48,24,Pulinchodu,11:12:14,11:12:34
R1,WE_48,25,Aluva,11:14:34,11:14:34
R1,WE_49,1,Tripunithura,12:09:38,12:13:36
R1,WE_49,2,SN Junction,12:15:18,12:15:38
R1,WE_49,3,Vadakkekotta,12:16:56,12:17:16
R1,WE_49,4,Pettah,12:19:24,12:19:44
R1,WE_49,5,Thykoodam,12:21:37,12:21:57
R1,WE_49,6,Vyttila,12:23:31,12:23:51
R1,WE_49,7,Elamkulam,12:25:57,12:26:17
R1,WE_49,8,Kadavanthra,12:27:58,12:28:18
R1,WE_49,9,Ernakulam South,12:30:28,12:30:58
R1,WE_49,10,Maharajas College,12:32:52,12:33:12
R1,WE_49,11,MG Road,12:34:52,12:35:22
R1,WE_49,12,Town Hall,12:37:09,12:37:29
R1,WE_49,13,Kaloor,12:38:29,12:38:49
R1,WE_49,14,JLN Stadium,12:40:21,12:40:41
R1,WE_49,15,Palarivattom,12:42:20,12:42:40
R1,WE_49,16,Changampuzha Park,12:44:11,12:44:31
R1,WE_49,17,Edapally,12:46:17,12:46:47
R1,WE_49,18,Pathadipalam,12:48:39,12:48:59
R1,WE_49,19,Cochin University,12:50:37,12:51:07
R1,WE_49,20,Kalamassery,12:52:56,12:53:16
R1,WE_49,21,Muttom,12:55:44,12:56:14
R1,WE_49,22,Ambattukavu,12:57:41,12:58:01
R1,WE_49,23,Companypady,12:59:29,12:59:49
R1,WE_49,24,Pulinchodu,13:01:14,13:01:34
R1,WE_49,25,Aluva,13:03:34,13:03:34
R1,WE_5,1,Tripunithura,10:29:43,10:33:41
R1,WE_5,2,SN Junction,10:35:23,10:35:43
R1,WE_5,3,Vadakkekotta,10:37:01,10:37:21
R1,WE_5,4,Pettah,10:39:29,10:39:49
R1,WE_5,5,Thykoodam,10:41:42,10:42:02
R1,WE_5,6,Vyttila,10:43:36,10:43:56
R1,WE_5,7,Elamkulam,10:46:02,10:46:22
R1,WE_5,8,Kadavanthra,10:48:03,10:48:23
R1,WE_5,9,Ernakulam South,10:50:33,10:51:03
R1,WE_5,10,Maharajas College,10:52:57,10:53:17
R1,WE_5,11,MG Road,10:54:57,10:55:27
R1,WE_5,12,Town Hall,10:57:14,10:57:34
R1,WE_5,13,Kaloor,10:58:34,10:58:54
R1,WE_5,14,JLN Stadium,11:00:26,11:00:46
R1,WE_5,15,Palarivattom,11:02:25,11:02:45
R1,WE_5,16,Changampuzha Park,11:04:16,11:04:36
R1,WE_5,17,Edapally,11:06:22,11:06:52
R1,WE_5,18,Pathadipalam,11:08:44,11:09:04
R1,WE_5,19,Cochin University,11:10:42,11:11:12
R1,WE_5,20,Kalamassery,11:13:01,11:13:21
R1,WE_5,21,Muttom,11:15:49,11:16:19
R1,WE_5,22,Ambattukavu,11:17:46,11:18:06
R1,WE_5,23,Companypady,11:19:34,11:19:54
R1,WE_5,24,Pulinchodu,11:21:19,11:21:39
R1,WE_5,25,Aluva,11:23:39,11:23:39
R1,WE_50,1,Aluva,13:03:34,13:08:00
R1,WE_50,2,Pulinchodu,13:10:00,13:10:20
R1,WE_50,3,Companypady,13:11:47,13:12:07
R1,WE_50,4,Ambattukavu,13:13:33,13:13:53
R1,WE_50,5,Muttom,13:15:19,13:15:49
R1,WE_50,6,Kalamassery,13:18:15,13:18:35
R1,WE_50,7,Cochin University,13:20:24,13:20:44
R1,WE_50,8,Pathadipalam,13:22:28,13:22:58
R1,WE_50,9,Edapally,13:24:50,13:25:20
R1,WE_50,10,Changampuzha Park,13:27:12,13:27:32
R1,WE_50,11,Palarivattom,13:29:04,13:29:24
R1,WE_50,12,JLN Stadium,13:31:09,13:31:29
R1,WE_50,13,Kaloor,13:32:58,13:33:18
R1,WE_50,14,Town Hall,13:34:15,13:34:35
R1,WE_50,15,MG Road,13:36:33,13:37:03
R1,WE_50,16,Maharajas College,13:38:43,13:39:03
R1,WE_50,17,Ernakulam South,13:40:56,13:41:26
R1,WE_50,18,Kadavanthra,13:43:29,13:43:49
R1,WE_50,19,Elamkulam,13:45:36,13:45:56
R1,WE_50,20,Vyttila,13:47:58,13:48:18
R1,WE_50,21,Thykoodam,13:49:58,13:50:18
R1,WE_50,22,Pettah,13:52:16,13:52:36
R1,WE_50,23,Vadakkekotta,13:54:37,13:54:57
R1,WE_50,24,SN Junction,13:56:15,13:56:35
R1,WE_50,25,Tripunithura,13:58:38,13:58:38
R1,WE_51,1,Tripunithura,12:18:43,12:22:41
R1,WE_51,2,SN Junction,12:24:23,12:24:43
R1,WE_51,3,Vadakkekotta,12:26:01,12:26:21
R1,WE_51,4,Pettah,12:28:29,12:28:49
R1,WE_51,5,Thykoodam,12:30:42,12:31:02
R1,WE_51,6,Vyttila,12:32:36,12:32:56
R1,WE_51,7,Elamkulam,12:35:02,12:35:22
R1,WE_51,8,Kadavanthra,12:37:03,12:37:23
R1,WE_51,9,Ernakulam South,12:39:33,12:40:03
R1,WE_51,10,Maharajas College,12:41:57,12:42:17
R1,WE_51,11,MG Road,12:43:57,12:44:27
R1,WE_51,12,Town Hall,12:46:14,12:46:34
R1,WE_51,13,Kaloor,12:47:34,12:47:54
R1,WE_51,14,JLN Stadium,12:49:26,12:49:46
R1,WE_51,15,Palarivattom,12:51:25,12:51:45
R1,WE_51,16,Changampuzha Park,12:53:16,12:53:36
R1,WE_51,17,Edapally,12:55:22,12:55:52
R1,WE_51,18,Pathadipalam,12:57:44,12:58:04
R1,WE_51,19,Cochin University,12:59:42,13:00:12
R1,WE_51,20,Kalamassery,13:02:01,13:02:21
R1,WE_51,21,Muttom,13:04:49,13:05:19
R1,WE_51,22,Ambattukavu,13:06:46,13:07:06
R1,WE_51,23,Companypady,13:08:34,13:08:54
R1,WE_51,24,Pulinchodu,13:10:19,13:10:39
R1,WE_51,25,Aluva,13:12:39,13:12:39
R1,WE_52,1,Aluva,13:12:39,13:17:05
R1,WE_52,2,Pulinchodu,13:19:05,13:19:25
R1,WE_52,3,Companypady,13:20:52,13:21:12
R1,WE_52,4,Ambattukavu,13:22:38,13:22:58
R1,WE_52,5,Muttom,13:24:24,13:24:54
R1,WE_52,6,Kalamassery,13:27:20,13:27:40
R1,WE_52,7,Cochin University,13:29:29,13:29:49
R1,WE_52,8,Pathadipalam,13:31:33,13:32:03
R1,WE_52,9,Edapally,13:33:55,13:34:25
R1,WE_52,10,Changampuzha Park,13:36:17,13:36:37
R1,WE_52,11,Palarivattom,13:38:09,13:38:29
R1,WE_52,12,JLN Stadium,13:40:14,13:40:34
R1,WE_52,13,Kaloor,13:42:03,13:42:23
R1,WE_52,14,Town Hall,13:43:20,13:43:40
R1,WE_52,15,MG Road,13:45:38,13:46:08
R1,WE_52,16,Maharajas College,13:47:48,13:48:08
R1,WE_52,17,Ernakulam South,13:50:01,13:50:31
R1,WE_52,18,Kadavanthra,13:52:34,13:52:54
R1,WE_52,19,Elamkulam,13:54:41,13:55:01
R1,WE_52,20,Vyttila,13:57:03,13:57:23
R1,WE_52,21,Thykoodam,13:59:03,13:59:23
R1,WE_52,22,Pettah,14:01:21,14:01:41
R1,WE_52,23,Vadakkekotta,14:03:42,14:04:02
R1,WE_52,24,SN Junction,14:05:20,14:05:40
R1,WE_52,25,Tripunithura,14:07:43,14:07:43
R1,WE_53,1,Tripunithura,12:27:48,12:31:46
R1,WE_53,2,SN Junction,12:33:28,12:33:48
R1,WE_53,3,Vadakkekotta,12:35:06,12:35:26
R1,WE_53,4,Pettah,12:37:34,12:37:54
R1,WE_53,5,Thykoodam,12:39:47,12:40:07
R1,WE_53,6,Vyttila,12:41:41,12:42:01
R1,WE_53,7,Elamkulam,12:44:07,12:44:27
R1,WE_53,8,Kadavanthra,12:46:08,12:46:28
R1,WE_53,9,Ernakulam South,12:48:38,12:49:08
R1,WE_53,10,Maharajas College,12:51:02,12:51:22
R1,WE_53,11,MG Road,12:53:02,12:53:32
R1,WE_53,12,Town Hall,12:55:19,12:55:39
R1,WE_53,13,Kaloor,12:56:39,12:56:59
R1,WE_53,14,JLN Stadium,12:58:31,12:58:51
R1,WE_53,15,Palarivattom,13:00:30,13:00:50
R1,WE_53,16,Changampuzha Park,13:02:21,13:02:41
R1,WE_53,17,Edapally,13:04:27,13:04:57
R1,WE_53,18,Pathadipalam,13:06:49,13:07:09
R1,WE_53,19,Cochin University,13:08:47,13:09:17
R1,WE_53,20,Kalamassery,13:11:06,13:11:26
R1,WE_53,21,Muttom,13:13:54,13:14:24
R1,WE_53,22,Ambattukavu,13:15:51,13:16:11
R1,WE_53,23,Companypady,13:17:39,13:17:59
R1,WE_53,24,Pulinchodu,13:19:24,13:19:44
R1,WE_53,25,Aluva,13:21:44,13:21:44
R1,WE_54,1,Aluva,13:21:44,13:26:10
R1,WE_54,2,Pulinchodu,13:28:10,13:28:30
R1,WE_54,3,Companypady,13:29:57,13:30:17
R1,WE_54,4,Ambattukavu,13:31:43,13:32:03
R1,WE_54,5,Muttom,13:33:29,13:33:59
R1,WE_54,6,Kalamassery,13:36:25,13:36:45
R1,WE_54,7,Cochin University,13:38:34,13:38:54
R1,WE_54,8,Pathadipalam,13:40:38,13:41:08
R1,WE_54,9,Edapally,13:43:00,13:43:30
R1,WE_54,10,Changampuzha Park,13:45:22,13:45:42
R1,WE_54,11,Palarivattom,13:47:14,13:47:34
R1,WE_54,12,JLN Stadium,13:49:19,13:49:39
R1,WE_54,13,Kaloor,13:51:08,13:51:28
R1,WE_54,14,Town Hall,13:52:25,13:52:45
R1,WE_54,15,MG Road,13:54:43,13:55:13
R1,WE_54,16,Maharajas College,13:56:53,13:57:13
R1,WE_54,17,Ernakulam South,13:59:06,13:59:36
R1,WE_54,18,Kadavanthra,14:01:39,14:01:59
R1,WE_54,19,Elamkulam,14:03:46,14:04:06
R1,WE_54,20,Vyttila,14:06:08,14:06:28
R1,WE_54,21,Thykoodam,14:08:08,14:08:28
R1,WE_54,22,Pettah,14:10:26,14:10:46
R1,WE_54,23,Vadakkekotta,14:12:47,14:13:07
R1,WE_54,24,SN Junction,14:14:25,14:14:45
R1,WE_54,25,Tripunithura,14:16:48,14:16:48
R1,WE_55,1,Tripunithura,12:36:53,12:40:51
R1,WE_55,2,SN Junction,12:42:33,12:42:53
R1,WE_55,3,Vadakkekotta,12:44:11,12:44:31
R1,WE_55,4,Pettah,12:46:39,12:46:59
R1,WE_55,5,Thykoodam,12:48:52,12:49:12
R1,WE_55,6,Vyttila,12:50:46,12:51:06
R1,WE_55,7,Elamkulam,12:53:12,12:53:32
R1,WE_55,8,Kadavanthra,12:55:13,12:55:33
R1,WE_55,9,Ernakulam South,12:57:43,12:58:13
R1,WE_55,10,Maharajas College,13:00:07,13:00:27
R1,WE_55,11,MG Road,13:02:07,13:02:37
R1,WE_55,12,Town Hall,13:04:24,13:04:44
R1,WE_55,13,Kaloor,13:05:44,13:06:04
R1,WE_55,14,JLN Stadium,13:07:36,13:07:56
R1,WE_55,15,Palarivattom,13:09:35,13:09:55
R1,WE_55,16,Changampuzha Park,13:11:26,13:11:46
R1,WE_55,17,Edapally,13:13:32,13:14:02
R1,WE_55,18,Pathadipalam,13:15:54,13:16:14
R1,WE_55,19,Cochin University,13:17:52,13:18:22
R1,WE_55,20,Kalamassery,13:20:11,13:20:31
R1,WE_55,21,Muttom,13:22:59,13:23:29
R1,WE_55,22,Ambattukavu,13:24:56,13:25:16
R1,WE_55,23,Companypady,13:26:44,13:27:04
R1,WE_55,24,Pulinchodu,13:28:29,13:28:49
R1,WE_55,25,Aluva,13:30:49,13:30:49
R1,WE_56,1,Aluva,13:30:49,13:35:15
R1,WE_56,2,Pulinchodu,13:37:15,13:37:35
R1,WE_56,3,Companypady,13:39:02,13:39:22
R1,WE_56,4,Ambattukavu,13:40:48,13:41:08
R1,WE_56,5,Muttom,13:42:34,13:43:04
R1,WE_56,6,Kalamassery,13:45:30,13:45:50
R1,WE_56,7,Cochin University,13:47:39,13:47:59
R1,WE_56,8,Pathadipalam,13:49:43,13:50:13
R1,WE_56,9,Edapally,13:52:05,13:52:35
R1,WE_56,10,Changampuzha Park,13:54:27,13:54:47
R1,WE_56,11,Palarivattom,13:56:19,13:56:39
R1,WE_56,12,JLN Stadium,13:58:24,13:58:44
R1,WE_56,13,Kaloor,14:00:13,14:00:33
R1,WE_56,14,Town Hall,14:01:30,14:01:50
R1,WE_56,15,MG Road,14:03:48,14:04:18
R1,WE_56,16,Maharajas College,14:05:58,14:06:18
R1,WE_56,17,Ernakulam South,14:08:11,14:08:41
R1,WE_56,18,Kadavanthra,14:10:44,14:11:04
R1,WE_56,19,Elamkulam,14:12:51,14:13:11
R1,WE_56,20,Vyttila,14:15:13,14:15:33
R1,WE_56,21,Thykoodam,14:17:13,14:17:33
R1,WE_56,22,Pettah,14:19:31,14:19:51
R1,WE_56,23,Vadakkekotta,14:21:52,14:22:12
R1,WE_56,24,SN Junction,14:23:30,14:23:50
R1,WE_56,25,Tripunithura,14:25:53,14:25:53
R1,WE_57,1,Tripunithura,12:45:58,12:49:56
R1,WE_57,2,SN Junction,12:51:38,12:51:58
R1,WE_57,3,Vadakkekotta,12:53:16,12:53:36
R1,WE_57,4,Pettah,12:55:44,12:56:04
R1,WE_57,5,Thykoodam,12:57:57,12:58:17
R1,WE_57,6,Vyttila,12:59:51,13:00:11
R1,WE_57,7,Elamkulam,13:02:17,13:02:37
R1,WE_57,8,Kadavanthra,13:04:18,13:04:38
R1,WE_57,9,Ernakulam South,13:06:48,13:07:18
R1,WE_57,10,Maharajas College,13:09:12,13:09:32
R1,WE_57,11,MG Road,13:11:12,13:11:42
R1,WE_57,12,Town Hall,13:13:29,13:13:49
R1,WE_57,13,Kaloor,13:14:49,13:15:09
R1,WE_57,14,JLN Stadium,13:16:41,13:17:01
R1,WE_57,15,Palarivattom,13:18:40,13:19:00
R1,WE_57,16,Changampuzha Park,13:20:31,13:20:51
R1,WE_57,17,Edapally,13:22:37,13:23:07
R1,WE_57,18,Pathadipalam,13:24:59,13:25:19
R1,WE_57,19,Cochin University,13:26:57,13:27:27
R1,WE_57,20,Kalamassery,13:29:16,13:29:36
R1,WE_57,21,Muttom,13:32:04,13:32:34
R1,WE_57,22,Ambattukavu,13:34:01,13:34:21
R1,WE_57,23,Companypady,13:35:49,13:36:09
R1,WE_57,24,Pulinchodu,13:37:34,13:37:54
R1,WE_57,25,Aluva,13:39:54,13:39:54
R1,WE_58,1,Aluva,13:39:54,13:44:20
R1,WE_58,2,Pulinchodu,13:46:20,13:46:40
R1,WE_58,3,Companypady,13:48:07,13:48:27
R1,WE_58,4,Ambattukavu,13:49:53,13:50:13
R1,WE_58,5,Muttom,13:51:39,13:52:09
R1,WE_58,6,Kalamassery,13:54:35,13:54:55
R1,WE_58,7,Cochin University,13:56:44,13:57:04
R1,WE_58,8,Pathadipalam,13:58:48,13:59:18
R1,WE_58,9,Edapally,14:01:10,14:01:40
R1,WE_58,10,Changampuzha Park,14:03:32,14:03:52
R1,WE_58,11,Palarivattom,14:05:24,14:05:44
R1,WE_58,12,JLN Stadium,14:07:29,14:07:49
R1,WE_58,13,Kaloor,14:09:18,14:09:38
R1,WE_58,14,Town Hall,14:10:35,14:10:55
R1,WE_58,15,MG Road,14:12:53,14:13:23
R1,WE_58,16,Maharajas College,14:15:03,14:15:23
R1,WE_58,17,Ernakulam South,14:17:16,14:17:46
R1,WE_58,18,Kadavanthra,14:19:49,14:20:09
R1,WE_58,19,Elamkulam,14:21:56,14:22:16
R1,WE_58,20,Vyttila,14:24:18,14:24:38
R1,WE_58,21,Thykoodam,14:26:18,14:26:38
R1,WE_58,22,Pettah,14:28:36,14:28:56
R1,WE_58,23,Vadakkekotta,14:30:57,14:31:17
R1,WE_58,24,SN Junction,14:32:35,14:32:55
R1,WE_58,25,Tripunithura,14:34:58,14:34:58
R1,WE_59,1,Tripunithura,12:55:03,12:59:01
R1,WE_59,2,SN Junction,13:00:43,13:01:03
R1,WE_59,3,Vadakkekotta,13:02:21,13:02:41
R1,WE_59,4,Pettah,13:04:49,13:05:09
R1,WE_59,5,Thykoodam,13:07:02,13:07:22
R1,WE_59,6,Vyttila,13:08:56,13:09:16
R1,WE_59,7,Elamkulam,13:11:22,13:11:42
R1,WE_59,8,Kadavanthra,13:13:23,13:13:43
R1,WE_59,9,Ernakulam South,13:15:53,13:16:23
R1,WE_59,10,Maharajas College,13:18:17,13:18:37
R1,WE_59,11,MG Road,13:20:17,13:20:47
R1,WE_59,12,Town Hall,13:22:34,13:22:54
R1,WE_59,13,Kaloor,13:23:54,13:24:14
R1,WE_59,14,JLN Stadium,13:25:46,13:26:06
R1,WE_59,15,Palarivattom,13:27:45,13:28:05
R1,WE_59,16,Changampuzha Park,13:29:36,13:29:56
R1,WE_59,17,Edapally,13:31:42,13:32:12
R1,WE_59,18,Pathadipalam,13:34:04,13:34:24
R1,WE_59,19,Cochin University,13:36:02,13:36:32
R1,WE_59,20,Kalamassery,13:38:21,13:38:41
R1,WE_59,21,Muttom,13:41:09,13:41:39
R1,WE_59,22,Ambattukavu,13:43:06,13:43:26
R1,WE_59,23,Companypady,13:44:54,13:45:14
R1,WE_59,24,Pulinchodu,13:46:39,13:46:59
R1,WE_59,25,Aluva,13:48:59,13:48:59
R1,WE_6,1,Aluva,11:23:39,11:28:05
R1,WE_6,2,Pulinchodu,11:30:05,11:30:25
R1,WE_6,3,Companypady,11:31:52,11:32:12
R1,WE_6,4,Ambattukavu,11:33:38,11:33:58
R1,WE_6,5,Muttom,11:35:24,11:35:54
R1,WE_6,6,Kalamassery,11:38:20,11:38:40
R1,WE_6,7,Cochin University,11:40:29,11:40:49
R1,WE_6,8,Pathadipalam,11:42:33,11:43:03
R1,WE_6,9,Edapally,11:44:55,11:45:25
R1,WE_6,10,Changampuzha Park,11:47:17,11:47:37
R1,WE_6,11,Palarivattom,11:49:09,11:49:29
R1,WE_6,12,JLN Stadium,11:51:14,11:51:34
R1,WE_6,13,Kaloor,11:53:03,11:53:23
R1,WE_6,14,Town Hall,11:54:20,11:54:40
R1,WE_6,15,MG Road,11:56:38,11:57:08
R1,WE_6,16,Maharajas College,11:58:48,11:59:08
R1,WE_6,17,Ernakulam South,12:01:01,12:01:31
R1,WE_6,18,Kadavanthra,12:03:34,12:03:54
R1,WE_6,19,Elamkulam,12:05:41,12:06:01
R1,WE_6,20,Vyttila,12:08:03,12:08:23
R1,WE_6,21,Thykoodam,12:10:03,12:10:23
R1,WE_6,22,Pettah,12:12:21,12:12:41
R1,WE_6,23,Vadakkekotta,12:14:42,12:15:02
R1,WE_6,24,SN Junction,12:16:20,12:16:40
R1,WE_6,25,Tripunithura,12:18:43,12:18:43
R1,WE_60,1,Aluva,13:48:59,13:53:25
R1,WE_60,2,Pulinchodu,13:55:25,13:55:45
R1,WE_60,3,Companypady,13:57:12,13:57:32
R1,WE_60,4,Ambattukavu,13:58:58,13:59:18
R1,WE_60,5,Muttom,14:00:44,14:01:14
R1,WE_60,6,Kalamassery,14:03:40,14:04:00
R1,WE_60,7,Cochin University,14:05:49,14:06:09
R1,WE_60,8,Pathadipalam,14:07:53,14:08:23
R1,WE_60,9,Edapally,14:10:15,14:10:45
R1,WE_60,10,Changampuzha Park,14:12:37,14:12:57
R1,WE_60,11,Palarivattom,14:14:29,14:14:49
R1,WE_60,12,JLN Stadium,14:16:34,14:16:54
R1,WE_60,13,Kaloor,14:18:23,14:18:43
R1,WE_60,14,Town Hall,14:19:40,14:20:00
R1,WE_60,15,MG Road,14:21:58,14:22:28
R1,WE_60,16,Maharajas College,14:24:08,14:24:28
R1,WE_60,17,Ernakulam South,14:26:21,14:26:51
R1,WE_60,18,Kadavanthra,14:28:54,14:29:14
R1,WE_60,19,Elamkulam,14:31:01,14:31:21
R1,WE_60,20,Vyttila,14:33:23,14:33:43
R1,WE_60,21,Thykoodam,14:35:23,14:35:43
R1,WE_60,22,Pettah,14:37:41,14:38:01
R1,WE_60,23,Vadakkekotta,14:40:02,14:40:22
R1,WE_60,24,SN Junction,14:41:40,14:42:00
R1,WE_60,25,Tripunithura,14:44:03,14:44:03
R1,WE_61,1,Tripunithura,13:04:08,13:08:06
R1,WE_61,2,SN Junction,13:09:48,13:10:08
R1,WE_61,3,Vadakkekotta,13:11:26,13:11:46
R1,WE_61,4,Pettah,13:13:54,13:14:14
R1,WE_61,5,Thykoodam,13:16:07,13:16:27
R1,WE_61,6,Vyttila,13:18:01,13:18:21
R1,WE_61,7,Elamkulam,13:20:27,13:20:47
R1,WE_61,8,Kadavanthra,13:22:28,13:22:48
R1,WE_61,9,Ernakulam South,13:24:58,13:25:28
R1,WE_61,10,Maharajas College,13:27:22,13:27:42
R1,WE_61,11,MG Road,13:29:22,13:29:52
R1,WE_61,12,Town Hall,13:31:39,13:31:59
R1,WE_61,13,Kaloor,13:32:59,13:33:19
R1,WE_61,14,JLN Stadium,13:34:51,13:35:11
R1,WE_61,15,Palarivattom,13:36:50,13:37:10
R1,WE_61,16,Changampuzha Park,13:38:41,13:39:01
R1,WE_61,17,Edapally,13:40:47,13:41:17
R1,WE_61,18,Pathadipalam,13:43:09,13:43:29
R1,WE_61,19,Cochin University,13:45:07,13:45:37
R1,WE_61,20,Kalamassery,13:47:26,13:47:46
R1,WE_61,21,Muttom,13:50:14,13:50:44
R1,WE_61,22,Ambattukavu,13:52:11,13:52:31
R1,WE_61,23,Companypady,13:53:59,13:54:19
R1,WE_61,24,Pulinchodu,13:55:44,13:56:04
R1,WE_61,25,Aluva,13:58:04,13:58:04
R1,WE_62,1,Aluva,13:58:04,14:02:30
R1,WE_62,2,Pulinchodu,14:04:30,14:04:50
R1,WE_62,3,Companypady,14:06:17,14:06:37
R1,WE_62,4,Ambattukavu,14:08:03,14:08:23
R1,WE_62,5,Muttom,14:09:49,14:10:19
R1,WE_62,6,Kalamassery,14:12:45,14:13:05
R1,WE_62,7,Cochin University,14:14:54,14:15:14
R1,WE_62,8,Pathadipalam,14:16:58,14:17:28
R1,WE_62,9,Edapally,14:19:20,14:19:50
R1,WE_62,10,Changampuzha Park,14:21:42,14:22:02
R1,WE_62,11,Palarivattom,14:23:34,14:23:54
R1,WE_62,12,JLN Stadium,14:25:39,14:25:59
R1,WE_62,13,Kaloor,14:27:28,14:27:48
R1,WE_62,14,Town Hall,14:28:45,14:29:05
R1,WE_62,15,MG Road,14:31:03,14:31:33
R1,WE_62,16,Maharajas College,14:33:13,14:33:33
R1,WE_62,17,Ernakulam South,14:35:26,14:35:56
R1,WE_62,18,Kadavanthra,14:37:59,14:38:19
R1,WE_62,19,Elamkulam,14:40:06,14:40:26
R1,WE_62,20,Vyttila,14:42:28,14:42:48
R1,WE_62,21,Thykoodam,14:44:28,14:44:48
R1,WE_62,22,Pettah,14:46:46,14:47:06
R1,WE_62,23,Vadakkekotta,14:49:07,14:49:27
R1,WE_62,24,SN Junction,14:50:45,14:51:05
R1,WE_62,25,Tripunithura,14:53:08,14:53:08
R1,WE_63,1,Tripunithura,13:13:13,13:17:11
R1,WE_63,2,SN Junction,13:18:53,13:19:13
R1,WE_63,3,Vadakkekotta,13:20:31,13:20:51
R1,WE_63,4,Pettah,13:22:59,13:23:19
R1,WE_63,5,Thykoodam,13:25:12,13:25:32
R1,WE_63,6,Vyttila,13:27:06,13:27:26
R1,WE_63,7,Elamkulam,13:29:32,13:29:52
R1,WE_63,8,Kadavanthra,13:31:33,13:31:53
R1,WE_63,9,Ernakulam South,13:34:03,13:34:33
R1,WE_63,10,Maharajas College,13:36:27,13:36:47
R1,WE_63,11,MG Road,13:38:27,13:38:57
R1,WE_63,12,Town Hall,13:40:44,13:41:04
R1,WE_63,13,Kaloor,13:42:04,13:42:24
R1,WE_63,14,JLN Stadium,13:43:56,13:44:16
R1,WE_63,15,Palarivattom,13:45:55,13:46:15
R1,WE_63,16,Changampuzha Park,13:47:46,13:48:06
R1,WE_63,17,Edapally,13:49:52,13:50:22
R1,WE_63,18,Pathadipalam,13:52:14,13:52:34
R1,WE_63,19,Cochin University,13:54:12,13:54:42
R1,WE_63,20,Kalamassery,13:56:31,13:56:51
R1,WE_63,21,Muttom,13:59:19,13:59:49
R1,WE_63,22,Ambattukavu,14:01:16,14:01:36
R1,WE_63,23,Companypady,14:03:04,14:03:24
R1,WE_63,24,Pulinchodu,14:04:49,14:05:09
R1,WE_63,25,Aluva,14:07:09,14:07:09
R1,WE_64,1,Aluva,14:07:09,14:11:35
R1,WE_64,2,Pulinchodu,14:13:35,14:13:55
R1,WE_64,3,Companypady,14:15:22,14:15:42
R1,WE_64,4,Ambattukavu,14:17:08,14:17:28
R1,WE_64,5,Muttom,14:18:54,14:19:24
R1,WE_64,6,Kalamassery,14:21:50,14:22:10
R1,WE_64,7,Cochin University,14:23:59,14:24:19
R1,WE_64,8,Pathadipalam,14:26:03,14:26:33
R1,WE_64,9,Edapally,14:28:25,14:28:55
R1,WE_64,10,Changampuzha Park,14:30:47,14:31:07
R1,WE_64,11,Palarivattom,14:32:39,14:32:59
R1,WE_64,12,JLN Stadium,14:34:44,14:35:04
R1,WE_64,13,Kaloor,14:36:33,14:36:53
R1,WE_64,14,Town Hall,14:37:50,14:38:10
R1,WE_64,15,MG Road,14:40:08,14:40:38
R1,WE_64,16,Maharajas College,14:42:18,14:42:38
R1,WE_64,17,Ernakulam South,14:44:31,14:45:01
R1,WE_64,18,Kadavanthra,14:47:04,14:47:24
R1,WE_64,19,Elamkulam,14:49:11,14:49:31
R1,WE_64,20,Vyttila,14:51:33,14:51:53
R1,WE_64,21,Thykoodam,14:53:33,14:53:53
R1,WE_64,22,Pettah,14:55:51,14:56:11
R1,WE_64,23,Vadakkekotta,14:58:12,14:58:32
R1,WE_64,24,SN Junction,14:59:50,15:00:10
R1,WE_64,25,Tripunithura,15:02:13,15:02:13
R1,WE_65,1,Tripunithura,13:22:18,13:26:16
R1,WE_65,2,SN Junction,13:27:58,13:28:18
R1,WE_65,3,Vadakkekotta,13:29:36,13:29:56
R1,WE_65,4,Pettah,13:32:04,13:32:24
R1,WE_65,5,Thykoodam,13:34:17,13:34:37
R1,WE_65,6,Vyttila,13:36:11,13:36:31
R1,WE_65,7,Elamkulam,13:38:37,13:38:57
R1,WE_65,8,Kadavanthra,13:40:38,13:40:58
R1,WE_65,9,Ernakulam South,13:43:08,13:43:38
R1,WE_65,10,Maharajas College,13:45:32,13:45:52
R1,WE_65,11,MG Road,13:47:32,13:48:02
R1,WE_65,12,Town Hall,13:49:49,13:50:09
R1,WE_65,13,Kaloor,13:51:09,13:51:29
R1,WE_65,14,JLN Stadium,13:53:01,13:53:21
R1,WE_65,15,Palarivattom,13:55:00,13:55:20
R1,WE_65,16,Changampuzha Park,13:56:51,13:57:11
R1,WE_65,17,Edapally,13:58:57,13:59:27
R1,WE_65,18,Pathadipalam,14:01:19,14:01:39
R1,WE_65,19,Cochin University,14:03:17,14:03:47
R1,WE_65,20,Kalamassery,14:05:36,14:05:56
R1,WE_65,21,Muttom,14:08:24,14:08:54
R1,WE_65,22,Ambattukavu,14:10:21,14:10:41
R1,WE_65,23,Companypady,14:12:09,14:12:29
R1,WE_65,24,Pulinchodu,14:13:54,14:14:14
R1,WE_65,25,Aluva,14:16:14,14:16:14
R1,WE_66,1,Aluva,14:16:14,14:20:40
R1,WE_66,2,Pulinchodu,14:22:40,14:23:00
R1,WE_66,3,Companypady,14:24:27,14:24:47
R1,WE_66,4,Ambattukavu,14:26:13,14:26:33
R1,WE_66,5,Muttom,14:27:59,14:28:29
R1,WE_66,6,Kalamassery,14:30:55,14:31:15
R1,WE_66,7,Cochin University,14:33:04,14:33:24
R1,WE_66,8,Pathadipalam,14:35:08,14:35:38
R1,WE_66,9,Edapally,14:37:30,14:38:00
R1,WE_66,10,Changampuzha Park,14:39:52,14:40:12
R1,WE_66,11,Palarivattom,14:41:44,14:42:04
R1,WE_66,12,JLN Stadium,14:43:49,14:44:09
R1,WE_66,13,Kaloor,14:45:38,14:45:58
R1,WE_66,14,Town Hall,14:46:55,14:47:15
R1,WE_66,15,MG Road,14:49:13,14:49:43
R1,WE_66,16,Maharajas College,14:51:23,14:51:43
R1,WE_66,17,Ernakulam South,14:53:36,14:54:06
R1,WE_66,18,Kadavanthra,14:56:09,14:56:29
R1,WE_66,19,Elamkulam,14:58:16,14:58:36
R1,WE_66,20,Vyttila,15:00:38,15:00:58
R1,WE_66,21,Thykoodam,15:02:38,15:02:58
R1,WE_66,22,Pettah,15:04:56,15:05:16
R1,WE_66,23,Vadakkekotta,15:07:17,15:07:37
R1,WE_66,24,SN Junction,15:08:55,15:09:15
R1,WE_66,25,Tripunithura,15:11:18,15:11:18
R1,WE_67,1,Tripunithura,13:31:23,13:35:21
R1,WE_67,2,SN Junction,13:37:03,13:37:23
R1,WE_67,3,Vadakkekotta,13:38:41,13:39:01
R1,WE_67,4,Pettah,13:41:09,13:41:29
R1,WE_67,5,Thykoodam,13:43:22,13:43:42
R1,WE_67,6,Vyttila,13:45:16,13:45:36
R1,WE_67,7,Elamkulam,13:47:42,13:48:02
R1,WE_67,8,Kadavanthra,13:49:43,13:50:03
R1,WE_67,9,Ernakulam South,13:52:13,13:52:43
R1,WE_67,10,Maharajas College,13:54:37,13:54:57
R1,WE_67,11,MG Road,13:56:37,13:57:07
R1,WE_67,12,Town Hall,13:58:54,13:59:14
R1,WE_67,13,Kaloor,14:00:14,14:00:34
R1,WE_67,14,JLN Stadium,14:02:06,14:02:26
R1,WE_67,15,Palarivattom,14:04:05,14:04:25
R1,WE_67,16,Changampuzha Park,14:05:56,14:06:16
R1,WE_67,17,Edapally,14:08:02,14:08:32
R1,WE_67,18,Pathadipalam,14:10:24,14:10:44
R1,WE_67,19,Cochin University,14:12:22,14:12:52
R1,WE_67,20,Kalamassery,14:14:41,14:15:01
R1,WE_67,21,Muttom,14:17:29,14:17:59
R1,WE_67,22,Ambattukavu,14:19:26,14:19:46
R1,WE_67,23,Companypady,14:21:14,14:21:34
R1,WE_67,24,Pulinchodu,14:22:59,14:23:19
R1,WE_67,25,Aluva,14:25:19,14:25:19
R1,WE_68,1,Aluva,14:25:19,14:29:45
R1,WE_68,2,Pulinchodu,14:31:45,14:32:05
R1,WE_68,3,Companypady,14:33:32,14:33:52
R1,WE_68,4,Ambattukavu,14:35:18,14:35:38
R1,WE_68,5,Muttom,14:37:04,14:37:34
R1,WE_68,6,Kalamassery,14:40:00,14:40:20
R1,WE_68,7,Cochin University,14:42:09,14:42:29
R1,WE_68,8,Pathadipalam,14:44:13,14:44:43
R1,WE_68,9,Edapally,14:46:35,14:47:05
R1,WE_68,10,Changampuzha Park,14:48:57,14:49:17
R1,WE_68,11,Palarivattom,14:50:49,14:51:09
R1,WE_68,12,JLN Stadium,14:52:54,14:53:14
R1,WE_68,13,Kaloor,14:54:43,14:55:03
R1,WE_68,14,Town Hall,14:56:00,14:56:20
R1,WE_68,15,MG Road,14:58:18,14:58:48
R1,WE_68,16,Maharajas College,15:00:28,15:00:48
R1,WE_68,17,Ernakulam South,15:02:41,15:03:11
R1,WE_68,18,Kadavanthra,15:05:14,15:05:34
R1,WE_68,19,Elamkulam,15:07:21,15:07:41
R1,WE_68,20,Vyttila,15:09:43,15:10:03
R1,WE_68,21,Thykoodam,15:11:43,15:12:03
R1,WE_68,22,Pettah,15:14:01,15:14:21
R1,WE_68,23,Vadakkekotta,15:16:22,15:16:42
R1,WE_68,24,SN Junction,15:18:00,15:18:20
R1,WE_68,25,Tripunithura,15:20:23,15:20:23
R1,WE_69,1,Tripunithura,13:40:28,13:44:26
R1,WE_69,2,SN Junction,13:46:08,13:46:28
R1,WE_69,3,Vadakkekotta,13:47:46,13:48:06
R1,WE_69,4,Pettah,13:50:14,13:50:34
R1,WE_69,5,Thykoodam,13:52:27,13:52:47
R1,WE_69,6,Vyttila,13:54:21,13:54:41
R1,WE_69,7,Elamkulam,13:56:47,13:57:07
R1,WE_69,8,Kadavanthra,13:58:48,13:59:08
R1,WE_69,9,Ernakulam South,14:01:18,14:01:48
R1,WE_69,10,Maharajas College,14:03:42,14:04:02
R1,WE_69,11,MG Road,14:05:42,14:06:12
R1,WE_69,12,Town Hall,14:07:59,14:08:19
R1,WE_69,13,Kaloor,14:09:19,14:09:39
R1,WE_69,14,JLN Stadium,14:11:11,14:11:31
R1,WE_69,15,Palarivattom,14:13:10,14:13:30
R1,WE_69,16,Changampuzha Park,14:15:01,14:15:21
R1,WE_69,17,Edapally,14:17:07,14:17:37
R1,WE_69,18,Pathadipalam,14:19:29,14:19:49
R1,WE_69,19,Cochin University,14:21:27,14:21:57
R1,WE_69,20,Kalamassery,14:23:46,14:24:06
R1,WE_69,21,Muttom,14:26:34,14:27:04
R1,WE_69,22,Ambattukavu,14:28:31,14:28:51
R1,WE_69,23,Companypady,14:30:19,14:30:39
R1,WE_69,24,Pulinchodu,14:32:04,14:32:24
R1,WE_69,25,Aluva,14:34:24,14:34:24
R1,WE_7,1,Aluva,09:40:58,09:48:10
R1,WE_7,2,Pulinchodu,09:50:10,09:50:30
R1,WE_7,3,Companypady,09:51:57,09:52:17
R1,WE_7,4,Ambattukavu,09:53:43,09:54:03
R1,WE_7,5,Muttom,09:55:29,09:55:59
R1,WE_7,6,Kalamassery,09:58:25,09:58:45
R1,WE_7,7,Cochin University,10:00:34,10:00:54
R1,WE_7,8,Pathadipalam,10:02:38,10:03:08
R1,WE_7,9,Edapally,10:05:00,10:05:30
R1,WE_7,10,Changampuzha Park,10:07:22,10:07:42
R1,WE_7,11,Palarivattom,10:09:14,10:09:34
R1,WE_7,12,JLN Stadium,10:11:19,10:11:39
R1,WE_7,13,Kaloor,10:13:08,10:13:28
R1,WE_7,14,Town Hall,10:14:25,10:14:45
R1,WE_7,15,MG Road,10:16:43,10:17:13
R1,WE_7,16,Maharajas College,10:18:53,10:19:13
R1,WE_7,17,Ernakulam South,10:21:06,10:21:36
R1,WE_7,18,Kadavanthra,10:23:39,10:23:59
R1,WE_7,19,Elamkulam,10:25:46,10:26:06
R1,WE_7,20,Vyttila,10:28:08,10:28:28
R1,WE_7,21,Thykoodam,10:30:08,10:30:28
R1,WE_7,22,Pettah,10:32:26,10:32:46
R1,WE_7,23,Vadakkekotta,10:34:47,10:35:07
R1,WE_7,24,SN Junction,10:36:25,10:36:45
R1,WE_7,25,Tripunithura,10:38:48,10:38:48
R1,WE_70,1,Aluva,14:34:24,14:38:50
R1,WE_70,2,Pulinchodu,14:40:50,14:41:10
R1,WE_70,3,Companypady,14:42:37,14:42:57
R1,WE_70,4,Ambattukavu,14:44:23,14:44:43
R1,WE_70,5,Muttom,14:46:09,14:46:39
R1,WE_70,6,Kalamassery,14:49:05,14:49:25
R1,WE_70,7,Cochin University,14:51:14,14:51:34
R1,WE_70,8,Pathadipalam,14:53:18,14:53:48
R1,WE_70,9,Edapally,14:55:40,14:56:10
R1,WE_70,10,Changampuzha Park,14:58:02,14:58:22
R1,WE_70,11,Palarivattom,14:59:54,15:00:14
R1,WE_70,12,JLN Stadium,15:01:59,15:02:19
R1,WE_70,13,Kaloor,15:03:48,15:04:08
R1,WE_70,14,Town Hall,15:05:05,15:05:25
R1,WE_70,15,MG Road,15:07:23,15:07:53
R1,WE_70,16,Maharajas College,15:09:33,15:09:53
R1,WE_70,17,Ernakulam South,15:11:46,15:12:16
R1,WE_70,18,Kadavanthra,15:14:19,15:14:39
R1,WE_70,19,Elamkulam,15:16:26,15:16:46
R1,WE_70,20,Vyttila,15:18:48,15:19:08
R1,WE_70,21,Thykoodam,15:20:48,15:21:08
R1,WE_70,22,Pettah,15:23:06,15:23:26
R1,WE_70,23,Vadakkekotta,15:25:27,15:25:47
R1,WE_70,24,SN Junction,15:27:05,15:27:25
R1,WE_70,25,Tripunithura,15:29:28,15:29:28
R1,WE_71,1,Tripunithura,13:49:33,13:53:31
R1,WE_71,2,SN Junction,13:55:13,13:55:33
R1,WE_71,3,Vadakkekotta,13:56:51,13:57:11
R1,WE_71,4,Pettah,13:59:19,13:59:39
R1,WE_71,5,Thykoodam,14:01:32,14:01:52
R1,WE_71,6,Vyttila,14:03:26,14:03:46
R1,WE_71,7,Elamkulam,14:05:52,14:06:12
R1,WE_71,8,Kadavanthra,14:07:53,14:08:13
R1,WE_71,9,Ernakulam South,14:10:23,14:10:53
R1,WE_71,10,Maharajas College,14:12:47,14:13:07
R1,WE_71,11,MG Road,14:14:47,14:15:17
R1,WE_71,12,Town Hall,14:17:04,14:17:24
R1,WE_71,13,Kaloor,14:18:24,14:18:44
R1,WE_71,14,JLN Stadium,14:20:16,14:20:36
R1,WE_71,15,Palarivattom,14:22:15,14:22:35
R1,WE_71,16,Changampuzha Park,14:24:06,14:24:26
R1,WE_71,17,Edapally,14:26:12,14:26:42
R1,WE_71,18,Pathadipalam,14:28:34,14:28:54
R1,WE_71,19,Cochin University,14:30:32,14:31:02
R1,WE_71,20,Kalamassery,14:32:51,14:33:11
R1,WE_71,21,Muttom,14:35:39,14:36:09
R1,WE_71,22,Ambattukavu,14:37:36,14:37:56
R1,WE_71,23,Companypady,14:39:24,14:39:44
R1,WE_71,24,Pulinchodu,14:41:09,14:41:29
R1,WE_71,25,Aluva,14:43:29,14:43:29
R1,WE_72,1,Aluva,14:43:29,14:47:55
R1,WE_72,2,Pulinchodu,14:49:55,14:50:15
R1,WE_72,3,Companypady,14:51:42,14:52:02
R1,WE_72,4,Ambattukavu,14:53:28,14:53:48
R1,WE_72,5,Muttom,14:55:14,14:55:44
R1,WE_72,6,Kalamassery,14:58:10,14:58:30
R1,WE_72,7,Cochin University,15:00:19,15:00:39
R1,WE_72,8,Pathadipalam,15:02:23,15:02:53
R1,WE_72,9,Edapally,15:04:45,15:05:15
R1,WE_72,10,Changampuzha Park,15:07:07,15:07:27
R1,WE_72,11,Palarivattom,15:08:59,15:09:19
R1,WE_72,12,JLN Stadium,15:11:04,15:11:24
R1,WE_72,13,Kaloor,15:12:53,15:13:13
R1,WE_72,14,Town Hall,15:14:10,15:14:30
R1,WE_72,15,MG Road,15:16:28,15:16:58
R1,WE_72,16,Maharajas College,15:18:38,15:18:58
R1,WE_72,17,Ernakulam South,15:20:51,15:21:21
R1,WE_72,18,Kadavanthra,15:23:24,15:23:44
R1,WE_72,19,Elamkulam,15:25:31,15:25:51
R1,WE_72,20,Vyttila,15:27:53,15:28:13
R1,WE_72,21,Thykoodam,15:29:53,15:30:13
R1,WE_72,22,Pettah,15:32:11,15:32:31
R1,WE_72,23,Vadakkekotta,15:34:32,15:34:52
R1,WE_72,24,SN Junction,15:36:10,15:36:30
R1,WE_72,25,Tripunithura,15:38:33,15:38:33
R1,WE_73,1,Tripunithura,13:58:38,14:02:36
R1,WE_73,2,SN Junction,14:04:18,14:04:38
R1,WE_73,3,Vadakkekotta,14:05:56,14:06:16
R1,WE_73,4,Pettah,14:08:24,14:08:44
R1,WE_73,5,Thykoodam,14:10:37,14:10:57
R1,WE_73,6,Vyttila,14:12:31,14:12:51
R1,WE_73,7,Elamkulam,14:14:57,14:15:17
R1,WE_73,8,Kadavanthra,14:16:58,14:17:18
R1,WE_73,9,Ernakulam South,14:19:28,14:19:58
R1,WE_73,10,Maharajas College,14:21:52,14:22:12
R1,WE_73,11,MG Road,14:23:52,14:24:22
R1,WE_73,12,Town Hall,14:26:09,14:26:29
R1,WE_73,13,Kaloor,14:27:29,14:27:49
R1,WE_73,14,JLN Stadium,14:29:21,14:29:41
R1,WE_73,15,Palarivattom,14:31:20,14:31:40
R1,WE_73,16,Changampuzha Park,14:33:11,14:33:31
R1,WE_73,17,Edapally,14:35:17,14:35:47
R1,WE_73,18,Pathadipalam,14:37:39,14:37:59
R1,WE_73,19,Cochin University,14:39:37,14:40:07
R1,WE_73,20,Kalamassery,14:41:56,14:42:16
R1,WE_73,21,Muttom,14:44:44,14:45:14
R1,WE_73,22,Ambattukavu,14:46:41,14:47:01
R1,WE_73,23,Companypady,14:48:29,14:48:49
R1,WE_73,24,Pulinchodu,14:50:14,14:50:34
R1,WE_73,25,Aluva,14:52:34,14:52:34
R1,WE_74,1,Aluva,14:52:34,14:57:00
R1,WE_74,2,Pulinchodu,14:59:00,14:59:20
R1,WE_74,3,Companypady,15:00:47,15:01:07
R1,WE_74,4,Ambattukavu,15:02:33,15:02:53
R1,WE_74,5,Muttom,15:04:19,15:04:49
R1,WE_74,6,Kalamassery,15:07:15,15:07:35
R1,WE_74,7,Cochin University,15:09:24,15:09:44
R1,WE_74,8,Pathadipalam,15:11:28,15:11:58
R1,WE_74,9,Edapally,15:13:50,15:14:20
R1,WE_74,10,Changampuzha Park,15:16:12,15:16:32
R1,WE_74,11,Palarivattom,15:18:04,15:18:24
R1,WE_74,12,JLN Stadium,15:20:09,15:20:29
R1,WE_74,13,Kaloor,15:21:58,15:22:18
R1,WE_74,14,Town Hall,15:23:15,15:23:35
R1,WE_74,15,MG Road,15:25:33,15:26:03
R1,WE_74,16,Maharajas College,15:27:43,15:28:03
R1,WE_74,17,Ernakulam South,15:29:56,15:30:26
R1,WE_74,18,Kadavanthra,15:32:29,15:32:49
R1,WE_74,19,Elamkulam,15:34:36,15:34:56
R1,WE_74,20,Vyttila,15:36:58,15:37:18
R1,WE_74,21,Thykoodam,15:38:58,15:39:18
R1,WE_74,22,Pettah,15:41:16,15:41:36
R1,WE_74,23,Vadakkekotta,15:43:37,15:43:57
R1,WE_74,24,SN Junction,15:45:15,15:45:35
R1,WE_74,25,Tripunithura,15:47:38,15:47:38
R1,WE_75,1,Tripunithura,14:07:43,14:11:41
R1,WE_75,2,SN Junction,14:13:23,14:13:43
R1,WE_75,3,Vadakkekotta,14:15:01,14:15:21
R1,WE_75,4,Pettah,14:17:29,14:17:49
R1,WE_75,5,Thykoodam,14:19:42,14:20:02
R1,WE_75,6,Vyttila,14:21:36,14:21:56
R1,WE_75,7,Elamkulam,14:24:02,14:24:22
R1,WE_75,8,Kadavanthra,14:26:03,14:26:23
R1,WE_75,9,Ernakulam South,14:28:33,14:29:03
R1,WE_75,10,Maharajas College,14:30:57,14:31:17
R1,WE_75,11,MG Road,14:32:57,14:33:27
R1,WE_75,12,Town Hall,14:35:14,14:35:34
R1,WE_75,13,Kaloor,14:36:34,14:36:54
R1,WE_75,14,JLN Stadium,14:38:26,14:38:46
R1,WE_75,15,Palarivattom,14:40:25,14:40:45
R1,WE_75,16,Changampuzha Park,14:42:16,14:42:36
R1,WE_75,17,Edapally,14:44:22,14:44:52
R1,WE_75,18,Pathadipalam,14:46:44,14:47:04
R1,WE_75,19,Cochin University,14:48:42,14:49:12
R1,WE_75,20,Kalamassery,14:51:01,14:51:21
R1,WE_75,21,Muttom,14:53:49,14:54:19
R1,WE_75,22,Ambattukavu,14:55:46,14:56:06
R1,WE_75,23,Companypady,14:57:34,14:57:54
R1,WE_75,24,Pulinchodu,14:59:19,14:59:39
R1,WE_75,25,Aluva,15:01:39,15:01:39
R1,WE_76,1,Aluva,15:01:39,15:06:05
R1,WE_76,2,Pulinchodu,15:08:05,15:08:25
R1,WE_76,3,Companypady,15:09:52,15:10:12
R1,WE_76,4,Ambattukavu,15:11:38,15:11:58
R1,WE_76,5,Muttom,15:13:24,15:13:54
R1,WE_76,6,Kalamassery,15:16:20,15:16:40
R1,WE_76,7,Cochin University,15:18:29,15:18:49
R1,WE_76,8,Pathadipalam,15:20:33,15:21:03
R1,WE_76,9,Edapally,15:22:55,15:23:25
R1,WE_76,10,Changampuzha Park,15:25:17,15:25:37
R1,WE_76,11,Palarivattom,15:27:09,15:27:29
R1,WE_76,12,JLN Stadium,15:29:14,15:29:34
R1,WE_76,13,Kaloor,15:31:03,15:31:23
R1,WE_76,14,Town Hall,15:32:20,15:32:40
R1,WE_76,15,MG Road,15:34:38,15:35:08
R1,WE_76,16,Maharajas College,15:36:48,15:37:08
R1,WE_76,17,Ernakulam South,15:39:01,15:39:31
R1,WE_76,18,Kadavanthra,15:41:34,15:41:54
R1,WE_76,19,Elamkulam,15:43:41,15:44:01
R1,WE_76,20,Vyttila,15:46:03,15:46:23
R1,WE_76,21,Thykoodam,15:48:03,15:48:23
R1,WE_76,22,Pettah,15:50:21,15:50:41
R1,WE_76,23,Vadakkekotta,15:52:42,15:53:02
R1,WE_76,24,SN Junction,15:54:20,15:54:40
R1,WE_76,25,Tripunithura,15:56:43,15:56:43
R1,WE_77,1,Tripunithura,14:16:48,14:20:46
R1,WE_77,2,SN Junction,14:22:28,14:22:48
R1,WE_77,3,Vadakkekotta,14:24:06,14:24:26
R1,WE_77,4,Pettah,14:26:34,14:26:54
R1,WE_77,5,Thykoodam,14:28:47,14:29:07
R1,WE_77,6,Vyttila,14:30:41,14:31:01
R1,WE_77,7,Elamkulam,14:33:07,14:33:27
R1,WE_77,8,Kadavanthra,14:35:08,14:35:28
R1,WE_77,9,Ernakulam South,14:37:38,14:38:08
R1,WE_77,10,Maharajas College,14:40:02,14:40:22
R1,WE_77,11,MG Road,14:42:02,14:42:32
R1,WE_77,12,Town Hall,14:44:19,14:44:39
R1,WE_77,13,Kaloor,14:45:39,14:45:59
R1,WE_77,14,JLN Stadium,14:47:31,14:47:51
R1,WE_77,15,Palarivattom,14:49:30,14:49:50
R1,WE_77,16,Changampuzha Park,14:51:21,14:51:41
R1,WE_77,17,Edapally,14:53:27,14:53:57
R1,WE_77,18,Pathadipalam,14:55:49,14:56:09
R1,WE_77,19,Cochin University,14:57:47,14:58:17
R1,WE_77,20,Kalamassery,15:00:06,15:00:26
R1,WE_77,21,Muttom,15:02:54,15:03:24
R1,WE_77,22,Ambattukavu,15:04:51,15:05:11
R1,WE_77,23,Companypady,15:06:39,15:06:59
R1,WE_77,24,Pulinchodu,15:08:24,15:08:44
R1,WE_77,25,Aluva,15:10:44,15:10:44
R1,WE_78,1,Aluva,15:10:44,15:15:10
R1,WE_78,2,Pulinchodu,15:17:10,15:17:30
R1,WE_78,3,Companypady,15:18:57,15:19:17
R1,WE_78,4,Ambattukavu,15:20:43,15:21:03
R1,WE_78,5,Muttom,15:22:29,15:22:59
R1,WE_78,6,Kalamassery,15:25:25,15:25:45
R1,WE_78,7,Cochin University,15:27:34,15:27:54
R1,WE_78,8,Pathadipalam,15:29:38,15:30:08
R1,WE_78,9,Edapally,15:32:00,15:32:30
R1,WE_78,10,Changampuzha Park,15:34:22,15:34:42
R1,WE_78,11,Palarivattom,15:36:14,15:36:34
R1,WE_78,12,JLN Stadium,15:38:19,15:38:39
R1,WE_78,13,Kaloor,15:40:08,15:40:28
R1,WE_78,14,Town Hall,15:41:25,15:41:45
R1,WE_78,15,MG Road,15:43:43,15:44:13
R1,WE_78,16,Maharajas College,15:45:53,15:46:13
R1,WE_78,17,Ernakulam South,15:48:06,15:48:36
R1,WE_78,18,Kadavanthra,15:50:39,15:50:59
R1,WE_78,19,Elamkulam,15:52:46,15:53:06
R1,WE_78,20,Vyttila,15:55:08,15:55:28
R1,WE_78,21,Thykoodam,15:57:08,15:57:28
R1,WE_78,22,Pettah,15:59:26,15:59:46
R1,WE_78,23,Vadakkekotta,16:01:47,16:02:07
R1,WE_78,24,SN Junction,16:03:25,16:03:45
R1,WE_78,25,Tripunithura,16:05:48,16:05:48
R1,WE_79,1,Tripunithura,14:25:53,14:29:51
R1,WE_79,2,SN Junction,14:31:33,14:31:53
R1,WE_79,3,Vadakkekotta,14:33:11,14:33:31
R1,WE_79,4,Pettah,14:35:39,14:35:59
R1,WE_79,5,Thykoodam,14:37:52,14:38:12
R1,WE_79,6,Vyttila,14:39:46,14:40:06
R1,WE_79,7,Elamkulam,14:42:12,14:42:32
R1,WE_79,8,Kadavanthra,14:44:13,14:44:33
R1,WE_79,9,Ernakulam South,14:46:43,14:47:13
R1,WE_79,10,Maharajas College,14:49:07,14:49:27
R1,WE_79,11,MG Road,14:51:07,14:51:37
R1,WE_79,12,Town Hall,14:53:24,14:53:44
R1,WE_79,13,Kaloor,14:54:44,14:55:04
R1,WE_79,14,JLN Stadium,14:56:36,14:56:56
R1,WE_79,15,Palarivattom,14:58:35,14:58:55
R1,WE_79,16,Changampuzha Park,15:00:26,15:00:46
R1,WE_79,17,Edapally,15:02:32,15:03:02
R1,WE_79,18,Pathadipalam,15:04:54,15:05:14
R1,WE_79,19,Cochin University,15:06:52,15:07:22
R1,WE_79,20,Kalamassery,15:09:11,15:09:31
R1,WE_79,21,Muttom,15:11:59,15:12:29
R1,WE_79,22,Ambattukavu,15:13:56,15:14:16
R1,WE_79,23,Companypady,15:15:44,15:16:04
R1,WE_79,24,Pulinchodu,15:17:29,15:17:49
R1,WE_79,25,Aluva,15:19:49,15:19:49
R1,WE_8,1,Tripunithura,08:40:38,08:50:00
R1,WE_8,2,SN Junction,08:51:42,08:52:12
R1,WE_8,3,Vadakkekotta,08:53:30,08:54:00
R1,WE_8,4,Pettah,08:56:08,08:56:38
R1,WE_8,5,Thykoodam,08:58:31,08:59:01
R1,WE_8,6,Vyttila,09:00:35,09:01:05
R1,WE_8,7,Elamkulam,09:03:11,09:03:41
R1,WE_8,8,Kadavanthra,09:05:22,09:05:42
R1,WE_8,9,Ernakulam South,09:07:52,09:08:22
R1,WE_8,10,Maharajas College,09:10:16,09:10:36
R1,WE_8,11,MG Road,09:12:16,09:12:46
R1,WE_8,12,Town Hall,09:14:33,09:14:53
R1,WE_8,13,Kaloor,09:15:53,09:16:13
R1,WE_8,14,JLN Stadium,09:17:45,09:18:05
R1,WE_8,15,Palarivattom,09:19:44,09:20:04
R1,WE_8,16,Changampuzha Park,09:21:35,09:21:55
R1,WE_8,17,Edapally,09:23:41,09:24:11
R1,WE_8,18,Pathadipalam,09:26:03,09:26:23
R1,WE_8,19,Cochin University,09:28:01,09:28:31
R1,WE_8,20,Kalamassery,09:30:20,09:30:40
R1,WE_8,21,Muttom,09:33:08,09:33:38
R1,WE_8,22,Ambattukavu,09:35:05,09:35:25
R1,WE_8,23,Companypady,09:36:53,09:37:13
R1,WE_8,24,Pulinchodu,09:38:38,09:38:58
R1,WE_8,25,Aluva,09:40:58,09:40:58
R1,WE_80,1,Aluva,15:19:49,15:24:15
R1,WE_80,2,Pulinchodu,15:26:15,15:26:35
R1,WE_80,3,Companypady,15:28:02,15:28:22
R1,WE_80,4,Ambattukavu,15:29:48,15:30:08
R1,WE_80,5,Muttom,15:31:34,15:32:04
R1,WE_80,6,Kalamassery,15:34:30,15:34:50
R1,WE_80,7,Cochin University,15:36:39,15:36:59
R1,WE_80,8,Pathadipalam,15:38:43,15:39:13
R1,WE_80,9,Edapally,15:41:05,15:41:35
R1,WE_80,10,Changampuzha Park,15:43:27,15:43:47
R1,WE_80,11,Palarivattom,15:45:19,15:45:39
R1,WE_80,12,JLN Stadium,15:47:24,15:47:44
R1,WE_80,13,Kaloor,15:49:13,15:49:33
R1,WE_80,14,Town Hall,15:50:30,15:50:50
R1,WE_80,15,MG Road,15:52:48,15:53:18
R1,WE_80,16,Maharajas College,15:54:58,15:55:18
R1,WE_80,17,Ernakulam South,15:57:11,15:57:41
R1,WE_80,18,Kadavanthra,15:59:44,16:00:04
R1,WE_80,19,Elamkulam,16:01:51,16:02:11
R1,WE_80,20,Vyttila,16:04:13,16:04:33
R1,WE_80,21,Thykoodam,16:06:13,16:06:33
R1,WE_80,22,Pettah,16:08:31,16:08:51
R1,WE_80,23,Vadakkekotta,16:10:52,16:11:12
R1,WE_80,24,SN Junction,16:12:30,16:12:50
R1,WE_80,25,Tripunithura,16:14:53,16:14:53
R1,WE_81,1,Tripunithura,14:34:58,14:38:56
R1,WE_81,2,SN Junction,14:40:38,14:40:58
R1,WE_81,3,Vadakkekotta,14:42:16,14:42:36
R1,WE_81,4,Pettah,14:44:44,14:45:04
R1,WE_81,5,Thykoodam,14:46:57,14:47:17
R1,WE_81,6,Vyttila,14:48:51,14:49:11
R1,WE_81,7,Elamkulam,14:51:17,14:51:37
R1,WE_81,8,Kadavanthra,14:53:18,14:53:38
R1,WE_81,9,Ernakulam South,14:55:48,14:56:18
R1,WE_81,10,Maharajas College,14:58:12,14:58:32
R1,WE_81,11,MG Road,15:00:12,15:00:42
R1,WE_81,12,Town Hall,15:02:29,15:02:49
R1,WE_81,13,Kaloor,15:03:49,15:04:09
R1,WE_81,14,JLN Stadium,15:05:41,15:06:01
R1,WE_81,15,Palarivattom,15:07:40,15:08:00
R1,WE_81,16,Changampuzha Park,15:09:31,15:09:51
R1,WE_81,17,Edapally,15:11:37,15:12:07
R1,WE_81,18,Pathadipalam,15:13:59,15:14:19
R1,WE_81,19,Cochin University,15:15:57,15:16:27
R1,WE_81,20,Kalamassery,15:18:16,15:18:36
R1,WE_81,21,Muttom,15:21:04,15:21:34
R1,WE_81,22,Ambattukavu,15:23:01,15:23:21
R1,WE_81,23,Companypady,15:24:49,15:25:09
R1,WE_81,24,Pulinchodu,15:26:34,15:26:54
R1,WE_81,25,Aluva,15:28:54,15:28:54
R1,WE_82,1,Aluva,15:28:54,15:33:20
R1,WE_82,2,Pulinchodu,15:35:20,15:35:40
R1,WE_82,3,Companypady,15:37:07,15:37:27
R1,WE_82,4,Ambattukavu,15:38:53,15:39:13
R1,WE_82,5,Muttom,15:40:39,15:41:09
R1,WE_82,6,Kalamassery,15:43:35,15:43:55
R1,WE_82,7,Cochin University,15:45:44,15:46:04
R1,WE_82,8,Pathadipalam,15:47:48,15:48:18
R1,WE_82,9,Edapally,15:50:10,15:50:40
R1,WE_82,10,Changampuzha Park,15:52:32,15:52:52
R1,WE_82,11,Palarivattom,15:54:24,15:54:44
R1,WE_82,12,JLN Stadium,15:56:29,15:56:49
R1,WE_82,13,Kaloor,15:58:18,15:58:38
R1,WE_82,14,Town Hall,15:59:35,15:59:55
R1,WE_82,15,MG Road,16:01:53,16:02:23
R1,WE_82,16,Maharajas College,16:04:03,16:04:23
R1,WE_82,17,Ernakulam South,16:06:16,16:06:46
R1,WE_82,18,Kadavanthra,16:08:49,16:09:09
R1,WE_82,19,Elamkulam,16:10:56,16:11:16
R1,WE_82,20,Vyttila,16:13:18,16:13:38
R1,WE_82,21,Thykoodam,16:15:18,16:15:38
R1,WE_82,22,Pettah,16:17:36,16:17:56
R1,WE_82,23,Vadakkekotta,16:19:57,16:20:17
R1,WE_82,24,SN Junction,16:21:35,16:21:55
R1,WE_82,25,Tripunithura,16:23:58,16:23:58
R1,WE_83,1,Tripunithura,14:44:03,14:48:01
R1,WE_83,2,SN Junction,14:49:43,14:50:03
R1,WE_83,3,Vadakkekotta,14:51:21,14:51:41
R1,WE_83,4,Pettah,14:53:49,14:54:09
R1,WE_83,5,Thykoodam,14:56:02,14:56:22
R1,WE_83,6,Vyttila,14:57:56,14:58:16
R1,WE_83,7,Elamkulam,15:00:22,15:00:42
R1,WE_83,8,Kadavanthra,15:02:23,15:02:43
R1,WE_83,9,Ernakulam South,15:04:53,15:05:23
R1,WE_83,10,Maharajas College,15:07:17,15:07:37
R1,WE_83,11,MG Road,15:09:17,15:09:47
R1,WE_83,12,Town Hall,15:11:34,15:11:54
R1,WE_83,13,Kaloor,15:12:54,15:13:14
R1,WE_83,14,JLN Stadium,15:14:46,15:15:06
R1,WE_83,15,Palarivattom,15:16:45,15:17:05
R1,WE_83,16,Changampuzha Park,15:18:36,15:18:56
R1,WE_83,17,Edapally,15:20:42,15:21:12
R1,WE_83,18,Pathadipalam,15:23:04,15:23:24
R1,WE_83,19,Cochin University,15:25:02,15:25:32
R1,WE_83,20,Kalamassery,15:27:21,15:27:41
R1,WE_83,21,Muttom,15:30:09,15:30:39
R1,WE_83,22,Ambattukavu,15:32:06,15:32:26
R1,WE_83,23,Companypady,15:33:54,15:34:14
R1,WE_83,24,Pulinchodu,15:35:39,15:35:59
R1,WE_83,25,Aluva,15:37:59,15:37:59
R1,WE_84,1,Aluva,15:37:59,15:42:25
R1,WE_84,2,Pulinchodu,15:44:25,15:44:45
R1,WE_84,3,Companypady,15:46:12,15:46:32
R1,WE_84,4,Ambattukavu,15:47:58,15:48:18
R1,WE_84,5,Muttom,15:49:44,15:50:14
R1,WE_84,6,Kalamassery,15:52:40,15:53:00
R1,WE_84,7,Cochin University,15:54:49,15:55:09
R1,WE_84,8,Pathadipalam,15:56:53,15:57:23
R1,WE_84,9,Edapally,15:59:15,15:59:45
R1,WE_84,10,Changampuzha Park,16:01:37,16:01:57
R1,WE_84,11,Palarivattom,16:03:29,16:03:49
R1,WE_84,12,JLN Stadium,16:05:34,16:05:54
R1,WE_84,13,Kaloor,16:07:23,16:07:43
R1,WE_84,14,Town Hall,16:08:40,16:09:00
R1,WE_84,15,MG Road,16:10:58,16:11:28
R1,WE_84,16,Maharajas College,16:13:08,16:13:28
R1,WE_84,17,Ernakulam South,16:15:21,16:15:51
R1,WE_84,18,Kadavanthra,16:17:54,16:18:14
R1,WE_84,19,Elamkulam,16:20:01,16:20:21
R1,WE_84,20,Vyttila,16:22:23,16:22:43
R1,WE_84,21,Thykoodam,16:24:23,16:24:43
R1,WE_84,22,Pettah,16:26:41,16:27:01
R1,WE_84,23,Vadakkekotta,16:29:02,16:29:22
R1,WE_84,24,SN Junction,16:30:40,16:31:00
R1,WE_84,25,Tripunithura,16:33:03,16:33:03
R1,WE_85,1,Tripunithura,14:53:08,14:57:06
R1,WE_85,2,SN Junction,14:58:48,14:59:08
R1,WE_85,3,Vadakkekotta,15:00:26,15:00:46
R1,WE_85,4,Pettah,15:02:54,15:03:14
R1,WE_85,5,Thykoodam,15:05:07,15:05:27
R1,WE_85,6,Vyttila,15:07:01,15:07:21
R1,WE_85,7,Elamkulam,15:09:27,15:09:47
R1,WE_85,8,Kadavanthra,15:11:28,15:11:48
R1,WE_85,9,Ernakulam South,15:13:58,15:14:28
R1,WE_85,10,Maharajas College,15:16:22,15:16:42
R1,WE_85,11,MG Road,15:18:22,15:18:52
R1,WE_85,12,Town Hall,15:20:39,15:20:59
R1,WE_85,13,Kaloor,15:21:59,15:22:19
R1,WE_85,14,JLN Stadium,15:23:51,15:24:11
R1,WE_85,15,Palarivattom,15:25:50,15:26:10
R1,WE_85,16,Changampuzha Park,15:27:41,15:28:01
R1,WE_85,17,Edapally,15:29:47,15:30:17
R1,WE_85,18,Pathadipalam,15:32:09,15:32:29
R1,WE_85,19,Cochin University,15:34:07,15:34:37
R1,WE_85,20,Kalamassery,15:36:26,15:36:46
R1,WE_85,21,Muttom,15:39:14,15:39:44
R1,WE_85,22,Ambattukavu,15:41:11,15:41:31
R1,WE_85,23,Companypady,15:42:59,15:43:19
R1,WE_85,24,Pulinchodu,15:44:44,15:45:04
R1,WE_85,25,Aluva,15:47:04,15:47:04
R1,WE_86,1,Aluva,15:47:04,15:51:30
R1,WE_86,2,Pulinchodu,15:53:30,15:53:50
R1,WE_86,3,Companypady,15:55:17,15:55:37
R1,WE_86,4,Ambattukavu,15:57:03,15:57:23
R1,WE_86,5,Muttom,15:58:49,15:59:19
R1,WE_86,6,Kalamassery,16:01:45,16:02:05
R1,WE_86,7,Cochin University,16:03:54,16:04:14
R1,WE_86,8,Pathadipalam,16:05:58,16:06:28
R1,WE_86,9,Edapally,16:08:20,16:08:50
R1,WE_86,10,Changampuzha Park,16:10:42,16:11:02
R1,WE_86,11,Palarivattom,16:12:34,16:12:54
R1,WE_86,12,JLN Stadium,16:14:39,16:14:59
R1,WE_86,13,Kaloor,16:16:28,16:16:48
R1,WE_86,14,Town Hall,16:17:45,16:18:05
R1,WE_86,15,MG Road,16:20:03,16:20:33
R1,WE_86,16,Maharajas College,16:22:13,16:22:33
R1,WE_86,17,Ernakulam South,16:24:26,16:24:56
R1,WE_86,18,Kadavanthra,16:26:59,16:27:19
R1,WE_86,19,Elamkulam,16:29:06,16:29:26
R1,WE_86,20,Vyttila,16:31:28,16:31:48
R1,WE_86,21,Thykoodam,16:33:28,16:33:48
R1,WE_86,22,Pettah,16:35:46,16:36:06
R1,WE_86,23,Vadakkekotta,16:38:07,16:38:27
R1,WE_86,24,SN Junction,16:39:45,16:40:05
R1,WE_86,25,Tripunithura,16:42:08,16:42:08
R1,WE_87,1,Tripunithura,15:02:13,15:06:11
R1,WE_87,2,SN Junction,15:07:53,15:08:13
R1,WE_87,3,Vadakkekotta,15:09:31,15:09:51
R1,WE_87,4,Pettah,15:11:59,15:12:19
R1,WE_87,5,Thykoodam,15:14:12,15:14:32
R1,WE_87,6,Vyttila,15:16:06,15:16:26
R1,WE_87,7,Elamkulam,15:18:32,15:18:52
R1,WE_87,8,Kadavanthra,15:20:33,15:20:53
R1,WE_87,9,Ernakulam South,15:23:03,15:23:33
R1,WE_87,10,Maharajas College,15:25:27,15:25:47
R1,WE_87,11,MG Road,15:27:27,15:27:57
R1,WE_87,12,Town Hall,15:29:44,15:30:04
R1,WE_87,13,Kaloor,15:31:04,15:31:24
R1,WE_87,14,JLN Stadium,15:32:56,15:33:16
R1,WE_87,15,Palarivattom,15:34:55,15:35:15
R1,WE_87,16,Changampuzha Park,15:36:46,15:37:06
R1,WE_87,17,Edapally,15:38:52,15:39:22
R1,WE_87,18,Pathadipalam,15:41:14,15:41:34
R1,WE_87,19,Cochin University,15:43:12,15:43:42
R1,WE_87,20,Kalamassery,15:45:31,15:45:51
R1,WE_87,21,Muttom,15:48:19,15:48:49
R1,WE_87,22,Ambattukavu,15:50:16,15:50:36
R1,WE_87,23,Companypady,15:52:04,15:52:24
R1,WE_87,24,Pulinchodu,15:53:49,15:54:09
R1,WE_87,25,Aluva,15:56:09,15:56:09
R1,WE_88,1,Aluva,15:56:09,16:00:35
R1,WE_88,2,Pulinchodu,16:02:35,16:02:55
R1,WE_88,3,Companypady,16:04:22,16:04:42
R1,WE_88,4,Ambattukavu,16:06:08,16:06:28
R1,WE_88,5,Muttom,16:07:54,16:08:24
R1,WE_88,6,Kalamassery,16:10:50,16:11:10
R1,WE_88,7,Cochin University,16:12:59,16:13:19
R1,WE_88,8,Pathadipalam,16:15:03,16:15:33
R1,WE_88,9,Edapally,16:17:25,16:17:55
R1,WE_88,10,Changampuzha Park,16:19:47,16:20:07
R1,WE_88,11,Palarivattom,16:21:39,16:21:59
R1,WE_88,12,JLN Stadium,16:23:44,16:24:04
R1,WE_88,13,Kaloor,16:25:33,16:25:53
R1,WE_88,14,Town Hall,16:26:50,16:27:10
R1,WE_88,15,MG Road,16:29:08,16:29:38
R1,WE_88,16,Maharajas College,16:31:18,16:31:38
R1,WE_88,17,Ernakulam South,16:33:31,16:34:01
R1,WE_88,18,Kadavanthra,16:36:04,16:36:24
R1,WE_88,19,Elamkulam,16:38:11,16:38:31
R1,WE_88,20,Vyttila,16:40:33,16:40:53
R1,WE_88,21,Thykoodam,16:42:33,16:42:53
R1,WE_88,22,Pettah,16:44:51,16:45:11
R1,WE_88,23,Vadakkekotta,16:47:12,16:47:32
R1,WE_88,24,SN Junction,16:48:50,16:49:10
R1,WE_88,25,Tripunithura,16:51:13,16:51:13
R1,WE_89,1,Tripunithura,15:11:18,15:15:16
R1,WE_89,2,SN Junction,15:16:58,15:17:18
R1,WE_89,3,Vadakkekotta,15:18:36,15:18:56
R1,WE_89,4,Pettah,15:21:04,15:21:24
R1,WE_89,5,Thykoodam,15:23:17,15:23:37
R1,WE_89,6,Vyttila,15:25:11,15:25:31
R1,WE_89,7,Elamkulam,15:27:37,15:27:57
R1,WE_89,8,Kadavanthra,15:29:38,15:29:58
R1,WE_89,9,Ernakulam South,15:32:08,15:32:38
R1,WE_89,10,Maharajas College,15:34:32,15:34:52
R1,WE_89,11,MG Road,15:36:32,15:37:02
R1,WE_89,12,Town Hall,15:38:49,15:39:09
R1,WE_89,13,Kaloor,15:40:09,15:40:29
R1,WE_89,14,JLN Stadium,15:42:01,15:42:21
R1,WE_89,15,Palarivattom,15:44:00,15:44:20
R1,WE_89,16,Changampuzha Park,15:45:51,15:46:11
R1,WE_89,17,Edapally,15:47:57,15:48:27
R1,WE_89,18,Pathadipalam,15:50:19,15:50:39
R1,WE_89,19,Cochin University,15:52:17,15:52:47
R1,WE_89,20,Kalamassery,15:54:36,15:54:56
R1,WE_89,21,Muttom,15:57:24,15:57:54
R1,WE_89,22,Ambattukavu,15:59:21,15:59:41
R1,WE_89,23,Companypady,16:01:09,16:01:29
R1,WE_89,24,Pulinchodu,16:02:54,16:03:14
R1,WE_89,25,Aluva,16:05:14,16:05:14
R1,WE_9,1,Tripunithura,10:38:48,10:42:46
R1,WE_9,2,SN Junction,10:44:28,10:44:48
R1,WE_9,3,Vadakkekotta,10:46:06,10:46:26
R1,WE_9,4,Pettah,10:48:34,10:48:54
R1,WE_9,5,Thykoodam,10:50:47,10:51:07
R1,WE_9,6,Vyttila,10:52:41,10:53:01
R1,WE_9,7,Elamkulam,10:55:07,10:55:27
R1,WE_9,8,Kadavanthra,10:57:08,10:57:28
R1,WE_9,9,Ernakulam South,10:59:38,11:00:08
R1,WE_9,10,Maharajas College,11:02:02,11:02:22
R1,WE_9,11,MG Road,11:04:02,11:04:32
R1,WE_9,12,Town Hall,11:06:19,11:06:39
R1,WE_9,13,Kaloor,11:07:39,11:07:59
R1,WE_9,14,JLN Stadium,11:09:31,11:09:51
R1,WE_9,15,Palarivattom,11:11:30,11:11:50
R1,WE_9,16,Changampuzha Park,11:13:21,11:13:41
R1,WE_9,17,Edapally,11:15:27,11:15:57
R1,WE_9,18,Pathadipalam,11:17:49,11:18:09
R1,WE_9,19,Cochin University,11:19:47,11:20:17
R1,WE_9,20,Kalamassery,11:22:06,11:22:26
R1,WE_9,21,Muttom,11:24:54,11:25:24
R1,WE_9,22,Ambattukavu,11:26:51,11:27:11
R1,WE_9,23,Companypady,11:28:39,11:28:59
R1,WE_9,24,Pulinchodu,11:30:24,11:30:44
R1,WE_9,25,Aluva,11:32:44,11:32:44
R1,WE_90,1,Aluva,16:05:14,16:09:40
R1,WE_90,2,Pulinchodu,16:11:40,16:12:00
R1,WE_90,3,Companypady,16:13:27,16:13:47
R1,WE_90,4,Ambattukavu,16:15:13,16:15:33
R1,WE_90,5,Muttom,16:16:59,16:17:29
R1,WE_90,6,Kalamassery,16:19:55,16:20:15
R1,WE_90,7,Cochin University,16:22:04,16:22:24
R1,WE_90,8,Pathadipalam,16:24:08,16:24:38
R1,WE_90,9,Edapally,16:26:30,16:27:00
R1,WE_90,10,Changampuzha Park,16:28:52,16:29:12
R1,WE_90,11,Palarivattom,16:30:44,16:31:04
R1,WE_90,12,JLN Stadium,16:32:49,16:33:09
R1,WE_90,13,Kaloor,16:34:38,16:34:58
R1,WE_90,14,Town Hall,16:35:55,16:36:15
R1,WE_90,15,MG Road,16:38:13,16:38:43
R1,WE_90,16,Maharajas College,16:40:23,16:40:43
R1,WE_90,17,Ernakulam South,16:42:36,16:43:06
R1,WE_90,18,Kadavanthra,16:45:09,16:45:29
R1,WE_90,19,Elamkulam,16:47:16,16:47:36
R1,WE_90,20,Vyttila,16:49:38,16:49:58
R1,WE_90,21,Thykoodam,16:51:38,16:51:58
R1,WE_90,22,Pettah,16:53:56,16:54:16
R1,WE_90,23,Vadakkekotta,16:56:17,16:56:37
R1,WE_90,24,SN Junction,16:57:55,16:58:15
R1,WE_90,25,Tripunithura,17:00:18,17:00:18
R1,WE_91,1,Tripunithura,15:20:23,15:24:21
R1,WE_91,2,SN Junction,15:26:03,15:26:23
R1,WE_91,3,Vadakkekotta,15:27:41,15:28:01
R1,WE_91,4,Pettah,15:30:09,15:30:29
R1,WE_91,5,Thykoodam,15:32:22,15:32:42
R1,WE_91,6,Vyttila,15:34:16,15:34:36
R1,WE_91,7,Elamkulam,15:36:42,15:37:02
R1,WE_91,8,Kadavanthra,15:38:43,15:39:03
R1,WE_91,9,Ernakulam South,15:41:13,15:41:43
R1,WE_91,10,Maharajas College,15:43:37,15:43:57
R1,WE_91,11,MG Road,15:45:37,15:46:07
R1,WE_91,12,Town Hall,15:47:54,15:48:14
R1,WE_91,13,Kaloor,15:49:14,15:49:34
R1,WE_91,14,JLN Stadium,15:51:06,15:51:26
R1,WE_91,15,Palarivattom,15:53:05,15:53:25
R1,WE_91,16,Changampuzha Park,15:54:56,15:55:16
R1,WE_91,17,Edapally,15:57:02,15:57:32
R1,WE_91,18,Pathadipalam,15:59:24,15:59:44
R1,WE_91,19,Cochin University,16:01:22,16:01:52
R1,WE_91,20,Kalamassery,16:03:41,16:04:01
R1,WE_91,21,Muttom,16:06:29,16:06:59
R1,WE_91,22,Ambattukavu,16:08:26,16:08:46
R1,WE_91,23,Companypady,16:10:14,16:10:34
R1,WE_91,24,Pulinchodu,16:11:59,16:12:19
R1,WE_91,25,Aluva,16:14:19,16:14:19
R1,WE_92,1,Aluva,16:14:19,16:18:45
R1,WE_92,2,Pulinchodu,16:20:45,16:21:05
R1,WE_92,3,Companypady,16:22:32,16:22:52
R1,WE_92,4,Ambattukavu,16:24:18,16:24:38
R1,WE_92,5,Muttom,16:26:04,16:26:34
R1,WE_92,6,Kalamassery,16:29:00,16:29:20
R1,WE_92,7,Cochin University,16:31:09,16:31:29
R1,WE_92,8,Pathadipalam,16:33:13,16:33:43
R1,WE_92,9,Edapally,16:35:35,16:36:05
R1,WE_92,10,Changampuzha Park,16:37:57,16:38:17
R1,WE_92,11,Palarivattom,16:39:49,16:40:09
R1,WE_92,12,JLN Stadium,16:41:54,16:42:14
R1,WE_92,13,Kaloor,16:43:43,16:44:03
R1,WE_92,14,Town Hall,16:45:00,16:45:20
R1,WE_92,15,MG Road,16:47:18,16:47:48
R1,WE_92,16,Maharajas College,16:49:28,16:49:48
R1,WE_92,17,Ernakulam South,16:51:41,16:52:11
R1,WE_92,18,Kadavanthra,16:54:14,16:54:34
R1,WE_92,19,Elamkulam,16:56:21,16:56:41
R1,WE_92,20,Vyttila,16:58:43,16:59:03
R1,WE_92,21,Thykoodam,17:00:43,17:01:03
R1,WE_92,22,Pettah,17:03:01,17:03:21
R1,WE_92,23,Vadakkekotta,17:05:22,17:05:42
R1,WE_92,24,SN Junction,17:07:00,17:07:20
R1,WE_92,25,Tripunithura,17:09:23,17:09:23
R1,WE_93,1,Tripunithura,15:29:28,15:33:26
R1,WE_93,2,SN Junction,15:35:08,15:35:28
R1,WE_93,3,Vadakkekotta,15:36:46,15:37:06
R1,WE_93,4,Pettah,15:39:14,15:39:34
R1,WE_93,5,Thykoodam,15:41:27,15:41:47
R1,WE_93,6,Vyttila,15:43:21,15:43:41
R1,WE_93,7,Elamkulam,15:45:47,15:46:07
R1,WE_93,8,Kadavanthra,15:47:48,15:48:08
R1,WE_93,9,Ernakulam South,15:50:18,15:50:48
R1,WE_93,10,Maharajas College,15:52:42,15:53:02
R1,WE_93,11,MG Road,15:54:42,15:55:12
R1,WE_93,12,Town Hall,15:56:59,15:57:19
R1,WE_93,13,Kaloor,15:58:19,15:58:39
R1,WE_93,14,JLN Stadium,16:00:11,16:00:31
R1,WE_93,15,Palarivattom,16:02:10,16:02:30
R1,WE_93,16,Changampuzha Park,16:04:01,16:04:21
R1,WE_93,17,Edapally,16:06:07,16:06:37
R1,WE_93,18,Pathadipalam,16:08:29,16:08:49
R1,WE_93,19,Cochin University,16:10:27,16:10:57
R1,WE_93,20,Kalamassery,16:12:46,16:13:06
R1,WE_93,21,Muttom,16:15:34,16:16:04
R1,WE_93,22,Ambattukavu,16:17:31,16:17:51
R1,WE_93,23,Companypady,16:19:19,16:19:39
R1,WE_93,24,Pulinchodu,16:21:04,16:21:24
R1,WE_93,25,Aluva,16:23:24,16:23:24
R1,WE_94,1,Aluva,16:23:24,16:27:50
R1,WE_94,2,Pulinchodu,16:29:50,16:30:10
R1,WE_94,3,Companypady,16:31:37,16:31:57
R1,WE_94,4,Ambattukavu,16:33:23,16:33:43
R1,WE_94,5,Muttom,16:35:09,16:35:39
R1,WE_94,6,Kalamassery,16:38:05,16:38:25
R1,WE_94,7,Cochin University,16:40:14,16:40:34
R1,WE_94,8,Pathadipalam,16:42:18,16:42:48
R1,WE_94,9,Edapally,16:44:40,16:45:10
R1,WE_94,10,Changampuzha Park,16:47:02,16:47:22
R1,WE_94,11,Palarivattom,16:48:54,16:49:14
R1,WE_94,12,JLN Stadium,16:50:59,16:51:19
R1,WE_94,13,Kaloor,16:52:48,16:53:08
R1,WE_94,14,Town Hall,16:54:05,16:54:25
R1,WE_94,15,MG Road,16:56:23,16:56:53
R1,WE_94,16,Maharajas College,16:58:33,16:58:53
R1,WE_94,17,Ernakulam South,17:00:46,17:01:16
R1,WE_94,18,Kadavanthra,17:03:19,17:03:39
R1,WE_94,19,Elamkulam,17:05:26,17:05:46
R1,WE_94,20,Vyttila,17:07:48,17:08:08
R1,WE_94,21,Thykoodam,17:09:48,17:10:08
R1,WE_94,22,Pettah,17:12:06,17:12:26
R1,WE_94,23,Vadakkekotta,17:14:27,17:14:47
R1,WE_94,24,SN Junction,17:16:05,17:16:25
R1,WE_94,25,Tripunithura,17:18:28,17:18:28
R1,WE_95,1,Tripunithura,15:38:33,15:42:31
R1,WE_95,2,SN Junction,15:44:13,15:44:33
R1,WE_95,3,Vadakkekotta,15:45:51,15:46:11
R1,WE_95,4,Pettah,15:48:19,15:48:39
R1,WE_95,5,Thykoodam,15:50:32,15:50:52
R1,WE_95,6,Vyttila,15:52:26,15:52:46
R1,WE_95,7,Elamkulam,15:54:52,15:55:12
R1,WE_95,8,Kadavanthra,15:56:53,15:57:13
R1,WE_95,9,Ernakulam South,15:59:23,15:59:53
R1,WE_95,10,Maharajas College,16:01:47,16:02:07
R1,WE_95,11,MG Road,16:03:47,16:04:17
R1,WE_95,12,Town Hall,16:06:04,16:06:24
R1,WE_95,13,Kaloor,16:07:24,16:07:44
R1,WE_95,14,JLN Stadium,16:09:16,16:09:36
R1,WE_95,15,Palarivattom,16:11:15,16:11:35
R1,WE_95,16,Changampuzha Park,16:13:06,16:13:26
R1,WE_95,17,Edapally,16:15:12,16:15:42
R1,WE_95,18,Pathadipalam,16:17:34,16:17:54
R1,WE_95,19,Cochin University,16:19:32,16:20:02
R1,WE_95,20,Kalamassery,16:21:51,16:22:11
R1,WE_95,21,Muttom,16:24:39,16:25:09
R1,WE_95,22,Ambattukavu,16:26:36,16:26:56
R1,WE_95,23,Companypady,16:28:24,16:28:44
R1,WE_95,24,Pulinchodu,16:30:09,16:30:29
R1,WE_95,25,Aluva,16:32:29,16:32:29
R1,WE_96,1,Aluva,16:32:29,16:36:55
R1,WE_96,2,Pulinchodu,16:38:55,16:39:15
R1,WE_96,3,Companypady,16:40:42,16:41:02
R1,WE_96,4,Ambattukavu,16:42:28,16:42:48
R1,WE_96,5,Muttom,16:44:14,16:44:44
R1,WE_96,6,Kalamassery,16:47:10,16:47:30
R1,WE_96,7,Cochin University,16:49:19,16:49:39
R1,WE_96,8,Pathadipalam,16:51:23,16:51:53
R1,WE_96,9,Edapally,16:53:45,16:54:15
R1,WE_96,10,Changampuzha Park,16:56:07,16:56:27
R1,WE_96,11,Palarivattom,16:57:59,16:58:19
R1,WE_96,12,JLN Stadium,17:00:04,17:00:24
R1,WE_96,13,Kaloor,17:01:53,17:02:13
R1,WE_96,14,Town Hall,17:03:10,17:03:30
R1,WE_96,15,MG Road,17:05:28,17:05:58
R1,WE_96,16,Maharajas College,17:07:38,17:07:58
R1,WE_96,17,Ernakulam South,17:09:51,17:10:21
R1,WE_96,18,Kadavanthra,17:12:24,17:12:44
R1,WE_96,19,Elamkulam,17:14:31,17:14:51
R1,WE_96,20,Vyttila,17:16:53,17:17:13
R1,WE_96,21,Thykoodam,17:18:53,17:19:13
R1,WE_96,22,Pettah,17:21:11,17:21:31
R1,WE_96,23,Vadakkekotta,17:23:32,17:23:52
R1,WE_96,24,SN Junction,17:25:10,17:25:30
R1,WE_96,25,Tripunithura,17:27:33,17:27:33
R1,WE_97,1,Tripunithura,15:47:38,15:51:36
R1,WE_97,2,SN Junction,15:53:18,15:53:38
R1,WE_97,3,Vadakkekotta,15:54:56,15:55:16
R1,WE_97,4,Pettah,15:57:24,15:57:44
R1,WE_97,5,Thykoodam,15:59:37,15:59:57
R1,WE_97,6,Vyttila,16:01:31,16:01:51
R1,WE_97,7,Elamkulam,16:03:57,16:04:17
R1,WE_97,8,Kadavanthra,16:05:58,16:06:18
R1,WE_97,9,Ernakulam South,16:08:28,16:08:58
R1,WE_97,10,Maharajas College,16:10:52,16:11:12
R1,WE_97,11,MG Road,16:12:52,16:13:22
R1,WE_97,12,Town Hall,16:15:09,16:15:29
R1,WE_97,13,Kaloor,16:16:29,16:16:49
R1,WE_97,14,JLN Stadium,16:18:21,16:18:41
R1,WE_97,15,Palarivattom,16:20:20,16:20:40
R1,WE_97,16,Changampuzha Park,16:22:11,16:22:31
R1,WE_97,17,Edapally,16:24:17,16:24:47
R1,WE_97,18,Pathadipalam,16:26:39,16:26:59
R1,WE_97,19,Cochin University,16:28:37,16:29:07
R1,WE_97,20,Kalamassery,16:30:56,16:31:16
R1,WE_97,21,Muttom,16:33:44,16:34:14
R1,WE_97,22,Ambattukavu,16:35:41,16:36:01
R1,WE_97,23,Companypady,16:37:29,16:37:49
R1,WE_97,24,Pulinchodu,16:39:14,16:39:34
R1,WE_97,25,Aluva,16:41:34,16:41:34
R1,WE_98,1,Aluva,16:41:34,16:46:00
R1,WE_98,2,Pulinchodu,16:48:00,16:48:20
R1,WE_98,3,Companypady,16:49:47,16:50:07
R1,WE_98,4,Ambattukavu,16:51:33,16:51:53
R1,WE_98,5,Muttom,16:53:19,16:53:49
R1,WE_98,6,Kalamassery,16:56:15,16:56:35
R1,WE_98,7,Cochin University,16:58:24,16:58:44
R1,WE_98,8,Pathadipalam,17:00:28,17:00:58
R1,WE_98,9,Edapally,17:02:50,17:03:20
R1,WE_98,10,Changampuzha Park,17:05:12,17:05:32
R1,WE_98,11,Palarivattom,17:07:04,17:07:24
R1,WE_98,12,JLN Stadium,17:09:09,17:09:29
R1,WE_98,13,Kaloor,17:10:58,17:11:18
R1,WE_98,14,Town Hall,17:12:15,17:12:35
R1,WE_98,15,MG Road,17:14:33,17:15:03
R1,WE_98,16,Maharajas College,17:16:43,17:17:03
R1,WE_98,17,Ernakulam South,17:18:56,17:19:26
R1,WE_98,18,Kadavanthra,17:21:29,17:21:49
R1,WE_98,19,Elamkulam,17:23:36,17:23:56
R1,WE_98,20,Vyttila,17:25:58,17:26:18
R1,WE_98,21,Thykoodam,17:27:58,17:28:18
R1,WE_98,22,Pettah,17:30:16,17:30:36
R1,WE_98,23,Vadakkekotta,17:32:37,17:32:57
R1,WE_98,24,SN Junction,17:34:15,17:34:35
R1,WE_98,25,Tripunithura,17:36:38,17:36:38
R1,WE_99,1,Tripunithura,15:56:43,16:00:41
R1,WE_99,2,SN Junction,16:02:23,16:02:43
R1,WE_99,3,Vadakkekotta,16:04:01,16:04:21
R1,WE_99,4,Pettah,16:06:29,16:06:49
R1,WE_99,5,Thykoodam,16:08:42,16:09:02
R1,WE_99,6,Vyttila,16:10:36,16:10:56
R1,WE_99,7,Elamkulam,16:13:02,16:13:22
R1,WE_99,8,Kadavanthra,16:15:03,16:15:23
R1,WE_99,9,Ernakulam South,16:17:33,16:18:03
R1,WE_99,10,Maharajas College,16:19:57,16:20:17
R1,WE_99,11,MG Road,16:21:57,16:22:27
R1,WE_99,12,Town Hall,16:24:14,16:24:34
R1,WE_99,13,Kaloor,16:25:34,16:25:54
R1,WE_99,14,JLN Stadium,16:27:26,16:27:46
R1,WE_99,15,Palarivattom,16:29:25,16:29:45
R1,WE_99,16,Changampuzha Park,16:31:16,16:31:36
R1,WE_99,17,Edapally,16:33:22,16:33:52
R1,WE_99,18,Pathadipalam,16:35:44,16:36:04
R1,WE_99,19,Cochin University,16:37:42,16:38:12
R1,WE_99,20,Kalamassery,16:40:01,16:40:21
R1,WE_99,21,Muttom,16:42:49,16:43:19
R1,WE_99,22,Ambattukavu,16:44:46,16:45:06
R1,WE_99,23,Companypady,16:46:34,16:46:54
R1,WE_99,24,Pulinchodu,16:48:19,16:48:39
R1,WE_99,25,Aluva,16:50:39,16:50:39
R1,WK_1,1,Aluva,05:59:30,06:00:00
R1,WK_1,2,Pulinchodu,06:02:00,06:02:50
R1,WK_1,3,Companypady,06:04:09,06:04:49
R1,WK_1,4,Ambattukavu,06:06:09,06:06:39
R1,WK_1,5,Muttom,06:07:59,06:08:59
R1,WK_1,6,Kalamassery,06:11:25,06:12:42
R1,WK_1,7,Cochin University,06:14:31,06:15:01
R1,WK_1,8,Pathadipalam,06:16:34,06:16:57
R1,WK_1,9,Edapally,06:18:49,06:19:39
R1,WK_1,10,Changampuzha Park,06:21:31,06:22:06
R1,WK_1,11,Palarivattom,06:23:39,06:24:07
R1,WK_1,12,JLN Stadium,06:25:52,06:26:12
R1,WK_1,13,Kaloor,06:27:41,06:28:01
R1,WK_1,14,Town Hall,06:28:58,06:29:34
R1,WK_1,15,MG Road,06:31:32,06:32:02
R1,WK_1,16,Maharajas College,06:33:42,06:34:02
R1,WK_1,17,Ernakulam South,06:35:55,06:36:25
R1,WK_1,18,Kadavanthra,06:38:28,06:38:57
R1,WK_1,19,Elamkulam,06:40:44,06:41:04
R1,WK_1,20,Vyttila,06:43:06,06:43:33
R1,WK_1,21,Thykoodam,06:45:13,06:45:37
R1,WK_1,22,Pettah,06:47:35,06:48:05
R1,WK_1,23,Vadakkekotta,06:50:06,06:50:26
R1,WK_1,24,SN Junction,06:51:44,06:52:11
R1,WK_1,25,Tripunithura,06:54:14,06:54:14
R1,WK_10,1,Tripunithura,07:23:38,07:30:00
R1,WK_10,2,SN Junction,07:31:42,07:32:02
R1,WK_10,3,Vadakkekotta,07:33:20,07:33:40
R1,WK_10,4,Pettah,07:35:48,07:36:08
R1,WK_10,5,Thykoodam,07:38:01,07:38:21
R1,WK_10,6,Vyttila,07:39:55,07:40:15
R1,WK_10,7,Elamkulam,07:42:21,07:42:41
R1,WK_10,8,Kadavanthra,07:44:22,07:44:42
R1,WK_10,9,Ernakulam South,07:46:52,07:47:22
R1,WK_10,10,Maharajas College,07:49:16,07:49:36
R1,WK_10,11,MG Road,07:51:16,07:51:46
R1,WK_10,12,Town Hall,07:53:33,07:53:53
R1,WK_10,13,Kaloor,07:54:53,07:55:13
R1,WK_10,14,JLN Stadium,07:56:45,07:57:05
R1,WK_10,15,Palarivattom,07:58:44,07:59:04
R1,WK_10,16,Changampuzha Park,08:00:35,08:00:55
R1,WK_10,17,Edapally,08:02:41,08:03:11
R1,WK_10,18,Pathadipalam,08:05:03,08:05:23
R1,WK_10,19,Cochin University,08:07:01,08:07:31
R1,WK_10,20,Kalamassery,08:09:20,08:09:40
R1,WK_10,21,Muttom,08:12:08,08:12:38
R1,WK_10,22,Ambattukavu,08:14:05,08:14:25
R1,WK_10,23,Companypady,08:15:53,08:16:13
R1,WK_10,24,Pulinchodu,08:17:38,08:17:58
R1,WK_10,25,Aluva,08:19:58,08:19:58
R1,WK_100,1,Aluva,12:22:28,12:27:44
R1,WK_100,2,Pulinchodu,12:29:44,12:30:04
R1,WK_100,3,Companypady,12:31:31,12:31:51
R1,WK_100,4,Ambattukavu,12:33:17,12:33:37
R1,WK_100,5,Muttom,12:35:03,12:35:33
R1,WK_100,6,Kalamassery,12:37:59,12:38:19
R1,WK_100,7,Cochin University,12:40:08,12:40:28
R1,WK_100,8,Pathadipalam,12:42:12,12:42:32
R1,WK_100,9,Edapally,12:44:24,12:44:54
R1,WK_100,10,Changampuzha Park,12:46:46,12:47:06
R1,WK_100,11,Palarivattom,12:48:38,12:48:58
R1,WK_100,12,JLN Stadium,12:50:43,12:51:03
R1,WK_100,13,Kaloor,12:52:32,12:52:52
R1,WK_100,14,Town Hall,12:53:49,12:54:09
R1,WK_100,15,MG Road,12:56:07,12:56:37
R1,WK_100,16,Maharajas College,12:58:17,12:58:37
R1,WK_100,17,Ernakulam South,13:00:30,13:01:00
R1,WK_100,18,Kadavanthra,13:03:03,13:03:23
R1,WK_100,19,Elamkulam,13:05:10,13:05:30
R1,WK_100,20,Vyttila,13:07:32,13:07:52
R1,WK_100,21,Thykoodam,13:09:32,13:09:52
R1,WK_100,22,Pettah,13:11:50,13:12:10
R1,WK_100,23,Vadakkekotta,13:14:11,13:14:31
R1,WK_100,24,SN Junction,13:15:49,13:16:09
R1,WK_100,25,Tripunithura,13:18:12,13:18:12
R1,WK_101,1,Tripunithura,13:18:12,13:23:00
R1,WK_101,2,SN Junction,13:24:42,13:25:02
R1,WK_101,3,Vadakkekotta,13:26:20,13:26:40
R1,WK_101,4,Pettah,13:28:48,13:29:08
R1,WK_101,5,Thykoodam,13:31:01,13:31:21
R1,WK_101,6,Vyttila,13:32:55,13:33:15
R1,WK_101,7,Elamkulam,13:35:21,13:35:41
R1,WK_101,8,Kadavanthra,13:37:22,13:37:42
R1,WK_101,9,Ernakulam South,13:39:52,13:40:22
R1,WK_101,10,Maharajas College,13:42:16,13:42:36
R1,WK_101,11,MG Road,13:44:16,13:44:46
R1,WK_101,12,Town Hall,13:46:33,13:46:53
R1,WK_101,13,Kaloor,13:47:53,13:48:13
R1,WK_101,14,JLN Stadium,13:49:45,13:50:05
R1,WK_101,15,Palarivattom,13:51:44,13:52:04
R1,WK_101,16,Changampuzha Park,13:53:35,13:53:55
R1,WK_101,17,Edapally,13:55:41,13:56:11
R1,WK_101,18,Pathadipalam,13:58:03,13:58:23
R1,WK_101,19,Cochin University,14:00:01,14:00:31
R1,WK_101,20,Kalamassery,14:02:20,14:02:40
R1,WK_101,21,Muttom,14:05:08,14:05:38
R1,WK_101,22,Ambattukavu,14:07:05,14:07:25
R1,WK_101,23,Companypady,14:08:53,14:09:13
R1,WK_101,24,Pulinchodu,14:10:38,14:10:58
R1,WK_101,25,Aluva,14:12:58,14:12:58
R1,WK_102,1,Tripunithura,11:35:23,11:41:00
R1,WK_102,2,SN Junction,11:42:42,11:43:02
R1,WK_102,3,Vadakkekotta,11:44:20,11:44:40
R1,WK_102,4,Pettah,11:46:48,11:47:08
R1,WK_102,5,Thykoodam,11:49:01,11:49:21
R1,WK_102,6,Vyttila,11:50:55,11:51:15
R1,WK_102,7,Elamkulam,11:53:21,11:53:41
R1,WK_102,8,Kadavanthra,11:55:22,11:55:42
R1,WK_102,9,Ernakulam South,11:57:52,11:58:22
R1,WK_102,10,Maharajas College,12:00:16,12:00:36
R1,WK_102,11,MG Road,12:02:16,12:02:46
R1,WK_102,12,Town Hall,12:04:33,12:04:53
R1,WK_102,13,Kaloor,12:05:53,12:06:13
R1,WK_102,14,JLN Stadium,12:07:45,12:08:05
R1,WK_102,15,Palarivattom,12:09:44,12:10:04
R1,WK_102,16,Changampuzha Park,12:11:35,12:11:55
R1,WK_102,17,Edapally,12:13:41,12:14:11
R1,WK_102,18,Pathadipalam,12:16:03,12:16:23
R1,WK_102,19,Cochin University,12:18:01,12:18:31
R1,WK_102,20,Kalamassery,12:20:20,12:20:40
R1,WK_102,21,Muttom,12:23:08,12:23:38
R1,WK_102,22,Ambattukavu,12:25:05,12:25:25
R1,WK_102,23,Companypady,12:26:53,12:27:13
R1,WK_102,24,Pulinchodu,12:28:38,12:28:58
R1,WK_102,25,Aluva,12:30:58,12:30:58
R1,WK_103,1,Aluva,12:30:58,12:36:14
R1,WK_103,2,Pulinchodu,12:38:14,12:38:34
R1,WK_103,3,Companypady,12:40:01,12:40:21
R1,WK_103,4,Ambattukavu,12:41:47,12:42:07
R1,WK_103,5,Muttom,12:43:33,12:44:03
R1,WK_103,6,Kalamassery,12:46:29,12:46:49
R1,WK_103,7,Cochin University,12:48:38,12:48:58
R1,WK_103,8,Pathadipalam,12:50:42,12:51:02
R1,WK_103,9,Edapally,12:52:54,12:53:24
R1,WK_103,10,Changampuzha Park,12:55:16,12:55:36
R1,WK_103,11,Palarivattom,12:57:08,12:57:28
R1,WK_103,12,JLN Stadium,12:59:13,12:59:33
R1,WK_103,13,Kaloor,13:01:02,13:01:22
R1,WK_103,14,Town Hall,13:02:19,13:02:39
R1,WK_103,15,MG Road,13:04:37,13:05:07
R1,WK_103,16,Maharajas College,13:06:47,13:07:07
R1,WK_103,17,Ernakulam South,13:09:00,13:09:30
R1,WK_103,18,Kadavanthra,13:11:33,13:11:53
R1,WK_103,19,Elamkulam,13:13:40,13:14:00
R1,WK_103,20,Vyttila,13:16:02,13:16:22
R1,WK_103,21,Thykoodam,13:18:02,13:18:22
R1,WK_103,22,Pettah,13:20:20,13:20:40
R1,WK_103,23,Vadakkekotta,13:22:41,13:23:01
R1,WK_103,24,SN Junction,13:24:19,13:24:39
R1,WK_103,25,Tripunithura,13:26:42,13:26:42
R1,WK_104,1,Tripunithura,13:26:42,13:31:30
R1,WK_104,2,SN Junction,13:33:12,13:33:32
R1,WK_104,3,Vadakkekotta,13:34:50,13:35:10
R1,WK_104,4,Pettah,13:37:18,13:37:38
R1,WK_104,5,Thykoodam,13:39:31,13:39:51
R1,WK_104,6,Vyttila,13:41:25,13:41:45
R1,WK_104,7,Elamkulam,13:43:51,13:44:11
R1,WK_104,8,Kadavanthra,13:45:52,13:46:12
R1,WK_104,9,Ernakulam South,13:48:22,13:48:52
R1,WK_104,10,Maharajas College,13:50:46,13:51:06
R1,WK_104,11,MG Road,13:52:46,13:53:16
R1,WK_104,12,Town Hall,13:55:03,13:55:23
R1,WK_104,13,Kaloor,13:56:23,13:56:43
R1,WK_104,14,JLN Stadium,13:58:15,13:58:35
R1,WK_104,15,Palarivattom,14:00:14,14:00:34
R1,WK_104,16,Changampuzha Park,14:02:05,14:02:25
R1,WK_104,17,Edapally,14:04:11,14:04:41
R1,WK_104,18,Pathadipalam,14:06:33,14:06:53
R1,WK_104,19,Cochin University,14:08:31,14:09:01
R1,WK_104,20,Kalamassery,14:10:50,14:11:10
R1,WK_104,21,Muttom,14:13:38,14:14:08
R1,WK_104,22,Ambattukavu,14:15:35,14:15:55
R1,WK_104,23,Companypady,14:17:23,14:17:43
R1,WK_104,24,Pulinchodu,14:19:08,14:19:28
R1,WK_104,25,Aluva,14:21:28,14:21:28
R1,WK_105,1,Tripunithura,11:43:53,11:49:30
R1,WK_105,2,SN Junction,11:51:12,11:51:32
R1,WK_105,3,Vadakkekotta,11:52:50,11:53:10
R1,WK_105,4,Pettah,11:55:18,11:55:38
R1,WK_105,5,Thykoodam,11:57:31,11:57:51
R1,WK_105,6,Vyttila,11:59:25,11:59:45
R1,WK_105,7,Elamkulam,12:01:51,12:02:11
R1,WK_105,8,Kadavanthra,12:03:52,12:04:12
R1,WK_105,9,Ernakulam South,12:06:22,12:06:52
R1,WK_105,10,Maharajas College,12:08:46,12:09:06
R1,WK_105,11,MG Road,12:10:46,12:11:16
R1,WK_105,12,Town Hall,12:13:03,12:13:23
R1,WK_105,13,Kaloor,12:14:23,12:14:43
R1,WK_105,14,JLN Stadium,12:16:15,12:16:35
R1,WK_105,15,Palarivattom,12:18:14,12:18:34
R1,WK_105,16,Changampuzha Park,12:20:05,12:20:25
R1,WK_105,17,Edapally,12:22:11,12:22:41
R1,WK_105,18,Pathadipalam,12:24:33,12:24:53
R1,WK_105,19,Cochin University,12:26:31,12:27:01
R1,WK_105,20,Kalamassery,12:28:50,12:29:10
R1,WK_105,21,Muttom,12:31:38,12:32:08
R1,WK_105,22,Ambattukavu,12:33:35,12:33:55
R1,WK_105,23,Companypady,12:35:23,12:35:43
R1,WK_105,24,Pulinchodu,12:37:08,12:37:28
R1,WK_105,25,Aluva,12:39:28,12:39:28
R1,WK_106,1,Aluva,12:39:28,12:44:44
R1,WK_106,2,Pulinchodu,12:46:44,12:47:04
R1,WK_106,3,Companypady,12:48:31,12:48:51
R1,WK_106,4,Ambattukavu,12:50:17,12:50:37
R1,WK_106,5,Muttom,12:52:03,12:52:33
R1,WK_106,6,Kalamassery,12:54:59,12:55:19
R1,WK_106,7,Cochin University,12:57:08,12:57:28
R1,WK_106,8,Pathadipalam,12:59:12,12:59:32
R1,WK_106,9,Edapally,13:01:24,13:01:54
R1,WK_106,10,Changampuzha Park,13:03:46,13:04:06
R1,WK_106,11,Palarivattom,13:05:38,13:05:58
R1,WK_106,12,JLN Stadium,13:07:43,13:08:03
R1,WK_106,13,Kaloor,13:09:32,13:09:52
R1,WK_106,14,Town Hall,13:10:49,13:11:09
R1,WK_106,15,MG Road,13:13:07,13:13:37
R1,WK_106,16,Maharajas College,13:15:17,13:15:37
R1,WK_106,17,Ernakulam South,13:17:30,13:18:00
R1,WK_106,18,Kadavanthra,13:20:03,13:20:23
R1,WK_106,19,Elamkulam,13:22:10,13:22:30
R1,WK_106,20,Vyttila,13:24:32,13:24:52
R1,WK_106,21,Thykoodam,13:26:32,13:26:52
R1,WK_106,22,Pettah,13:28:50,13:29:10
R1,WK_106,23,Vadakkekotta,13:31:11,13:31:31
R1,WK_106,24,SN Junction,13:32:49,13:33:09
R1,WK_106,25,Tripunithura,13:35:12,13:35:12
R1,WK_107,1,Tripunithura,13:35:12,13:40:00
R1,WK_107,2,SN Junction,13:41:42,13:42:02
R1,WK_107,3,Vadakkekotta,13:43:20,13:43:40
R1,WK_107,4,Pettah,13:45:48,13:46:08
R1,WK_107,5,Thykoodam,13:48:01,13:48:21
R1,WK_107,6,Vyttila,13:49:55,13:50:15
R1,WK_107,7,Elamkulam,13:52:21,13:52:41
R1,WK_107,8,Kadavanthra,13:54:22,13:54:42
R1,WK_107,9,Ernakulam South,13:56:52,13:57:22
R1,WK_107,10,Maharajas College,13:59:16,13:59:36
R1,WK_107,11,MG Road,14:01:16,14:01:46
R1,WK_107,12,Town Hall,14:03:33,14:03:53
R1,WK_107,13,Kaloor,14:04:53,14:05:13
R1,WK_107,14,JLN Stadium,14:06:45,14:07:05
R1,WK_107,15,Palarivattom,14:08:44,14:09:04
R1,WK_107,16,Changampuzha Park,14:10:35,14:10:55
R1,WK_107,17,Edapally,14:12:41,14:13:11
R1,WK_107,18,Pathadipalam,14:15:03,14:15:23
R1,WK_107,19,Cochin University,14:17:01,14:17:31
R1,WK_107,20,Kalamassery,14:19:20,14:19:40
R1,WK_107,21,Muttom,14:22:08,14:22:38
R1,WK_107,22,Ambattukavu,14:24:05,14:24:25
R1,WK_107,23,Companypady,14:25:53,14:26:13
R1,WK_107,24,Pulinchodu,14:27:38,14:27:58
R1,WK_107,25,Aluva,14:29:58,14:29:58
R1,WK_108,1,Tripunithura,11:52:23,11:58:00
R1,WK_108,2,SN Junction,11:59:42,12:00:02
R1,WK_108,3,Vadakkekotta,12:01:20,12:01:40
R1,WK_108,4,Pettah,12:03:48,12:04:08
R1,WK_108,5,Thykoodam,12:06:01,12:06:21
R1,WK_108,6,Vyttila,12:07:55,12:08:15
R1,WK_108,7,Elamkulam,12:10:21,12:10:41
R1,WK_108,8,Kadavanthra,12:12:22,12:12:42
R1,WK_108,9,Ernakulam South,12:14:52,12:15:22
R1,WK_108,10,Maharajas College,12:17:16,12:17:36
R1,WK_108,11,MG Road,12:19:16,12:19:46
R1,WK_108,12,Town Hall,12:21:33,12:21:53
R1,WK_108,13,Kaloor,12:22:53,12:23:13
R1,WK_108,14,JLN Stadium,12:24:45,12:25:05
R1,WK_108,15,Palarivattom,12:26:44,12:27:04
R1,WK_108,16,Changampuzha Park,12:28:35,12:28:55
R1,WK_108,17,Edapally,12:30:41,12:31:11
R1,WK_108,18,Pathadipalam,12:33:03,12:33:23
R1,WK_108,19,Cochin University,12:35:01,12:35:31
R1,WK_108,20,Kalamassery,12:37:20,12:37:40
R1,WK_108,21,Muttom,12:40:08,12:40:38
R1,WK_108,22,Ambattukavu,12:42:05,12:42:25
R1,WK_108,23,Companypady,12:43:53,12:44:13
R1,WK_108,24,Pulinchodu,12:45:38,12:45:58
R1,WK_108,25,Aluva,12:47:58,12:47:58
R1,WK_109,1,Aluva,10:58:05,11:01:55
R1,WK_109,2,Pulinchodu,11:03:55,11:04:15
R1,WK_109,3,Companypady,11:05:42,11:06:02
R1,WK_109,4,Ambattukavu,11:07:28,11:07:48
R1,WK_109,5,Muttom,11:09:14,11:09:44
R1,WK_109,6,Kalamassery,11:12:10,11:12:30
R1,WK_109,7,Cochin University,11:14:19,11:14:39
R1,WK_109,8,Pathadipalam,11:16:23,11:16:43
R1,WK_109,9,Edapally,11:18:35,11:19:05
R1,WK_109,10,Changampuzha Park,11:20:57,11:21:17
R1,WK_109,11,Palarivattom,11:22:49,11:23:09
R1,WK_109,12,JLN Stadium,11:24:54,11:25:14
R1,WK_109,13,Kaloor,11:26:43,11:27:03
R1,WK_109,14,Town Hall,11:28:00,11:28:20
R1,WK_109,15,MG Road,11:30:18,11:30:48
R1,WK_109,16,Maharajas College,11:32:28,11:32:48
R1,WK_109,17,Ernakulam South,11:34:41,11:35:11
R1,WK_109,18,Kadavanthra,11:37:14,11:37:34
R1,WK_109,19,Elamkulam,11:39:21,11:39:41
R1,WK_109,20,Vyttila,11:41:43,11:42:03
R1,WK_109,21,Thykoodam,11:43:43,11:44:03
R1,WK_109,22,Pettah,11:46:01,11:46:21
R1,WK_109,23,Vadakkekotta,11:48:22,11:48:42
R1,WK_109,24,SN Junction,11:50:00,11:50:20
R1,WK_109,25,Tripunithura,11:52:23,11:52:23
R1,WK_11,1,Aluva,06:37:58,06:45:00
R1,WK_11,2,Pulinchodu,06:47:00,06:47:20
R1,WK_11,3,Companypady,06:48:47,06:49:07
R1,WK_11,4,Ambattukavu,06:50:33,06:50:53
R1,WK_11,5,Muttom,06:52:19,06:52:49
R1,WK_11,6,Kalamassery,06:55:15,06:55:35
R1,WK_11,7,Cochin University,06:57:24,06:57:44
R1,WK_11,8,Pathadipalam,06:59:28,06:59:48
R1,WK_11,9,Edapally,07:01:40,07:02:10
R1,WK_11,10,Changampuzha Park,07:04:02,07:04:22
R1,WK_11,11,Palarivattom,07:05:54,07:06:14
R1,WK_11,12,JLN Stadium,07:07:59,07:08:19
R1,WK_11,13,Kaloor,07:09:48,07:10:08
R1,WK_11,14,Town Hall,07:11:05,07:11:25
R1,WK_11,15,MG Road,07:13:23,07:13:53
R1,WK_11,16,Maharajas College,07:15:33,07:15:53
R1,WK_11,17,Ernakulam South,07:17:46,07:18:16
R1,WK_11,18,Kadavanthra,07:20:19,07:20:39
R1,WK_11,19,Elamkulam,07:22:26,07:22:46
R1,WK_11,20,Vyttila,07:24:48,07:25:08
R1,WK_11,21,Thykoodam,07:26:48,07:27:08
R1,WK_11,22,Pettah,07:29:06,07:29:26
R1,WK_11,23,Vadakkekotta,07:31:27,07:31:47
R1,WK_11,24,SN Junction,07:33:05,07:33:25
R1,WK_11,25,Tripunithura,07:35:28,07:35:28
R1,WK_110,1,Aluva,12:47:58,12:53:14
R1,WK_110,2,Pulinchodu,12:55:14,12:55:34
R1,WK_110,3,Companypady,12:57:01,12:57:21
R1,WK_110,4,Ambattukavu,12:58:47,12:59:07
R1,WK_110,5,Muttom,13:00:33,13:01:03
R1,WK_110,6,Kalamassery,13:03:29,13:03:49
R1,WK_110,7,Cochin University,13:05:38,13:05:58
R1,WK_110,8,Pathadipalam,13:07:42,13:08:02
R1,WK_110,9,Edapally,13:09:54,13:10:24
R1,WK_110,10,Changampuzha Park,13:12:16,13:12:36
R1,WK_110,11,Palarivattom,13:14:08,13:14:28
R1,WK_110,12,JLN Stadium,13:16:13,13:16:33
R1,WK_110,13,Kaloor,13:18:02,13:18:22
R1,WK_110,14,Town Hall,13:19:19,13:19:39
R1,WK_110,15,MG Road,13:21:37,13:22:07
R1,WK_110,16,Maharajas College,13:23:47,13:24:07
R1,WK_110,17,Ernakulam South,13:26:00,13:26:30
R1,WK_110,18,Kadavanthra,13:28:33,13:28:53
R1,WK_110,19,Elamkulam,13:30:40,13:31:00
R1,WK_110,20,Vyttila,13:33:02,13:33:22
R1,WK_110,21,Thykoodam,13:35:02,13:35:22
R1,WK_110,22,Pettah,13:37:20,13:37:40
R1,WK_110,23,Vadakkekotta,13:39:41,13:40:01
R1,WK_110,24,SN Junction,13:41:19,13:41:39
R1,WK_110,25,Tripunithura,13:43:42,13:43:42
R1,WK_111,1,Tripunithura,13:43:42,13:48:30
R1,WK_111,2,SN Junction,13:50:12,13:50:32
R1,WK_111,3,Vadakkekotta,13:51:50,13:52:10
R1,WK_111,4,Pettah,13:54:18,13:54:38
R1,WK_111,5,Thykoodam,13:56:31,13:56:51
R1,WK_111,6,Vyttila,13:58:25,13:58:45
R1,WK_111,7,Elamkulam,14:00:51,14:01:11
R1,WK_111,8,Kadavanthra,14:02:52,14:03:12
R1,WK_111,9,Ernakulam South,14:05:22,14:05:52
R1,WK_111,10,Maharajas College,14:07:46,14:08:06
R1,WK_111,11,MG Road,14:09:46,14:10:16
R1,WK_111,12,Town Hall,14:12:03,14:12:23
R1,WK_111,13,Kaloor,14:13:23,14:13:43
R1,WK_111,14,JLN Stadium,14:15:15,14:15:35
R1,WK_111,15,Palarivattom,14:17:14,14:17:34
R1,WK_111,16,Changampuzha Park,14:19:05,14:19:25
R1,WK_111,17,Edapally,14:21:11,14:21:41
R1,WK_111,18,Pathadipalam,14:23:33,14:23:53
R1,WK_111,19,Cochin University,14:25:31,14:26:01
R1,WK_111,20,Kalamassery,14:27:50,14:28:10
R1,WK_111,21,Muttom,14:30:38,14:31:08
R1,WK_111,22,Ambattukavu,14:32:35,14:32:55
R1,WK_111,23,Companypady,14:34:23,14:34:43
R1,WK_111,24,Pulinchodu,14:36:08,14:36:28
R1,WK_111,25,Aluva,14:38:28,14:38:28
R1,WK_112,1,Tripunithura,12:00:53,12:06:30
R1,WK_112,2,SN Junction,12:08:12,12:08:32
R1,WK_112,3,Vadakkekotta,12:09:50,12:10:10
R1,WK_112,4,Pettah,12:12:18,12:12:38
R1,WK_112,5,Thykoodam,12:14:31,12:14:51
R1,WK_112,6,Vyttila,12:16:25,12:16:45
R1,WK_112,7,Elamkulam,12:18:51,12:19:11
R1,WK_112,8,Kadavanthra,12:20:52,12:21:12
R1,WK_112,9,Ernakulam South,12:23:22,12:23:52
R1,WK_112,10,Maharajas College,12:25:46,12:26:06
R1,WK_112,11,MG Road,12:27:46,12:28:16
R1,WK_112,12,Town Hall,12:30:03,12:30:23
R1,WK_112,13,Kaloor,12:31:23,12:31:43
R1,WK_112,14,JLN Stadium,12:33:15,12:33:35
R1,WK_112,15,Palarivattom,12:35:14,12:35:34
R1,WK_112,16,Changampuzha Park,12:37:05,12:37:25
R1,WK_112,17,Edapally,12:39:11,12:39:41
R1,WK_112,18,Pathadipalam,12:41:33,12:41:53
R1,WK_112,19,Cochin University,12:43:31,12:44:01
R1,WK_112,20,Kalamassery,12:45:50,12:46:10
R1,WK_112,21,Muttom,12:48:38,12:49:08
R1,WK_112,22,Ambattukavu,12:50:35,12:50:55
R1,WK_112,23,Companypady,12:52:23,12:52:43
R1,WK_112,24,Pulinchodu,12:54:08,12:54:28
R1,WK_112,25,Aluva,12:56:28,12:56:28
R1,WK_113,1,Aluva,11:05:55,11:10:25
R1,WK_113,2,Pulinchodu,11:12:25,11:12:45
R1,WK_113,3,Companypady,11:14:12,11:14:32
R1,WK_113,4,Ambattukavu,11:15:58,11:16:18
R1,WK_113,5,Muttom,11:17:44,11:18:14
R1,WK_113,6,Kalamassery,11:20:40,11:21:00
R1,WK_113,7,Cochin University,11:22:49,11:23:09
R1,WK_113,8,Pathadipalam,11:24:53,11:25:13
R1,WK_113,9,Edapally,11:27:05,11:27:35
R1,WK_113,10,Changampuzha Park,11:29:27,11:29:47
R1,WK_113,11,Palarivattom,11:31:19,11:31:39
R1,WK_113,12,JLN Stadium,11:33:24,11:33:44
R1,WK_113,13,Kaloor,11:35:13,11:35:33
R1,WK_113,14,Town Hall,11:36:30,11:36:50
R1,WK_113,15,MG Road,11:38:48,11:39:18
R1,WK_113,16,Maharajas College,11:40:58,11:41:18
R1,WK_113,17,Ernakulam South,11:43:11,11:43:41
R1,WK_113,18,Kadavanthra,11:45:44,11:46:04
R1,WK_113,19,Elamkulam,11:47:51,11:48:11
R1,WK_113,20,Vyttila,11:50:13,11:50:33
R1,WK_113,21,Thykoodam,11:52:13,11:52:33
R1,WK_113,22,Pettah,11:54:31,11:54:51
R1,WK_113,23,Vadakkekotta,11:56:52,11:57:12
R1,WK_113,24,SN Junction,11:58:30,11:58:50
R1,WK_113,25,Tripunithura,12:00:53,12:00:53
R1,WK_114,1,Aluva,12:56:28,13:01:44
R1,WK_114,2,Pulinchodu,13:03:44,13:04:04
R1,WK_114,3,Companypady,13:05:31,13:05:51
R1,WK_114,4,Ambattukavu,13:07:17,13:07:37
R1,WK_114,5,Muttom,13:09:03,13:09:33
R1,WK_114,6,Kalamassery,13:11:59,13:12:19
R1,WK_114,7,Cochin University,13:14:08,13:14:28
R1,WK_114,8,Pathadipalam,13:16:12,13:16:32
R1,WK_114,9,Edapally,13:18:24,13:18:54
R1,WK_114,10,Changampuzha Park,13:20:46,13:21:06
R1,WK_114,11,Palarivattom,13:22:38,13:22:58
R1,WK_114,12,JLN Stadium,13:24:43,13:25:03
R1,WK_114,13,Kaloor,13:26:32,13:26:52
R1,WK_114,14,Town Hall,13:27:49,13:28:09
R1,WK_114,15,MG Road,13:30:07,13:30:37
R1,WK_114,16,Maharajas College,13:32:17,13:32:37
R1,WK_114,17,Ernakulam South,13:34:30,13:35:00
R1,WK_114,18,Kadavanthra,13:37:03,13:37:23
R1,WK_114,19,Elamkulam,13:39:10,13:39:30
R1,WK_114,20,Vyttila,13:41:32,13:41:52
R1,WK_114,21,Thykoodam,13:43:32,13:43:52
R1,WK_114,22,Pettah,13:45:50,13:46:10
R1,WK_114,23,Vadakkekotta,13:48:11,13:48:31
R1,WK_114,24,SN Junction,13:49:49,13:50:09
R1,WK_114,25,Tripunithura,13:52:12,13:52:12
R1,WK_115,1,Tripunithura,13:52:12,13:57:00
R1,WK_115,2,SN Junction,13:58:42,13:59:02
R1,WK_115,3,Vadakkekotta,14:00:20,14:00:40
R1,WK_115,4,Pettah,14:02:48,14:03:08
R1,WK_115,5,Thykoodam,14:05:01,14:05:21
R1,WK_115,6,Vyttila,14:06:55,14:07:15
R1,WK_115,7,Elamkulam,14:09:21,14:09:41
R1,WK_115,8,Kadavanthra,14:11:22,14:11:42
R1,WK_115,9,Ernakulam South,14:13:52,14:14:22
R1,WK_115,10,Maharajas College,14:16:16,14:16:36
R1,WK_115,11,MG Road,14:18:16,14:18:46
R1,WK_115,12,Town Hall,14:20:33,14:20:53
R1,WK_115,13,Kaloor,14:21:53,14:22:13
R1,WK_115,14,JLN Stadium,14:23:45,14:24:05
R1,WK_115,15,Palarivattom,14:25:44,14:26:04
R1,WK_115,16,Changampuzha Park,14:27:35,14:27:55
R1,WK_115,17,Edapally,14:29:41,14:30:11
R1,WK_115,18,Pathadipalam,14:32:03,14:32:23
R1,WK_115,19,Cochin University,14:34:01,14:34:31
R1,WK_115,20,Kalamassery,14:36:20,14:36:40
R1,WK_115,21,Muttom,14:39:08,14:39:38
R1,WK_115,22,Ambattukavu,14:41:05,14:41:25
R1,WK_115,23,Companypady,14:42:53,14:43:13
R1,WK_115,24,Pulinchodu,14:44:38,14:44:58
R1,WK_115,25,Aluva,14:46:58,14:46:58
R1,WK_116,1,Tripunithura,12:09:43,12:15:00
R1,WK_116,2,SN Junction,12:16:42,12:17:02
R1,WK_116,3,Vadakkekotta,12:18:20,12:18:40
R1,WK_116,4,Pettah,12:20:48,12:21:08
R1,WK_116,5,Thykoodam,12:23:01,12:23:21
R1,WK_116,6,Vyttila,12:24:55,12:25:15
R1,WK_116,7,Elamkulam,12:27:21,12:27:41
R1,WK_116,8,Kadavanthra,12:29:22,12:29:42
R1,WK_116,9,Ernakulam South,12:31:52,12:32:22
R1,WK_116,10,Maharajas College,12:34:16,12:34:36
R1,WK_116,11,MG Road,12:36:16,12:36:46
R1,WK_116,12,Town Hall,12:38:33,12:38:53
R1,WK_116,13,Kaloor,12:39:53,12:40:13
R1,WK_116,14,JLN Stadium,12:41:45,12:42:05
R1,WK_116,15,Palarivattom,12:43:44,12:44:04
R1,WK_116,16,Changampuzha Park,12:45:35,12:45:55
R1,WK_116,17,Edapally,12:47:41,12:48:11
R1,WK_116,18,Pathadipalam,12:50:03,12:50:23
R1,WK_116,19,Cochin University,12:52:01,12:52:31
R1,WK_116,20,Kalamassery,12:54:20,12:54:40
R1,WK_116,21,Muttom,12:57:08,12:57:38
R1,WK_116,22,Ambattukavu,12:59:05,12:59:25
R1,WK_116,23,Companypady,13:00:53,13:01:13
R1,WK_116,24,Pulinchodu,13:02:38,13:02:58
R1,WK_116,25,Aluva,13:04:58,13:04:58
R1,WK_117,1,Aluva,11:17:25,11:19:15
R1,WK_117,2,Pulinchodu,11:21:15,11:21:35
R1,WK_117,3,Companypady,11:23:02,11:23:22
R1,WK_117,4,Ambattukavu,11:24:48,11:25:08
R1,WK_117,5,Muttom,11:26:34,11:27:04
R1,WK_117,6,Kalamassery,11:29:30,11:29:50
R1,WK_117,7,Cochin University,11:31:39,11:31:59
R1,WK_117,8,Pathadipalam,11:33:43,11:34:03
R1,WK_117,9,Edapally,11:35:55,11:36:25
R1,WK_117,10,Changampuzha Park,11:38:17,11:38:37
R1,WK_117,11,Palarivattom,11:40:09,11:40:29
R1,WK_117,12,JLN Stadium,11:42:14,11:42:34
R1,WK_117,13,Kaloor,11:44:03,11:44:23
R1,WK_117,14,Town Hall,11:45:20,11:45:40
R1,WK_117,15,MG Road,11:47:38,11:48:08
R1,WK_117,16,Maharajas College,11:49:48,11:50:08
R1,WK_117,17,Ernakulam South,11:52:01,11:52:31
R1,WK_117,18,Kadavanthra,11:54:34,11:54:54
R1,WK_117,19,Elamkulam,11:56:41,11:57:01
R1,WK_117,20,Vyttila,11:59:03,11:59:23
R1,WK_117,21,Thykoodam,12:01:03,12:01:23
R1,WK_117,22,Pettah,12:03:21,12:03:41
R1,WK_117,23,Vadakkekotta,12:05:42,12:06:02
R1,WK_117,24,SN Junction,12:07:20,12:07:40
R1,WK_117,25,Tripunithura,12:09:43,12:09:43
R1,WK_118,1,Aluva,13:04:58,13:10:14
R1,WK_118,2,Pulinchodu,13:12:14,13:12:34
R1,WK_118,3,Companypady,13:14:01,13:14:21
R1,WK_118,4,Ambattukavu,13:15:47,13:16:07
R1,WK_118,5,Muttom,13:17:33,13:18:03
R1,WK_118,6,Kalamassery,13:20:29,13:20:49
R1,WK_118,7,Cochin University,13:22:38,13:22:58
R1,WK_118,8,Pathadipalam,13:24:42,13:25:02
R1,WK_118,9,Edapally,13:26:54,13:27:24
R1,WK_118,10,Changampuzha Park,13:29:16,13:29:36
R1,WK_118,11,Palarivattom,13:31:08,13:31:28
R1,WK_118,12,JLN Stadium,13:33:13,13:33:33
R1,WK_118,13,Kaloor,13:35:02,13:35:22
R1,WK_118,14,Town Hall,13:36:19,13:36:39
R1,WK_118,15,MG Road,13:38:37,13:39:07
R1,WK_118,16,Maharajas College,13:40:47,13:41:07
R1,WK_118,17,Ernakulam South,13:43:00,13:43:30
R1,WK_118,18,Kadavanthra,13:45:33,13:45:53
R1,WK_118,19,Elamkulam,13:47:40,13:48:00
R1,WK_118,20,Vyttila,13:50:02,13:50:22
R1,WK_118,21,Thykoodam,13:52:02,13:52:22
R1,WK_118,22,Pettah,13:54:20,13:54:40
R1,WK_118,23,Vadakkekotta,13:56:41,13:57:01
R1,WK_118,24,SN Junction,13:58:19,13:58:39
R1,WK_118,25,Tripunithura,14:00:42,14:00:42
R1,WK_119,1,Tripunithura,14:00:42,14:05:30
R1,WK_119,2,SN Junction,14:07:12,14:07:32
R1,WK_119,3,Vadakkekotta,14:08:50,14:09:10
R1,WK_119,4,Pettah,14:11:18,14:11:38
R1,WK_119,5,Thykoodam,14:13:31,14:13:51
R1,WK_119,6,Vyttila,14:15:25,14:15:45
R1,WK_119,7,Elamkulam,14:17:51,14:18:11
R1,WK_119,8,Kadavanthra,14:19:52,14:20:12
R1,WK_119,9,Ernakulam South,14:22:22,14:22:52
R1,WK_119,10,Maharajas College,14:24:46,14:25:06
R1,WK_119,11,MG Road,14:26:46,14:27:16
R1,WK_119,12,Town Hall,14:29:03,14:29:23
R1,WK_119,13,Kaloor,14:30:23,14:30:43
R1,WK_119,14,JLN Stadium,14:32:15,14:32:35
R1,WK_119,15,Palarivattom,14:34:14,14:34:34
R1,WK_119,16,Changampuzha Park,14:36:05,14:36:25
R1,WK_119,17,Edapally,14:38:11,14:38:41
R1,WK_119,18,Pathadipalam,14:40:33,14:40:53
R1,WK_119,19,Cochin University,14:42:31,14:43:01
R1,WK_119,20,Kalamassery,14:44:50,14:45:10
R1,WK_119,21,Muttom,14:47:38,14:48:08
R1,WK_119,22,Ambattukavu,14:49:35,14:49:55
R1,WK_119,23,Companypady,14:51:23,14:51:43
R1,WK_119,24,Pulinchodu,14:53:08,14:53:28
R1,WK_119,25,Aluva,14:55:28,14:55:28
R1,WK_12,1,Kadavanthra,05:49:20,05:57:00
R1,WK_12,2,Ernakulam South,05:59:10,05:59:52
R1,WK_12,3,Maharajas College,06:01:46,06:02:36
R1,WK_12,4,MG Road,06:04:16,06:05:06
R1,WK_12,5,Town Hall,06:06:53,06:07:43
R1,WK_12,6,Kaloor,06:08:43,06:09:33
R1,WK_12,7,JLN Stadium,06:11:05,06:11:55
R1,WK_12,8,Palarivattom,06:13:34,06:14:24
R1,WK_12,9,Changampuzha Park,06:15:55,06:16:45
R1,WK_12,10,Edapally,06:18:31,06:19:21
R1,WK_12,11,Pathadipalam,06:21:13,06:22:03
R1,WK_12,12,Cochin University,06:23:41,06:24:31
R1,WK_12,13,Kalamassery,06:26:20,06:27:10
R1,WK_12,14,Muttom,06:29:38,06:30:08
R1,WK_12,15,Ambattukavu,06:31:35,06:32:05
R1,WK_12,16,Companypady,06:33:33,06:34:03
R1,WK_12,17,Pulinchodu,06:35:28,06:35:58
R1,WK_12,18,Aluva,06:37:58,06:37:58
R1,WK_120,1,Aluva,13:13:28,13:18:44
R1,WK_120,2,Pulinchodu,13:20:44,13:21:04
R1,WK_120,3,Companypady,13:22:31,13:22:51
R1,WK_120,4,Ambattukavu,13:24:17,13:24:37
R1,WK_120,5,Muttom,13:26:03,13:26:33
R1,WK_120,6,Kalamassery,13:28:59,13:29:19
R1,WK_120,7,Cochin University,13:31:08,13:31:28
R1,WK_120,8,Pathadipalam,13:33:12,13:33:32
R1,WK_120,9,Edapally,13:35:24,13:35:54
R1,WK_120,10,Changampuzha Park,13:37:46,13:38:06
R1,WK_120,11,Palarivattom,13:39:38,13:39:58
R1,WK_120,12,JLN Stadium,13:41:43,13:42:03
R1,WK_120,13,Kaloor,13:43:32,13:43:52
R1,WK_120,14,Town Hall,13:44:49,13:45:09
R1,WK_120,15,MG Road,13:47:07,13:47:37
R1,WK_120,16,Maharajas College,13:49:17,13:49:37
R1,WK_120,17,Ernakulam South,13:51:30,13:52:00
R1,WK_120,18,Kadavanthra,13:54:03,13:54:23
R1,WK_120,19,Elamkulam,13:56:10,13:56:30
R1,WK_120,20,Vyttila,13:58:32,13:58:52
R1,WK_120,21,Thykoodam,14:00:32,14:00:52
R1,WK_120,22,Pettah,14:02:50,14:03:10
R1,WK_120,23,Vadakkekotta,14:05:11,14:05:31
R1,WK_120,24,SN Junction,14:06:49,14:07:09
R1,WK_120,25,Tripunithura,14:09:12,14:09:12
R1,WK_121,1,Tripunithura,14:09:12,14:14:00
R1,WK_121,2,SN Junction,14:15:42,14:16:02
R1,WK_121,3,Vadakkekotta,14:17:20,14:17:40
R1,WK_121,4,Pettah,14:19:48,14:20:08
R1,WK_121,5,Thykoodam,14:22:01,14:22:21
R1,WK_121,6,Vyttila,14:23:55,14:24:15
R1,WK_121,7,Elamkulam,14:26:21,14:26:41
R1,WK_121,8,Kadavanthra,14:28:22,14:28:42
R1,WK_121,9,Ernakulam South,14:30:52,14:31:22
R1,WK_121,10,Maharajas College,14:33:16,14:33:36
R1,WK_121,11,MG Road,14:35:16,14:35:46
R1,WK_121,12,Town Hall,14:37:33,14:37:53
R1,WK_121,13,Kaloor,14:38:53,14:39:13
R1,WK_121,14,JLN Stadium,14:40:45,14:41:05
R1,WK_121,15,Palarivattom,14:42:44,14:43:04
R1,WK_121,16,Changampuzha Park,14:44:35,14:44:55
R1,WK_121,17,Edapally,14:46:41,14:47:11
R1,WK_121,18,Pathadipalam,14:49:03,14:49:23
R1,WK_121,19,Cochin University,14:51:01,14:51:31
R1,WK_121,20,Kalamassery,14:53:20,14:53:40
R1,WK_121,21,Muttom,14:56:08,14:56:38
R1,WK_121,22,Ambattukavu,14:58:05,14:58:25
R1,WK_121,23,Companypady,14:59:53,15:00:13
R1,WK_121,24,Pulinchodu,15:01:38,15:01:58
R1,WK_121,25,Aluva,15:03:58,15:03:58
R1,WK_122,1,Aluva,13:21:58,13:27:14
R1,WK_122,2,Pulinchodu,13:29:14,13:29:34
R1,WK_122,3,Companypady,13:31:01,13:31:21
R1,WK_122,4,Ambattukavu,13:32:47,13:33:07
R1,WK_122,5,Muttom,13:34:33,13:35:03
R1,WK_122,6,Kalamassery,13:37:29,13:37:49
R1,WK_122,7,Cochin University,13:39:38,13:39:58
R1,WK_122,8,Pathadipalam,13:41:42,13:42:02
R1,WK_122,9,Edapally,13:43:54,13:44:24
R1,WK_122,10,Changampuzha Park,13:46:16,13:46:36
R1,WK_122,11,Palarivattom,13:48:08,13:48:28
R1,WK_122,12,JLN Stadium,13:50:13,13:50:33
R1,WK_122,13,Kaloor,13:52:02,13:52:22
R1,WK_122,14,Town Hall,13:53:19,13:53:39
R1,WK_122,15,MG Road,13:55:37,13:56:07
R1,WK_122,16,Maharajas College,13:57:47,13:58:07
R1,WK_122,17,Ernakulam South,14:00:00,14:00:30
R1,WK_122,18,Kadavanthra,14:02:33,14:02:53
R1,WK_122,19,Elamkulam,14:04:40,14:05:00
R1,WK_122,20,Vyttila,14:07:02,14:07:22
R1,WK_122,21,Thykoodam,14:09:02,14:09:22
R1,WK_122,22,Pettah,14:11:20,14:11:40
R1,WK_122,23,Vadakkekotta,14:13:41,14:14:01
R1,WK_122,24,SN Junction,14:15:19,14:15:39
R1,WK_122,25,Tripunithura,14:17:42,14:17:42
R1,WK_123,1,Tripunithura,14:17:42,14:22:30
R1,WK_123,2,SN Junction,14:24:12,14:24:32
R1,WK_123,3,Vadakkekotta,14:25:50,14:26:10
R1,WK_123,4,Pettah,14:28:18,14:28:38
R1,WK_123,5,Thykoodam,14:30:31,14:30:51
R1,WK_123,6,Vyttila,14:32:25,14:32:45
R1,WK_123,7,Elamkulam,14:34:51,14:35:11
R1,WK_123,8,Kadavanthra,14:36:52,14:37:12
R1,WK_123,9,Ernakulam South,14:39:22,14:39:52
R1,WK_123,10,Maharajas College,14:41:46,14:42:06
R1,WK_123,11,MG Road,14:43:46,14:44:16
R1,WK_123,12,Town Hall,14:46:03,14:46:23
R1,WK_123,13,Kaloor,14:47:23,14:47:43
R1,WK_123,14,JLN Stadium,14:49:15,14:49:35
R1,WK_123,15,Palarivattom,14:51:14,14:51:34
R1,WK_123,16,Changampuzha Park,14:53:05,14:53:25
R1,WK_123,17,Edapally,14:55:11,14:55:41
R1,WK_123,18,Pathadipalam,14:57:33,14:57:53
R1,WK_123,19,Cochin University,14:59:31,15:00:01
R1,WK_123,20,Kalamassery,15:01:50,15:02:10
R1,WK_123,21,Muttom,15:04:38,15:05:08
R1,WK_123,22,Ambattukavu,15:06:35,15:06:55
R1,WK_123,23,Companypady,15:08:23,15:08:43
R1,WK_123,24,Pulinchodu,15:10:08,15:10:28
R1,WK_123,25,Aluva,15:12:28,15:12:28
R1,WK_124,1,Aluva,13:30:28,13:35:44
R1,WK_124,2,Pulinchodu,13:37:44,13:38:04
R1,WK_124,3,Companypady,13:39:31,13:39:51
R1,WK_124,4,Ambattukavu,13:41:17,13:41:37
R1,WK_124,5,Muttom,13:43:03,13:43:33
R1,WK_124,6,Kalamassery,13:45:59,13:46:19
R1,WK_124,7,Cochin University,13:48:08,13:48:28
R1,WK_124,8,Pathadipalam,13:50:12,13:50:32
R1,WK_124,9,Edapally,13:52:24,13:52:54
R1,WK_124,10,Changampuzha Park,13:54:46,13:55:06
R1,WK_124,11,Palarivattom,13:56:38,13:56:58
R1,WK_124,12,JLN Stadium,13:58:43,13:59:03
R1,WK_124,13,Kaloor,14:00:32,14:00:52
R1,WK_124,14,Town Hall,14:01:49,14:02:09
R1,WK_124,15,MG Road,14:04:07,14:04:37
R1,WK_124,16,Maharajas College,14:06:17,14:06:37
R1,WK_124,17,Ernakulam South,14:08:30,14:09:00
R1,WK_124,18,Kadavanthra,14:11:03,14:11:23
R1,WK_124,19,Elamkulam,14:13:10,14:13:30
R1,WK_124,20,Vyttila,14:15:32,14:15:52
R1,WK_124,21,Thykoodam,14:17:32,14:17:52
R1,WK_124,22,Pettah,14:19:50,14:20:10
R1,WK_124,23,Vadakkekotta,14:22:11,14:22:31
R1,WK_124,24,SN Junction,14:23:49,14:24:09
R1,WK_124,25,Tripunithura,14:26:12,14:26:12
R1,WK_125,1,Tripunithura,14:26:12,14:31:00
R1,WK_125,2,SN Junction,14:32:42,14:33:02
R1,WK_125,3,Vadakkekotta,14:34:20,14:34:40
R1,WK_125,4,Pettah,14:36:48,14:37:08
R1,WK_125,5,Thykoodam,14:39:01,14:39:21
R1,WK_125,6,Vyttila,14:40:55,14:41:15
R1,WK_125,7,Elamkulam,14:43:21,14:43:41
R1,WK_125,8,Kadavanthra,14:45:22,14:45:42
R1,WK_125,9,Ernakulam South,14:47:52,14:48:22
R1,WK_125,10,Maharajas College,14:50:16,14:50:36
R1,WK_125,11,MG Road,14:52:16,14:52:46
R1,WK_125,12,Town Hall,14:54:33,14:54:53
R1,WK_125,13,Kaloor,14:55:53,14:56:13
R1,WK_125,14,JLN Stadium,14:57:45,14:58:05
R1,WK_125,15,Palarivattom,14:59:44,15:00:04
R1,WK_125,16,Changampuzha Park,15:01:35,15:01:55
R1,WK_125,17,Edapally,15:03:41,15:04:11
R1,WK_125,18,Pathadipalam,15:06:03,15:06:23
R1,WK_125,19,Cochin University,15:08:01,15:08:31
R1,WK_125,20,Kalamassery,15:10:20,15:10:40
R1,WK_125,21,Muttom,15:13:08,15:13:38
R1,WK_125,22,Ambattukavu,15:15:05,15:15:25
R1,WK_125,23,Companypady,15:16:53,15:17:13
R1,WK_125,24,Pulinchodu,15:18:38,15:18:58
R1,WK_125,25,Aluva,15:20:58,15:20:58
R1,WK_126,1,Aluva,13:38:58,13:44:14
R1,WK_126,2,Pulinchodu,13:46:14,13:46:34
R1,WK_126,3,Companypady,13:48:01,13:48:21
R1,WK_126,4,Ambattukavu,13:49:47,13:50:07
R1,WK_126,5,Muttom,13:51:33,13:52:03
R1,WK_126,6,Kalamassery,13:54:29,13:54:49
R1,WK_126,7,Cochin University,13:56:38,13:56:58
R1,WK_126,8,Pathadipalam,13:58:42,13:59:02
R1,WK_126,9,Edapally,14:00:54,14:01:24
R1,WK_126,10,Changampuzha Park,14:03:16,14:03:36
R1,WK_126,11,Palarivattom,14:05:08,14:05:28
R1,WK_126,12,JLN Stadium,14:07:13,14:07:33
R1,WK_126,13,Kaloor,14:09:02,14:09:22
R1,WK_126,14,Town Hall,14:10:19,14:10:39
R1,WK_126,15,MG Road,14:12:37,14:13:07
R1,WK_126,16,Maharajas College,14:14:47,14:15:07
R1,WK_126,17,Ernakulam South,14:17:00,14:17:30
R1,WK_126,18,Kadavanthra,14:19:33,14:19:53
R1,WK_126,19,Elamkulam,14:21:40,14:22:00
R1,WK_126,20,Vyttila,14:24:02,14:24:22
R1,WK_126,21,Thykoodam,14:26:02,14:26:22
R1,WK_126,22,Pettah,14:28:20,14:28:40
R1,WK_126,23,Vadakkekotta,14:30:41,14:31:01
R1,WK_126,24,SN Junction,14:32:19,14:32:39
R1,WK_126,25,Tripunithura,14:34:42,14:34:42
R1,WK_127,1,Tripunithura,14:34:42,14:39:30
R1,WK_127,2,SN Junction,14:41:12,14:41:32
R1,WK_127,3,Vadakkekotta,14:42:50,14:43:10
R1,WK_127,4,Pettah,14:45:18,14:45:38
R1,WK_127,5,Thykoodam,14:47:31,14:47:51
R1,WK_127,6,Vyttila,14:49:25,14:49:45
R1,WK_127,7,Elamkulam,14:51:51,14:52:11
R1,WK_127,8,Kadavanthra,14:53:52,14:54:12
R1,WK_127,9,Ernakulam South,14:56:22,14:56:52
R1,WK_127,10,Maharajas College,14:58:46,14:59:06
R1,WK_127,11,MG Road,15:00:46,15:01:16
R1,WK_127,12,Town Hall,15:03:03,15:03:23
R1,WK_127,13,Kaloor,15:04:23,15:04:43
R1,WK_127,14,JLN Stadium,15:06:15,15:06:35
R1,WK_127,15,Palarivattom,15:08:14,15:08:34
R1,WK_127,16,Changampuzha Park,15:10:05,15:10:25
R1,WK_127,17,Edapally,15:12:11,15:12:41
R1,WK_127,18,Pathadipalam,15:14:33,15:14:53
R1,WK_127,19,Cochin University,15:16:31,15:17:01
R1,WK_127,20,Kalamassery,15:18:50,15:19:10
R1,WK_127,21,Muttom,15:21:38,15:22:08
R1,WK_127,22,Ambattukavu,15:23:35,15:23:55
R1,WK_127,23,Companypady,15:25:23,15:25:43
R1,WK_127,24,Pulinchodu,15:27:08,15:27:28
R1,WK_127,25,Aluva,15:29:28,15:29:28
R1,WK_128,1,Aluva,13:47:28,13:52:44
R1,WK_128,2,Pulinchodu,13:54:44,13:55:04
R1,WK_128,3,Companypady,13:56:31,13:56:51
R1,WK_128,4,Ambattukavu,13:58:17,13:58:37
R1,WK_128,5,Muttom,14:00:03,14:00:33
R1,WK_128,6,Kalamassery,14:02:59,14:03:19
R1,WK_128,7,Cochin University,14:05:08,14:05:28
R1,WK_128,8,Pathadipalam,14:07:12,14:07:32
R1,WK_128,9,Edapally,14:09:24,14:09:54
R1,WK_128,10,Changampuzha Park,14:11:46,14:12:06
R1,WK_128,11,Palarivattom,14:13:38,14:13:58
R1,WK_128,12,JLN Stadium,14:15:43,14:16:03
R1,WK_128,13,Kaloor,14:17:32,14:17:52
R1,WK_128,14,Town Hall,14:18:49,14:19:09
R1,WK_128,15,MG Road,14:21:07,14:21:37
R1,WK_128,16,Maharajas College,14:23:17,14:23:37
R1,WK_128,17,Ernakulam South,14:25:30,14:26:00
R1,WK_128,18,Kadavanthra,14:28:03,14:28:23
R1,WK_128,19,Elamkulam,14:30:10,14:30:30
R1,WK_128,20,Vyttila,14:32:32,14:32:52
R1,WK_128,21,Thykoodam,14:34:32,14:34:52
R1,WK_128,22,Pettah,14:36:50,14:37:10
R1,WK_128,23,Vadakkekotta,14:39:11,14:39:31
R1,WK_128,24,SN Junction,14:40:49,14:41:09
R1,WK_128,25,Tripunithura,14:43:12,14:43:12
R1,WK_129,1,Tripunithura,14:43:12,14:48:00
R1,WK_129,2,SN Junction,14:49:42,14:50:02
R1,WK_129,3,Vadakkekotta,14:51:20,14:51:40
R1,WK_129,4,Pettah,14:53:48,14:54:08
R1,WK_129,5,Thykoodam,14:56:01,14:56:21
R1,WK_129,6,Vyttila,14:57:55,14:58:15
R1,WK_129,7,Elamkulam,15:00:21,15:00:41
R1,WK_129,8,Kadavanthra,15:02:22,15:02:42
R1,WK_129,9,Ernakulam South,15:04:52,15:05:22
R1,WK_129,10,Maharajas College,15:07:16,15:07:36
R1,WK_129,11,MG Road,15:09:16,15:09:46
R1,WK_129,12,Town Hall,15:11:33,15:11:53
R1,WK_129,13,Kaloor,15:12:53,15:13:13
R1,WK_129,14,JLN Stadium,15:14:45,15:15:05
R1,WK_129,15,Palarivattom,15:16:44,15:17:04
R1,WK_129,16,Changampuzha Park,15:18:35,15:18:55
R1,WK_129,17,Edapally,15:20:41,15:21:11
R1,WK_129,18,Pathadipalam,15:23:03,15:23:23
R1,WK_129,19,Cochin University,15:25:01,15:25:31
R1,WK_129,20,Kalamassery,15:27:20,15:27:40
R1,WK_129,21,Muttom,15:30:08,15:30:38
R1,WK_129,22,Ambattukavu,15:32:05,15:32:25
R1,WK_129,23,Companypady,15:33:53,15:34:13
R1,WK_129,24,Pulinchodu,15:35:38,15:35:58
R1,WK_129,25,Aluva,15:37:58,15:37:58
R1,WK_13,1,Tripunithura,07:35:28,07:40:00
R1,WK_13,2,SN Junction,07:41:42,07:42:12
R1,WK_13,3,Vadakkekotta,07:43:30,07:44:00
R1,WK_13,4,Pettah,07:46:08,07:46:38
R1,WK_13,5,Thykoodam,07:48:31,07:49:01
R1,WK_13,6,Vyttila,07:50:35,07:51:05
R1,WK_13,7,Elamkulam,07:53:11,07:53:41
R1,WK_13,8,Kadavanthra,07:55:22,07:55:52
R1,WK_13,9,Ernakulam South,07:58:02,07:58:32
R1,WK_13,10,Maharajas College,08:00:26,08:00:56
R1,WK_13,11,MG Road,08:02:36,08:03:06
R1,WK_13,12,Town Hall,08:04:53,08:05:23
R1,WK_13,13,Kaloor,08:06:23,08:06:53
R1,WK_13,14,JLN Stadium,08:08:25,08:08:55
R1,WK_13,15,Palarivattom,08:10:34,08:11:04
R1,WK_13,16,Changampuzha Park,08:12:35,08:13:05
R1,WK_13,17,Edapally,08:14:51,08:15:21
R1,WK_13,18,Pathadipalam,08:17:13,08:17:43
R1,WK_13,19,Cochin University,08:19:21,08:19:51
R1,WK_13,20,Kalamassery,08:21:40,08:22:10
R1,WK_13,21,Muttom,08:24:38,08:25:08
R1,WK_13,22,Ambattukavu,08:26:35,08:27:05
R1,WK_13,23,Companypady,08:28:33,08:29:03
R1,WK_13,24,Pulinchodu,08:30:28,08:30:58
R1,WK_13,25,Aluva,08:32:58,08:32:58
R1,WK_130,1,Aluva,13:55:58,14:01:14
R1,WK_130,2,Pulinchodu,14:03:14,14:03:34
R1,WK_130,3,Companypady,14:05:01,14:05:21
R1,WK_130,4,Ambattukavu,14:06:47,14:07:07
R1,WK_130,5,Muttom,14:08:33,14:09:03
R1,WK_130,6,Kalamassery,14:11:29,14:11:49
R1,WK_130,7,Cochin University,14:13:38,14:13:58
R1,WK_130,8,Pathadipalam,14:15:42,14:16:02
R1,WK_130,9,Edapally,14:17:54,14:18:24
R1,WK_130,10,Changampuzha Park,14:20:16,14:20:36
R1,WK_130,11,Palarivattom,14:22:08,14:22:28
R1,WK_130,12,JLN Stadium,14:24:13,14:24:33
R1,WK_130,13,Kaloor,14:26:02,14:26:22
R1,WK_130,14,Town Hall,14:27:19,14:27:39
R1,WK_130,15,MG Road,14:29:37,14:30:07
R1,WK_130,16,Maharajas College,14:31:47,14:32:07
R1,WK_130,17,Ernakulam South,14:34:00,14:34:30
R1,WK_130,18,Kadavanthra,14:36:33,14:36:53
R1,WK_130,19,Elamkulam,14:38:40,14:39:00
R1,WK_130,20,Vyttila,14:41:02,14:41:22
R1,WK_130,21,Thykoodam,14:43:02,14:43:22
R1,WK_130,22,Pettah,14:45:20,14:45:40
R1,WK_130,23,Vadakkekotta,14:47:41,14:48:01
R1,WK_130,24,SN Junction,14:49:19,14:49:39
R1,WK_130,25,Tripunithura,14:51:42,14:51:42
R1,WK_131,1,Tripunithura,14:51:42,14:56:30
R1,WK_131,2,SN Junction,14:58:12,14:58:32
R1,WK_131,3,Vadakkekotta,14:59:50,15:00:10
R1,WK_131,4,Pettah,15:02:18,15:02:38
R1,WK_131,5,Thykoodam,15:04:31,15:04:51
R1,WK_131,6,Vyttila,15:06:25,15:06:45
R1,WK_131,7,Elamkulam,15:08:51,15:09:11
R1,WK_131,8,Kadavanthra,15:10:52,15:11:12
R1,WK_131,9,Ernakulam South,15:13:22,15:13:52
R1,WK_131,10,Maharajas College,15:15:46,15:16:06
R1,WK_131,11,MG Road,15:17:46,15:18:16
R1,WK_131,12,Town Hall,15:20:03,15:20:23
R1,WK_131,13,Kaloor,15:21:23,15:21:43
R1,WK_131,14,JLN Stadium,15:23:15,15:23:35
R1,WK_131,15,Palarivattom,15:25:14,15:25:34
R1,WK_131,16,Changampuzha Park,15:27:05,15:27:25
R1,WK_131,17,Edapally,15:29:11,15:29:41
R1,WK_131,18,Pathadipalam,15:31:33,15:31:53
R1,WK_131,19,Cochin University,15:33:31,15:34:01
R1,WK_131,20,Kalamassery,15:35:50,15:36:10
R1,WK_131,21,Muttom,15:38:38,15:39:08
R1,WK_131,22,Ambattukavu,15:40:35,15:40:55
R1,WK_131,23,Companypady,15:42:23,15:42:43
R1,WK_131,24,Pulinchodu,15:44:08,15:44:28
R1,WK_131,25,Aluva,15:46:28,15:46:28
R1,WK_132,1,Aluva,14:04:28,14:09:44
R1,WK_132,2,Pulinchodu,14:11:44,14:12:04
R1,WK_132,3,Companypady,14:13:31,14:13:51
R1,WK_132,4,Ambattukavu,14:15:17,14:15:37
R1,WK_132,5,Muttom,14:17:03,14:17:33
R1,WK_132,6,Kalamassery,14:19:59,14:20:19
R1,WK_132,7,Cochin University,14:22:08,14:22:28
R1,WK_132,8,Pathadipalam,14:24:12,14:24:32
R1,WK_132,9,Edapally,14:26:24,14:26:54
R1,WK_132,10,Changampuzha Park,14:28:46,14:29:06
R1,WK_132,11,Palarivattom,14:30:38,14:30:58
R1,WK_132,12,JLN Stadium,14:32:43,14:33:03
R1,WK_132,13,Kaloor,14:34:32,14:34:52
R1,WK_132,14,Town Hall,14:35:49,14:36:09
R1,WK_132,15,MG Road,14:38:07,14:38:37
R1,WK_132,16,Maharajas College,14:40:17,14:40:37
R1,WK_132,17,Ernakulam South,14:42:30,14:43:00
R1,WK_132,18,Kadavanthra,14:45:03,14:45:23
R1,WK_132,19,Elamkulam,14:47:10,14:47:30
R1,WK_132,20,Vyttila,14:49:32,14:49:52
R1,WK_132,21,Thykoodam,14:51:32,14:51:52
R1,WK_132,22,Pettah,14:53:50,14:54:10
R1,WK_132,23,Vadakkekotta,14:56:11,14:56:31
R1,WK_132,24,SN Junction,14:57:49,14:58:09
R1,WK_132,25,Tripunithura,15:00:12,15:00:12
R1,WK_133,1,Tripunithura,15:00:12,15:05:00
R1,WK_133,2,SN Junction,15:06:42,15:07:02
R1,WK_133,3,Vadakkekotta,15:08:20,15:08:40
R1,WK_133,4,Pettah,15:10:48,15:11:08
R1,WK_133,5,Thykoodam,15:13:01,15:13:21
R1,WK_133,6,Vyttila,15:14:55,15:15:15
R1,WK_133,7,Elamkulam,15:17:21,15:17:41
R1,WK_133,8,Kadavanthra,15:19:22,15:19:42
R1,WK_133,9,Ernakulam South,15:21:52,15:22:22
R1,WK_133,10,Maharajas College,15:24:16,15:24:36
R1,WK_133,11,MG Road,15:26:16,15:26:46
R1,WK_133,12,Town Hall,15:28:33,15:28:53
R1,WK_133,13,Kaloor,15:29:53,15:30:13
R1,WK_133,14,JLN Stadium,15:31:45,15:32:05
R1,WK_133,15,Palarivattom,15:33:44,15:34:04
R1,WK_133,16,Changampuzha Park,15:35:35,15:35:55
R1,WK_133,17,Edapally,15:37:41,15:38:11
R1,WK_133,18,Pathadipalam,15:40:03,15:40:23
R1,WK_133,19,Cochin University,15:42:01,15:42:31
R1,WK_133,20,Kalamassery,15:44:20,15:44:40
R1,WK_133,21,Muttom,15:47:08,15:47:38
R1,WK_133,22,Ambattukavu,15:49:05,15:49:25
R1,WK_133,23,Companypady,15:50:53,15:51:13
R1,WK_133,24,Pulinchodu,15:52:38,15:52:58
R1,WK_133,25,Aluva,15:54:58,15:54:58
R1,WK_134,1,Aluva,14:12:58,14:18:14
R1,WK_134,2,Pulinchodu,14:20:14,14:20:34
R1,WK_134,3,Companypady,14:22:01,14:22:21
R1,WK_134,4,Ambattukavu,14:23:47,14:24:07
R1,WK_134,5,Muttom,14:25:33,14:26:03
R1,WK_134,6,Kalamassery,14:28:29,14:28:49
R1,WK_134,7,Cochin University,14:30:38,14:30:58
R1,WK_134,8,Pathadipalam,14:32:42,14:33:02
R1,WK_134,9,Edapally,14:34:54,14:35:24
R1,WK_134,10,Changampuzha Park,14:37:16,14:37:36
R1,WK_134,11,Palarivattom,14:39:08,14:39:28
R1,WK_134,12,JLN Stadium,14:41:13,14:41:33
R1,WK_134,13,Kaloor,14:43:02,14:43:22
R1,WK_134,14,Town Hall,14:44:19,14:44:39
R1,WK_134,15,MG Road,14:46:37,14:47:07
R1,WK_134,16,Maharajas College,14:48:47,14:49:07
R1,WK_134,17,Ernakulam South,14:51:00,14:51:30
R1,WK_134,18,Kadavanthra,14:53:33,14:53:53
R1,WK_134,19,Elamkulam,14:55:40,14:56:00
R1,WK_134,20,Vyttila,14:58:02,14:58:22
R1,WK_134,21,Thykoodam,15:00:02,15:00:22
R1,WK_134,22,Pettah,15:02:20,15:02:40
R1,WK_134,23,Vadakkekotta,15:04:41,15:05:01
R1,WK_134,24,SN Junction,15:06:19,15:06:39
R1,WK_134,25,Tripunithura,15:08:42,15:08:42
R1,WK_135,1,Tripunithura,15:08:42,15:13:30
R1,WK_135,2,SN Junction,15:15:12,15:15:32
R1,WK_135,3,Vadakkekotta,15:16:50,15:17:10
R1,WK_135,4,Pettah,15:19:18,15:19:38
R1,WK_135,5,Thykoodam,15:21:31,15:21:51
R1,WK_135,6,Vyttila,15:23:25,15:23:45
R1,WK_135,7,Elamkulam,15:25:51,15:26:11
R1,WK_135,8,Kadavanthra,15:27:52,15:28:12
R1,WK_135,9,Ernakulam South,15:30:22,15:30:52
R1,WK_135,10,Maharajas College,15:32:46,15:33:06
R1,WK_135,11,MG Road,15:34:46,15:35:16
R1,WK_135,12,Town Hall,15:37:03,15:37:23
R1,WK_135,13,Kaloor,15:38:23,15:38:43
R1,WK_135,14,JLN Stadium,15:40:15,15:40:35
R1,WK_135,15,Palarivattom,15:42:14,15:42:34
R1,WK_135,16,Changampuzha Park,15:44:05,15:44:25
R1,WK_135,17,Edapally,15:46:11,15:46:41
R1,WK_135,18,Pathadipalam,15:48:33,15:48:53
R1,WK_135,19,Cochin University,15:50:31,15:51:01
R1,WK_135,20,Kalamassery,15:52:50,15:53:10
R1,WK_135,21,Muttom,15:55:38,15:56:08
R1,WK_135,22,Ambattukavu,15:57:35,15:57:55
R1,WK_135,23,Companypady,15:59:23,15:59:43
R1,WK_135,24,Pulinchodu,16:01:08,16:01:28
R1,WK_135,25,Aluva,16:03:28,16:03:28
R1,WK_136,1,Aluva,14:21:28,14:26:44
R1,WK_136,2,Pulinchodu,14:28:44,14:29:04
R1,WK_136,3,Companypady,14:30:31,14:30:51
R1,WK_136,4,Ambattukavu,14:32:17,14:32:37
R1,WK_136,5,Muttom,14:34:03,14:34:33
R1,WK_136,6,Kalamassery,14:36:59,14:37:19
R1,WK_136,7,Cochin University,14:39:08,14:39:28
R1,WK_136,8,Pathadipalam,14:41:12,14:41:32
R1,WK_136,9,Edapally,14:43:24,14:43:54
R1,WK_136,10,Changampuzha Park,14:45:46,14:46:06
R1,WK_136,11,Palarivattom,14:47:38,14:47:58
R1,WK_136,12,JLN Stadium,14:49:43,14:50:03
R1,WK_136,13,Kaloor,14:51:32,14:51:52
R1,WK_136,14,Town Hall,14:52:49,14:53:09
R1,WK_136,15,MG Road,14:55:07,14:55:37
R1,WK_136,16,Maharajas College,14:57:17,14:57:37
R1,WK_136,17,Ernakulam South,14:59:30,15:00:00
R1,WK_136,18,Kadavanthra,15:02:03,15:02:23
R1,WK_136,19,Elamkulam,15:04:10,15:04:30
R1,WK_136,20,Vyttila,15:06:32,15:06:52
R1,WK_136,21,Thykoodam,15:08:32,15:08:52
R1,WK_136,22,Pettah,15:10:50,15:11:10
R1,WK_136,23,Vadakkekotta,15:13:11,15:13:31
R1,WK_136,24,SN Junction,15:14:49,15:15:09
R1,WK_136,25,Tripunithura,15:17:12,15:17:12
R1,WK_137,1,Tripunithura,15:17:12,15:22:00
R1,WK_137,2,SN Junction,15:23:42,15:24:02
R1,WK_137,3,Vadakkekotta,15:25:20,15:25:40
R1,WK_137,4,Pettah,15:27:48,15:28:08
R1,WK_137,5,Thykoodam,15:30:01,15:30:21
R1,WK_137,6,Vyttila,15:31:55,15:32:15
R1,WK_137,7,Elamkulam,15:34:21,15:34:41
R1,WK_137,8,Kadavanthra,15:36:22,15:36:42
R1,WK_137,9,Ernakulam South,15:38:52,15:39:22
R1,WK_137,10,Maharajas College,15:41:16,15:41:36
R1,WK_137,11,MG Road,15:43:16,15:43:46
R1,WK_137,12,Town Hall,15:45:33,15:45:53
R1,WK_137,13,Kaloor,15:46:53,15:47:13
R1,WK_137,14,JLN Stadium,15:48:45,15:49:05
R1,WK_137,15,Palarivattom,15:50:44,15:51:04
R1,WK_137,16,Changampuzha Park,15:52:35,15:52:55
R1,WK_137,17,Edapally,15:54:41,15:55:11
R1,WK_137,18,Pathadipalam,15:57:03,15:57:23
R1,WK_137,19,Cochin University,15:59:01,15:59:31
R1,WK_137,20,Kalamassery,16:01:20,16:01:40
R1,WK_137,21,Muttom,16:04:08,16:04:38
R1,WK_137,22,Ambattukavu,16:06:05,16:06:25
R1,WK_137,23,Companypady,16:07:53,16:08:13
R1,WK_137,24,Pulinchodu,16:09:38,16:09:58
R1,WK_137,25,Aluva,16:11:58,16:11:58
R1,WK_138,1,Aluva,14:29:58,14:35:14
R1,WK_138,2,Pulinchodu,14:37:14,14:37:34
R1,WK_138,3,Companypady,14:39:01,14:39:21
R1,WK_138,4,Ambattukavu,14:40:47,14:41:07
R1,WK_138,5,Muttom,14:42:33,14:43:03
R1,WK_138,6,Kalamassery,14:45:29,14:45:49
R1,WK_138,7,Cochin University,14:47:38,14:47:58
R1,WK_138,8,Pathadipalam,14:49:42,14:50:02
R1,WK_138,9,Edapally,14:51:54,14:52:24
R1,WK_138,10,Changampuzha Park,14:54:16,14:54:36
R1,WK_138,11,Palarivattom,14:56:08,14:56:28
R1,WK_138,12,JLN Stadium,14:58:13,14:58:33
R1,WK_138,13,Kaloor,15:00:02,15:00:22
R1,WK_138,14,Town Hall,15:01:19,15:01:39
R1,WK_138,15,MG Road,15:03:37,15:04:07
R1,WK_138,16,Maharajas College,15:05:47,15:06:07
R1,WK_138,17,Ernakulam South,15:08:00,15:08:30
R1,WK_138,18,Kadavanthra,15:10:33,15:10:53
R1,WK_138,19,Elamkulam,15:12:40,15:13:00
R1,WK_138,20,Vyttila,15:15:02,15:15:22
R1,WK_138,21,Thykoodam,15:17:02,15:17:22
R1,WK_138,22,Pettah,15:19:20,15:19:40
R1,WK_138,23,Vadakkekotta,15:21:41,15:22:01
R1,WK_138,24,SN Junction,15:23:19,15:23:39
R1,WK_138,25,Tripunithura,15:25:42,15:25:42
R1,WK_139,1,Tripunithura,15:25:42,15:30:30
R1,WK_139,2,SN Junction,15:32:12,15:32:42
R1,WK_139,3,Vadakkekotta,15:34:00,15:34:30
R1,WK_139,4,Pettah,15:36:38,15:37:08
R1,WK_139,5,Thykoodam,15:39:01,15:39:31
R1,WK_139,6,Vyttila,15:41:05,15:41:35
R1,WK_139,7,Elamkulam,15:43:41,15:44:11
R1,WK_139,8,Kadavanthra,15:45:52,15:46:12
R1,WK_139,9,Ernakulam South,15:48:22,15:48:52
R1,WK_139,10,Maharajas College,15:50:46,15:51:06
R1,WK_139,11,MG Road,15:52:46,15:53:16
R1,WK_139,12,Town Hall,15:55:03,15:55:23
R1,WK_139,13,Kaloor,15:56:23,15:56:43
R1,WK_139,14,JLN Stadium,15:58:15,15:58:45
R1,WK_139,15,Palarivattom,16:00:24,16:00:54
R1,WK_139,16,Changampuzha Park,16:02:25,16:02:55
R1,WK_139,17,Edapally,16:04:41,16:05:11
R1,WK_139,18,Pathadipalam,16:07:03,16:07:33
R1,WK_139,19,Cochin University,16:09:11,16:09:41
R1,WK_139,20,Kalamassery,16:11:30,16:12:00
R1,WK_139,21,Muttom,16:14:28,16:14:58
R1,WK_139,22,Ambattukavu,16:16:25,16:16:55
R1,WK_139,23,Companypady,16:18:23,16:18:53
R1,WK_139,24,Pulinchodu,16:20:18,16:20:48
R1,WK_139,25,Aluva,16:22:48,16:22:48
R1,WK_14,1,Tripunithura,07:54:03,08:00:00
R1,WK_14,2,SN Junction,08:01:39,08:01:59
R1,WK_14,3,Vadakkekotta,08:03:13,08:03:33
R1,WK_14,4,Pettah,08:05:35,08:05:55
R1,WK_14,5,Thykoodam,08:07:48,08:08:08
R1,WK_14,6,Vyttila,08:09:42,08:10:02
R1,WK_14,7,Elamkulam,08:12:08,08:12:28
R1,WK_14,8,Kadavanthra,08:14:09,08:14:29
R1,WK_14,9,Ernakulam South,08:16:39,08:17:09
R1,WK_14,10,Maharajas College,08:19:03,08:19:23
R1,WK_14,11,MG Road,08:21:03,08:21:33
R1,WK_14,12,Town Hall,08:23:20,08:23:40
R1,WK_14,13,Kaloor,08:24:40,08:25:00
R1,WK_14,14,JLN Stadium,08:26:32,08:26:52
R1,WK_14,15,Palarivattom,08:28:31,08:28:51
R1,WK_14,16,Changampuzha Park,08:30:22,08:30:42
R1,WK_14,17,Edapally,08:32:28,08:32:58
R1,WK_14,18,Pathadipalam,08:34:50,08:35:10
R1,WK_14,19,Cochin University,08:36:48,08:37:18
R1,WK_14,20,Kalamassery,08:39:07,08:39:27
R1,WK_14,21,Muttom,08:41:55,08:42:25
R1,WK_14,22,Ambattukavu,08:43:52,08:44:12
R1,WK_14,23,Companypady,08:45:40,08:46:00
R1,WK_14,24,Pulinchodu,08:47:25,08:47:45
R1,WK_14,25,Aluva,08:49:45,08:49:45
R1,WK_140,1,Aluva,14:38:28,14:43:44
R1,WK_140,2,Pulinchodu,14:45:44,14:46:04
R1,WK_140,3,Companypady,14:47:31,14:47:51
R1,WK_140,4,Ambattukavu,14:49:17,14:49:37
R1,WK_140,5,Muttom,14:51:03,14:51:33
R1,WK_140,6,Kalamassery,14:53:59,14:54:19
R1,WK_140,7,Cochin University,14:56:08,14:56:28
R1,WK_140,8,Pathadipalam,14:58:12,14:58:32
R1,WK_140,9,Edapally,15:00:24,15:00:54
R1,WK_140,10,Changampuzha Park,15:02:46,15:03:06
R1,WK_140,11,Palarivattom,15:04:38,15:04:58
R1,WK_140,12,JLN Stadium,15:06:43,15:07:03
R1,WK_140,13,Kaloor,15:08:32,15:08:52
R1,WK_140,14,Town Hall,15:09:49,15:10:09
R1,WK_140,15,MG Road,15:12:07,15:12:37
R1,WK_140,16,Maharajas College,15:14:17,15:14:37
R1,WK_140,17,Ernakulam South,15:16:30,15:17:00
R1,WK_140,18,Kadavanthra,15:19:03,15:19:23
R1,WK_140,19,Elamkulam,15:21:10,15:21:30
R1,WK_140,20,Vyttila,15:23:32,15:23:52
R1,WK_140,21,Thykoodam,15:25:32,15:25:52
R1,WK_140,22,Pettah,15:27:50,15:28:10
R1,WK_140,23,Vadakkekotta,15:30:11,15:30:31
R1,WK_140,24,SN Junction,15:31:49,15:32:09
R1,WK_140,25,Tripunithura,15:34:12,15:34:12
R1,WK_141,1,Tripunithura,15:34:12,15:39:00
R1,WK_141,2,SN Junction,15:40:42,15:41:12
R1,WK_141,3,Vadakkekotta,15:42:30,15:43:00
R1,WK_141,4,Pettah,15:45:08,15:45:38
R1,WK_141,5,Thykoodam,15:47:31,15:48:01
R1,WK_141,6,Vyttila,15:49:35,15:50:05
R1,WK_141,7,Elamkulam,15:52:11,15:52:41
R1,WK_141,8,Kadavanthra,15:54:22,15:54:52
R1,WK_141,9,Ernakulam South,15:57:02,15:57:32
R1,WK_141,10,Maharajas College,15:59:26,15:59:46
R1,WK_141,11,MG Road,16:01:26,16:01:56
R1,WK_141,12,Town Hall,16:03:43,16:04:03
R1,WK_141,13,Kaloor,16:05:03,16:05:23
R1,WK_141,14,JLN Stadium,16:06:55,16:07:15
R1,WK_141,15,Palarivattom,16:08:54,16:09:14
R1,WK_141,16,Changampuzha Park,16:10:45,16:11:05
R1,WK_141,17,Edapally,16:12:51,16:13:21
R1,WK_141,18,Pathadipalam,16:15:13,16:15:33
R1,WK_141,19,Cochin University,16:17:11,16:17:41
R1,WK_141,20,Kalamassery,16:19:30,16:19:50
R1,WK_141,21,Muttom,16:22:18,16:22:48
R1,WK_141,22,Ambattukavu,16:24:15,16:24:35
R1,WK_141,23,Companypady,16:26:03,16:26:23
R1,WK_141,24,Pulinchodu,16:27:48,16:28:08
R1,WK_141,25,Aluva,16:30:08,16:30:08
R1,WK_142,1,Aluva,14:46:58,14:52:14
R1,WK_142,2,Pulinchodu,14:54:14,14:54:34
R1,WK_142,3,Companypady,14:56:01,14:56:21
R1,WK_142,4,Ambattukavu,14:57:47,14:58:07
R1,WK_142,5,Muttom,14:59:33,15:00:03
R1,WK_142,6,Kalamassery,15:02:29,15:02:49
R1,WK_142,7,Cochin University,15:04:38,15:04:58
R1,WK_142,8,Pathadipalam,15:06:42,15:07:02
R1,WK_142,9,Edapally,15:08:54,15:09:24
R1,WK_142,10,Changampuzha Park,15:11:16,15:11:36
R1,WK_142,11,Palarivattom,15:13:08,15:13:28
R1,WK_142,12,JLN Stadium,15:15:13,15:15:33
R1,WK_142,13,Kaloor,15:17:02,15:17:22
R1,WK_142,14,Town Hall,15:18:19,15:18:39
R1,WK_142,15,MG Road,15:20:37,15:21:07
R1,WK_142,16,Maharajas College,15:22:47,15:23:07
R1,WK_142,17,Ernakulam South,15:25:00,15:25:30
R1,WK_142,18,Kadavanthra,15:27:33,15:27:53
R1,WK_142,19,Elamkulam,15:29:40,15:30:00
R1,WK_142,20,Vyttila,15:32:02,15:32:22
R1,WK_142,21,Thykoodam,15:34:02,15:34:22
R1,WK_142,22,Pettah,15:36:20,15:36:40
R1,WK_142,23,Vadakkekotta,15:38:41,15:39:01
R1,WK_142,24,SN Junction,15:40:19,15:40:39
R1,WK_142,25,Tripunithura,15:42:42,15:42:42
R1,WK_143,1,Tripunithura,15:42:42,15:47:30
R1,WK_143,2,SN Junction,15:49:12,15:49:32
R1,WK_143,3,Vadakkekotta,15:50:50,15:51:10
R1,WK_143,4,Pettah,15:53:18,15:53:38
R1,WK_143,5,Thykoodam,15:55:31,15:55:51
R1,WK_143,6,Vyttila,15:57:25,15:57:45
R1,WK_143,7,Elamkulam,15:59:51,16:00:11
R1,WK_143,8,Kadavanthra,16:01:52,16:02:12
R1,WK_143,9,Ernakulam South,16:04:22,16:04:52
R1,WK_143,10,Maharajas College,16:06:46,16:07:06
R1,WK_143,11,MG Road,16:08:46,16:09:16
R1,WK_143,12,Town Hall,16:11:03,16:11:23
R1,WK_143,13,Kaloor,16:12:23,16:12:43
R1,WK_143,14,JLN Stadium,16:14:15,16:14:35
R1,WK_143,15,Palarivattom,16:16:14,16:16:34
R1,WK_143,16,Changampuzha Park,16:18:05,16:18:25
R1,WK_143,17,Edapally,16:20:11,16:20:41
R1,WK_143,18,Pathadipalam,16:22:33,16:22:53
R1,WK_143,19,Cochin University,16:24:31,16:25:01
R1,WK_143,20,Kalamassery,16:26:50,16:27:10
R1,WK_143,21,Muttom,16:29:38,16:30:08
R1,WK_143,22,Ambattukavu,16:31:35,16:31:55
R1,WK_143,23,Companypady,16:33:23,16:33:43
R1,WK_143,24,Pulinchodu,16:35:08,16:35:28
R1,WK_143,25,Aluva,16:37:28,16:37:28
R1,WK_144,1,Aluva,14:55:28,15:00:44
R1,WK_144,2,Pulinchodu,15:02:44,15:03:04
R1,WK_144,3,Companypady,15:04:31,15:04:51
R1,WK_144,4,Ambattukavu,15:06:17,15:06:37
R1,WK_144,5,Muttom,15:08:03,15:08:33
R1,WK_144,6,Kalamassery,15:10:59,15:11:19
R1,WK_144,7,Cochin University,15:13:08,15:13:28
R1,WK_144,8,Pathadipalam,15:15:12,15:15:32
R1,WK_144,9,Edapally,15:17:24,15:17:54
R1,WK_144,10,Changampuzha Park,15:19:46,15:20:06
R1,WK_144,11,Palarivattom,15:21:38,15:21:58
R1,WK_144,12,JLN Stadium,15:23:43,15:24:03
R1,WK_144,13,Kaloor,15:25:32,15:25:52
R1,WK_144,14,Town Hall,15:26:49,15:27:09
R1,WK_144,15,MG Road,15:29:07,15:29:37
R1,WK_144,16,Maharajas College,15:31:17,15:31:37
R1,WK_144,17,Ernakulam South,15:33:30,15:34:00
R1,WK_144,18,Kadavanthra,15:36:03,15:36:23
R1,WK_144,19,Elamkulam,15:38:10,15:38:30
R1,WK_144,20,Vyttila,15:40:32,15:40:52
R1,WK_144,21,Thykoodam,15:42:32,15:42:52
R1,WK_144,22,Pettah,15:44:50,15:45:10
R1,WK_144,23,Vadakkekotta,15:47:11,15:47:31
R1,WK_144,24,SN Junction,15:48:49,15:49:09
R1,WK_144,25,Tripunithura,15:51:12,15:51:12
R1,WK_145,1,Tripunithura,15:51:12,15:56:00
R1,WK_145,2,SN Junction,15:57:42,15:58:02
R1,WK_145,3,Vadakkekotta,15:59:20,15:59:40
R1,WK_145,4,Pettah,16:01:48,16:02:08
R1,WK_145,5,Thykoodam,16:04:01,16:04:21
R1,WK_145,6,Vyttila,16:05:55,16:06:15
R1,WK_145,7,Elamkulam,16:08:21,16:08:41
R1,WK_145,8,Kadavanthra,16:10:22,16:10:42
R1,WK_145,9,Ernakulam South,16:12:52,16:13:22
R1,WK_145,10,Maharajas College,16:15:16,16:15:36
R1,WK_145,11,MG Road,16:17:16,16:17:46
R1,WK_145,12,Town Hall,16:19:33,16:19:53
R1,WK_145,13,Kaloor,16:20:53,16:21:13
R1,WK_145,14,JLN Stadium,16:22:45,16:23:05
R1,WK_145,15,Palarivattom,16:24:44,16:25:04
R1,WK_145,16,Changampuzha Park,16:26:35,16:26:55
R1,WK_145,17,Edapally,16:28:41,16:29:11
R1,WK_145,18,Pathadipalam,16:31:03,16:31:23
R1,WK_145,19,Cochin University,16:33:01,16:33:31
R1,WK_145,20,Kalamassery,16:35:20,16:35:40
R1,WK_145,21,Muttom,16:38:08,16:38:38
R1,WK_145,22,Ambattukavu,16:40:05,16:40:25
R1,WK_145,23,Companypady,16:41:53,16:42:13
R1,WK_145,24,Pulinchodu,16:43:38,16:43:58
R1,WK_145,25,Aluva,16:45:58,16:45:58
R1,WK_146,1,Aluva,15:03:58,15:09:14
R1,WK_146,2,Pulinchodu,15:11:14,15:11:34
R1,WK_146,3,Companypady,15:13:01,15:13:21
R1,WK_146,4,Ambattukavu,15:14:47,15:15:07
R1,WK_146,5,Muttom,15:16:33,15:17:03
R1,WK_146,6,Kalamassery,15:19:29,15:19:49
R1,WK_146,7,Cochin University,15:21:38,15:21:58
R1,WK_146,8,Pathadipalam,15:23:42,15:24:02
R1,WK_146,9,Edapally,15:25:54,15:26:24
R1,WK_146,10,Changampuzha Park,15:28:16,15:28:36
R1,WK_146,11,Palarivattom,15:30:08,15:30:28
R1,WK_146,12,JLN Stadium,15:32:13,15:32:33
R1,WK_146,13,Kaloor,15:34:02,15:34:22
R1,WK_146,14,Town Hall,15:35:19,15:35:39
R1,WK_146,15,MG Road,15:37:37,15:38:07
R1,WK_146,16,Maharajas College,15:39:47,15:40:07
R1,WK_146,17,Ernakulam South,15:42:00,15:42:30
R1,WK_146,18,Kadavanthra,15:44:33,15:44:53
R1,WK_146,19,Elamkulam,15:46:40,15:47:00
R1,WK_146,20,Vyttila,15:49:02,15:49:22
R1,WK_146,21,Thykoodam,15:51:02,15:51:22
R1,WK_146,22,Pettah,15:53:20,15:53:40
R1,WK_146,23,Vadakkekotta,15:55:41,15:56:01
R1,WK_146,24,SN Junction,15:57:19,15:57:39
R1,WK_146,25,Tripunithura,15:59:42,15:59:42
R1,WK_147,1,Tripunithura,15:59:42,16:04:30
R1,WK_147,2,SN Junction,16:06:12,16:06:32
R1,WK_147,3,Vadakkekotta,16:07:50,16:08:10
R1,WK_147,4,Pettah,16:10:18,16:10:38
R1,WK_147,5,Thykoodam,16:12:31,16:12:51
R1,WK_147,6,Vyttila,16:14:25,16:14:45
R1,WK_147,7,Elamkulam,16:16:51,16:17:11
R1,WK_147,8,Kadavanthra,16:18:52,16:19:12
R1,WK_147,9,Ernakulam South,16:21:22,16:21:52
R1,WK_147,10,Maharajas College,16:23:46,16:24:06
R1,WK_147,11,MG Road,16:25:46,16:26:16
R1,WK_147,12,Town Hall,16:28:03,16:28:23
R1,WK_147,13,Kaloor,16:29:23,16:29:43
R1,WK_147,14,JLN Stadium,16:31:15,16:31:35
R1,WK_147,15,Palarivattom,16:33:14,16:33:34
R1,WK_147,16,Changampuzha Park,16:35:00,16:35:20
R1,WK_147,17,Edapally,16:37:06,16:37:36
R1,WK_147,18,Pathadipalam,16:39:21,16:39:41
R1,WK_147,19,Cochin University,16:41:17,16:41:47
R1,WK_147,20,Kalamassery,16:43:29,16:43:49
R1,WK_147,21,Muttom,16:46:08,16:46:38
R1,WK_147,22,Ambattukavu,16:48:03,16:48:23
R1,WK_147,23,Companypady,16:49:46,16:50:06
R1,WK_147,24,Pulinchodu,16:51:28,16:51:48
R1,WK_147,25,Aluva,16:53:48,16:53:48
R1,WK_148,1,Aluva,15:12:28,15:17:44
R1,WK_148,2,Pulinchodu,15:19:44,15:20:04
R1,WK_148,3,Companypady,15:21:31,15:21:51
R1,WK_148,4,Ambattukavu,15:23:17,15:23:37
R1,WK_148,5,Muttom,15:25:03,15:25:33
R1,WK_148,6,Kalamassery,15:27:59,15:28:19
R1,WK_148,7,Cochin University,15:30:08,15:30:28
R1,WK_148,8,Pathadipalam,15:32:12,15:32:32
R1,WK_148,9,Edapally,15:34:24,15:34:54
R1,WK_148,10,Changampuzha Park,15:36:46,15:37:06
R1,WK_148,11,Palarivattom,15:38:38,15:38:58
R1,WK_148,12,JLN Stadium,15:40:43,15:41:03
R1,WK_148,13,Kaloor,15:42:32,15:42:52
R1,WK_148,14,Town Hall,15:43:49,15:44:09
R1,WK_148,15,MG Road,15:46:07,15:46:37
R1,WK_148,16,Maharajas College,15:48:17,15:48:37
R1,WK_148,17,Ernakulam South,15:50:30,15:51:00
R1,WK_148,18,Kadavanthra,15:53:03,15:53:23
R1,WK_148,19,Elamkulam,15:55:10,15:55:30
R1,WK_148,20,Vyttila,15:57:32,15:57:52
R1,WK_148,21,Thykoodam,15:59:32,15:59:52
R1,WK_148,22,Pettah,16:01:50,16:02:10
R1,WK_148,23,Vadakkekotta,16:04:11,16:04:31
R1,WK_148,24,SN Junction,16:05:49,16:06:09
R1,WK_148,25,Tripunithura,16:08:12,16:08:12
R1,WK_149,1,Tripunithura,16:08:12,16:11:30
R1,WK_149,2,SN Junction,16:13:12,16:13:32
R1,WK_149,3,Vadakkekotta,16:14:50,16:15:10
R1,WK_149,4,Pettah,16:17:18,16:17:38
R1,WK_149,5,Thykoodam,16:19:31,16:19:51
R1,WK_149,6,Vyttila,16:21:29,16:21:49
R1,WK_149,7,Elamkulam,16:23:55,16:24:15
R1,WK_149,8,Kadavanthra,16:26:00,16:26:20
R1,WK_149,9,Ernakulam South,16:28:30,16:29:00
R1,WK_149,10,Maharajas College,16:30:54,16:31:14
R1,WK_149,11,MG Road,16:32:54,16:33:24
R1,WK_149,12,Town Hall,16:35:15,16:35:35
R1,WK_149,13,Kaloor,16:36:35,16:36:55
R1,WK_149,14,JLN Stadium,16:38:27,16:38:47
R1,WK_149,15,Palarivattom,16:40:30,16:40:50
R1,WK_149,16,Changampuzha Park,16:42:21,16:42:41
R1,WK_149,17,Edapally,16:44:33,16:45:03
R1,WK_149,18,Pathadipalam,16:46:55,16:47:15
R1,WK_149,19,Cochin University,16:48:57,16:49:27
R1,WK_149,20,Kalamassery,16:51:16,16:51:36
R1,WK_149,21,Muttom,16:54:04,16:54:34
R1,WK_149,22,Ambattukavu,16:56:01,16:56:21
R1,WK_149,23,Companypady,16:57:49,16:58:09
R1,WK_149,24,Pulinchodu,16:59:35,16:59:55
R1,WK_149,25,Aluva,17:01:55,17:01:55
R1,WK_15,1,Tripunithura,06:14:30,06:15:00
R1,WK_15,2,SN Junction,06:16:42,06:17:12
R1,WK_15,3,Vadakkekotta,06:18:30,06:19:00
R1,WK_15,4,Pettah,06:21:08,06:21:38
R1,WK_15,5,Thykoodam,06:23:31,06:24:01
R1,WK_15,6,Vyttila,06:25:35,06:26:05
R1,WK_15,7,Elamkulam,06:28:11,06:28:41
R1,WK_15,8,Kadavanthra,06:30:22,06:30:42
R1,WK_15,9,Ernakulam South,06:32:52,06:33:22
R1,WK_15,10,Maharajas College,06:35:16,06:35:46
R1,WK_15,11,MG Road,06:37:26,06:37:56
R1,WK_15,12,Town Hall,06:39:43,06:40:13
R1,WK_15,13,Kaloor,06:41:13,06:41:43
R1,WK_15,14,JLN Stadium,06:43:15,06:43:45
R1,WK_15,15,Palarivattom,06:45:24,06:45:44
R1,WK_15,16,Changampuzha Park,06:47:15,06:47:45
R1,WK_15,17,Edapally,06:49:31,06:50:01
R1,WK_15,18,Pathadipalam,06:51:53,06:52:13
R1,WK_15,19,Cochin University,06:53:51,06:54:21
R1,WK_15,20,Kalamassery,06:56:10,06:56:40
R1,WK_15,21,Muttom,06:59:08,06:59:38
R1,WK_15,22,Ambattukavu,07:01:05,07:01:35
R1,WK_15,23,Companypady,07:03:03,07:03:33
R1,WK_15,24,Pulinchodu,07:04:58,07:05:28
R1,WK_15,25,Aluva,07:07:28,07:07:28
R1,WK_150,1,Aluva,15:20:58,15:26:14
R1,WK_150,2,Pulinchodu,15:28:14,15:28:34
R1,WK_150,3,Companypady,15:30:01,15:30:21
R1,WK_150,4,Ambattukavu,15:31:47,15:32:07
R1,WK_150,5,Muttom,15:33:33,15:34:03
R1,WK_150,6,Kalamassery,15:36:29,15:36:49
R1,WK_150,7,Cochin University,15:38:38,15:38:58
R1,WK_150,8,Pathadipalam,15:40:42,15:41:02
R1,WK_150,9,Edapally,15:42:54,15:43:24
R1,WK_150,10,Changampuzha Park,15:45:16,15:45:36
R1,WK_150,11,Palarivattom,15:47:08,15:47:28
R1,WK_150,12,JLN Stadium,15:49:13,15:49:33
R1,WK_150,13,Kaloor,15:51:02,15:51:22
R1,WK_150,14,Town Hall,15:52:19,15:52:39
R1,WK_150,15,MG Road,15:54:30,15:55:00
R1,WK_150,16,Maharajas College,15:56:36,15:56:56
R1,WK_150,17,Ernakulam South,15:58:49,15:59:19
R1,WK_150,18,Kadavanthra,16:01:22,16:01:42
R1,WK_150,19,Elamkulam,16:03:27,16:03:47
R1,WK_150,20,Vyttila,16:05:49,16:06:09
R1,WK_150,21,Thykoodam,16:07:44,16:08:04
R1,WK_150,22,Pettah,16:09:55,16:10:15
R1,WK_150,23,Vadakkekotta,16:12:16,16:12:36
R1,WK_150,24,SN Junction,16:13:50,16:14:10
R1,WK_150,25,Tripunithura,16:16:09,16:16:09
R1,WK_151,1,Tripunithura,16:16:09,16:18:30
R1,WK_151,2,SN Junction,16:20:12,16:20:32
R1,WK_151,3,Vadakkekotta,16:21:50,16:22:10
R1,WK_151,4,Pettah,16:24:18,16:24:38
R1,WK_151,5,Thykoodam,16:26:31,16:26:51
R1,WK_151,6,Vyttila,16:28:29,16:28:49
R1,WK_151,7,Elamkulam,16:30:55,16:31:15
R1,WK_151,8,Kadavanthra,16:33:00,16:33:20
R1,WK_151,9,Ernakulam South,16:35:30,16:36:00
R1,WK_151,10,Maharajas College,16:37:54,16:38:14
R1,WK_151,11,MG Road,16:39:54,16:40:24
R1,WK_151,12,Town Hall,16:42:15,16:42:35
R1,WK_151,13,Kaloor,16:43:35,16:43:55
R1,WK_151,14,JLN Stadium,16:45:27,16:45:47
R1,WK_151,15,Palarivattom,16:47:30,16:47:50
R1,WK_151,16,Changampuzha Park,16:49:21,16:49:41
R1,WK_151,17,Edapally,16:51:33,16:52:03
R1,WK_151,18,Pathadipalam,16:53:55,16:54:15
R1,WK_151,19,Cochin University,16:55:57,16:56:27
R1,WK_151,20,Kalamassery,16:58:16,16:58:36
R1,WK_151,21,Muttom,17:01:04,17:01:34
R1,WK_151,22,Ambattukavu,17:03:01,17:03:21
R1,WK_151,23,Companypady,17:04:49,17:05:09
R1,WK_151,24,Pulinchodu,17:06:35,17:06:55
R1,WK_151,25,Aluva,17:08:55,17:08:55
R1,WK_152,1,Aluva,15:29:28,15:34:44
R1,WK_152,2,Pulinchodu,15:36:44,15:37:04
R1,WK_152,3,Companypady,15:38:31,15:38:51
R1,WK_152,4,Ambattukavu,15:40:17,15:40:37
R1,WK_152,5,Muttom,15:42:03,15:42:33
R1,WK_152,6,Kalamassery,15:44:59,15:45:19
R1,WK_152,7,Cochin University,15:47:08,15:47:28
R1,WK_152,8,Pathadipalam,15:49:12,15:49:32
R1,WK_152,9,Edapally,15:51:24,15:51:54
R1,WK_152,10,Changampuzha Park,15:53:46,15:54:06
R1,WK_152,11,Palarivattom,15:55:38,15:55:58
R1,WK_152,12,JLN Stadium,15:57:43,15:58:03
R1,WK_152,13,Kaloor,15:59:32,15:59:52
R1,WK_152,14,Town Hall,16:00:49,16:01:09
R1,WK_152,15,MG Road,16:03:07,16:03:37
R1,WK_152,16,Maharajas College,16:05:17,16:05:47
R1,WK_152,17,Ernakulam South,16:07:40,16:08:10
R1,WK_152,18,Kadavanthra,16:10:13,16:10:43
R1,WK_152,19,Elamkulam,16:12:30,16:13:00
R1,WK_152,20,Vyttila,16:15:02,16:15:32
R1,WK_152,21,Thykoodam,16:17:12,16:17:42
R1,WK_152,22,Pettah,16:19:40,16:20:10
R1,WK_152,23,Vadakkekotta,16:22:11,16:22:41
R1,WK_152,24,SN Junction,16:23:59,16:24:29
R1,WK_152,25,Tripunithura,16:26:32,16:26:32
R1,WK_153,1,Tripunithura,16:26:32,16:32:30
R1,WK_153,2,SN Junction,16:34:12,16:34:32
R1,WK_153,3,Vadakkekotta,16:35:50,16:36:10
R1,WK_153,4,Pettah,16:38:18,16:38:38
R1,WK_153,5,Thykoodam,16:40:31,16:40:51
R1,WK_153,6,Vyttila,16:42:29,16:42:49
R1,WK_153,7,Elamkulam,16:44:55,16:45:15
R1,WK_153,8,Kadavanthra,16:47:00,16:47:20
R1,WK_153,9,Ernakulam South,16:49:30,16:50:00
R1,WK_153,10,Maharajas College,16:51:54,16:52:14
R1,WK_153,11,MG Road,16:53:54,16:54:24
R1,WK_153,12,Town Hall,16:56:15,16:56:35
R1,WK_153,13,Kaloor,16:57:35,16:57:55
R1,WK_153,14,JLN Stadium,16:59:27,16:59:47
R1,WK_153,15,Palarivattom,17:01:30,17:01:50
R1,WK_153,16,Changampuzha Park,17:03:21,17:03:41
R1,WK_153,17,Edapally,17:05:33,17:06:03
R1,WK_153,18,Pathadipalam,17:07:55,17:08:15
R1,WK_153,19,Cochin University,17:09:57,17:10:27
R1,WK_153,20,Kalamassery,17:12:16,17:12:36
R1,WK_153,21,Muttom,17:15:04,17:15:34
R1,WK_153,22,Ambattukavu,17:17:01,17:17:21
R1,WK_153,23,Companypady,17:18:49,17:19:09
R1,WK_153,24,Pulinchodu,17:20:35,17:20:55
R1,WK_153,25,Aluva,17:22:55,17:22:55
R1,WK_154,1,Aluva,15:37:58,15:43:14
R1,WK_154,2,Pulinchodu,15:45:14,15:45:34
R1,WK_154,3,Companypady,15:47:01,15:47:21
R1,WK_154,4,Ambattukavu,15:48:47,15:49:07
R1,WK_154,5,Muttom,15:50:33,15:51:03
R1,WK_154,6,Kalamassery,15:53:29,15:53:49
R1,WK_154,7,Cochin University,15:55:38,15:55:58
R1,WK_154,8,Pathadipalam,15:57:42,15:58:02
R1,WK_154,9,Edapally,15:59:54,16:00:24
R1,WK_154,10,Changampuzha Park,16:02:16,16:02:36
R1,WK_154,11,Palarivattom,16:04:08,16:04:28
R1,WK_154,12,JLN Stadium,16:06:13,16:06:33
R1,WK_154,13,Kaloor,16:08:02,16:08:22
R1,WK_154,14,Town Hall,16:09:19,16:09:39
R1,WK_154,15,MG Road,16:11:37,16:12:07
R1,WK_154,16,Maharajas College,16:13:47,16:14:07
R1,WK_154,17,Ernakulam South,16:16:00,16:16:30
R1,WK_154,18,Kadavanthra,16:18:33,16:18:53
R1,WK_154,19,Elamkulam,16:20:40,16:21:00
R1,WK_154,20,Vyttila,16:23:02,16:23:22
R1,WK_154,21,Thykoodam,16:25:02,16:25:22
R1,WK_154,22,Pettah,16:27:20,16:27:40
R1,WK_154,23,Vadakkekotta,16:29:41,16:30:01
R1,WK_154,24,SN Junction,16:31:19,16:31:39
R1,WK_154,25,Tripunithura,16:33:42,16:33:42
R1,WK_155,1,Tripunithura,16:33:42,16:39:30
R1,WK_155,2,SN Junction,16:41:12,16:41:32
R1,WK_155,3,Vadakkekotta,16:42:50,16:43:10
R1,WK_155,4,Pettah,16:45:18,16:45:38
R1,WK_155,5,Thykoodam,16:47:31,16:47:51
R1,WK_155,6,Vyttila,16:49:29,16:49:49
R1,WK_155,7,Elamkulam,16:51:55,16:52:15
R1,WK_155,8,Kadavanthra,16:54:00,16:54:20
R1,WK_155,9,Ernakulam South,16:56:30,16:57:00
R1,WK_155,10,Maharajas College,16:58:54,16:59:14
R1,WK_155,11,MG Road,17:00:54,17:01:24
R1,WK_155,12,Town Hall,17:03:15,17:03:35
R1,WK_155,13,Kaloor,17:04:35,17:04:55
R1,WK_155,14,JLN Stadium,17:06:27,17:06:47
R1,WK_155,15,Palarivattom,17:08:30,17:08:50
R1,WK_155,16,Changampuzha Park,17:10:21,17:10:41
R1,WK_155,17,Edapally,17:12:33,17:13:03
R1,WK_155,18,Pathadipalam,17:14:55,17:15:15
R1,WK_155,19,Cochin University,17:16:57,17:17:27
R1,WK_155,20,Kalamassery,17:19:16,17:19:36
R1,WK_155,21,Muttom,17:22:04,17:22:34
R1,WK_155,22,Ambattukavu,17:24:01,17:24:21
R1,WK_155,23,Companypady,17:25:49,17:26:09
R1,WK_155,24,Pulinchodu,17:27:35,17:27:55
R1,WK_155,25,Aluva,17:29:55,17:29:55
R1,WK_156,1,Aluva,15:46:28,15:51:44
R1,WK_156,2,Pulinchodu,15:53:44,15:54:04
R1,WK_156,3,Companypady,15:55:31,15:55:51
R1,WK_156,4,Ambattukavu,15:57:17,15:57:37
R1,WK_156,5,Muttom,15:59:03,15:59:33
R1,WK_156,6,Kalamassery,16:01:59,16:02:19
R1,WK_156,7,Cochin University,16:04:08,16:04:28
R1,WK_156,8,Pathadipalam,16:06:12,16:06:32
R1,WK_156,9,Edapally,16:08:24,16:08:54
R1,WK_156,10,Changampuzha Park,16:10:46,16:11:06
R1,WK_156,11,Palarivattom,16:12:38,16:12:58
R1,WK_156,12,JLN Stadium,16:14:43,16:15:03
R1,WK_156,13,Kaloor,16:16:32,16:16:52
R1,WK_156,14,Town Hall,16:17:49,16:18:09
R1,WK_156,15,MG Road,16:20:07,16:20:37
R1,WK_156,16,Maharajas College,16:22:17,16:22:37
R1,WK_156,17,Ernakulam South,16:24:30,16:25:00
R1,WK_156,18,Kadavanthra,16:27:03,16:27:23
R1,WK_156,19,Elamkulam,16:29:10,16:29:30
R1,WK_156,20,Vyttila,16:31:32,16:31:52
R1,WK_156,21,Thykoodam,16:33:32,16:33:52
R1,WK_156,22,Pettah,16:35:50,16:36:10
R1,WK_156,23,Vadakkekotta,16:38:11,16:38:31
R1,WK_156,24,SN Junction,16:39:49,16:40:09
R1,WK_156,25,Tripunithura,16:42:12,16:42:12
R1,WK_157,1,Tripunithura,16:42:12,16:46:30
R1,WK_157,2,SN Junction,16:48:12,16:48:32
R1,WK_157,3,Vadakkekotta,16:49:50,16:50:10
R1,WK_157,4,Pettah,16:52:18,16:52:38
R1,WK_157,5,Thykoodam,16:54:31,16:54:51
R1,WK_157,6,Vyttila,16:56:29,16:56:49
R1,WK_157,7,Elamkulam,16:58:55,16:59:15
R1,WK_157,8,Kadavanthra,17:01:00,17:01:20
R1,WK_157,9,Ernakulam South,17:03:30,17:04:00
R1,WK_157,10,Maharajas College,17:05:54,17:06:14
R1,WK_157,11,MG Road,17:07:54,17:08:24
R1,WK_157,12,Town Hall,17:10:15,17:10:35
R1,WK_157,13,Kaloor,17:11:35,17:11:55
R1,WK_157,14,JLN Stadium,17:13:27,17:13:47
R1,WK_157,15,Palarivattom,17:15:30,17:15:50
R1,WK_157,16,Changampuzha Park,17:17:21,17:17:41
R1,WK_157,17,Edapally,17:19:33,17:20:03
R1,WK_157,18,Pathadipalam,17:21:55,17:22:15
R1,WK_157,19,Cochin University,17:23:57,17:24:27
R1,WK_157,20,Kalamassery,17:26:16,17:26:36
R1,WK_157,21,Muttom,17:29:04,17:29:34
R1,WK_157,22,Ambattukavu,17:31:01,17:31:21
R1,WK_157,23,Companypady,17:32:49,17:33:09
R1,WK_157,24,Pulinchodu,17:34:35,17:34:55
R1,WK_157,25,Aluva,17:36:55,17:36:55
R1,WK_158,1,Aluva,15:54:58,16:00:55
R1,WK_158,2,Pulinchodu,16:02:55,16:03:15
R1,WK_158,3,Companypady,16:04:42,16:05:02
R1,WK_158,4,Ambattukavu,16:06:28,16:06:48
R1,WK_158,5,Muttom,16:08:14,16:08:44
R1,WK_158,6,Kalamassery,16:11:10,16:11:30
R1,WK_158,7,Cochin University,16:13:19,16:13:39
R1,WK_158,8,Pathadipalam,16:15:23,16:15:43
R1,WK_158,9,Edapally,16:17:35,16:18:05
R1,WK_158,10,Changampuzha Park,16:19:57,16:20:17
R1,WK_158,11,Palarivattom,16:21:49,16:22:09
R1,WK_158,12,JLN Stadium,16:23:54,16:24:14
R1,WK_158,13,Kaloor,16:25:43,16:26:03
R1,WK_158,14,Town Hall,16:27:00,16:27:20
R1,WK_158,15,MG Road,16:29:11,16:29:41
R1,WK_158,16,Maharajas College,16:31:17,16:31:37
R1,WK_158,17,Ernakulam South,16:33:30,16:34:00
R1,WK_158,18,Kadavanthra,16:36:03,16:36:23
R1,WK_158,19,Elamkulam,16:38:08,16:38:28
R1,WK_158,20,Vyttila,16:40:30,16:40:50
R1,WK_158,21,Thykoodam,16:42:25,16:42:45
R1,WK_158,22,Pettah,16:44:36,16:44:56
R1,WK_158,23,Vadakkekotta,16:46:57,16:47:17
R1,WK_158,24,SN Junction,16:48:31,16:48:51
R1,WK_158,25,Tripunithura,16:50:50,16:50:50
R1,WK_159,1,Tripunithura,16:50:50,16:53:30
R1,WK_159,2,SN Junction,16:55:12,16:55:32
R1,WK_159,3,Vadakkekotta,16:56:50,16:57:10
R1,WK_159,4,Pettah,16:59:18,16:59:38
R1,WK_159,5,Thykoodam,17:01:31,17:01:51
R1,WK_159,6,Vyttila,17:03:29,17:03:49
R1,WK_159,7,Elamkulam,17:05:55,17:06:15
R1,WK_159,8,Kadavanthra,17:08:00,17:08:20
R1,WK_159,9,Ernakulam South,17:10:30,17:11:00
R1,WK_159,10,Maharajas College,17:12:54,17:13:14
R1,WK_159,11,MG Road,17:14:54,17:15:24
R1,WK_159,12,Town Hall,17:17:15,17:17:35
R1,WK_159,13,Kaloor,17:18:35,17:18:55
R1,WK_159,14,JLN Stadium,17:20:27,17:20:47
R1,WK_159,15,Palarivattom,17:22:30,17:22:50
R1,WK_159,16,Changampuzha Park,17:24:21,17:24:41
R1,WK_159,17,Edapally,17:26:33,17:27:03
R1,WK_159,18,Pathadipalam,17:28:55,17:29:15
R1,WK_159,19,Cochin University,17:30:57,17:31:27
R1,WK_159,20,Kalamassery,17:33:16,17:33:36
R1,WK_159,21,Muttom,17:36:04,17:36:34
R1,WK_159,22,Ambattukavu,17:38:01,17:38:21
R1,WK_159,23,Companypady,17:39:49,17:40:09
R1,WK_159,24,Pulinchodu,17:41:35,17:41:55
R1,WK_159,25,Aluva,17:43:55,17:43:55
R1,WK_16,1,Aluva,07:07:28,07:11:25
R1,WK_16,2,Pulinchodu,07:13:25,07:13:45
R1,WK_16,3,Companypady,07:15:12,07:15:32
R1,WK_16,4,Ambattukavu,07:16:58,07:17:18
R1,WK_16,5,Muttom,07:18:44,07:19:14
R1,WK_16,6,Kalamassery,07:21:40,07:22:00
R1,WK_16,7,Cochin University,07:23:49,07:24:09
R1,WK_16,8,Pathadipalam,07:25:53,07:26:13
R1,WK_16,9,Edapally,07:28:05,07:28:35
R1,WK_16,10,Changampuzha Park,07:30:27,07:30:47
R1,WK_16,11,Palarivattom,07:32:19,07:32:39
R1,WK_16,12,JLN Stadium,07:34:24,07:34:44
R1,WK_16,13,Kaloor,07:36:13,07:36:33
R1,WK_16,14,Town Hall,07:37:30,07:37:50
R1,WK_16,15,MG Road,07:39:48,07:40:18
R1,WK_16,16,Maharajas College,07:41:58,07:42:18
R1,WK_16,17,Ernakulam South,07:44:11,07:44:41
R1,WK_16,18,Kadavanthra,07:46:44,07:47:04
R1,WK_16,19,Elamkulam,07:48:51,07:49:11
R1,WK_16,20,Vyttila,07:51:13,07:51:33
R1,WK_16,21,Thykoodam,07:53:13,07:53:33
R1,WK_16,22,Pettah,07:55:31,07:55:51
R1,WK_16,23,Vadakkekotta,07:57:52,07:58:12
R1,WK_16,24,SN Junction,07:59:30,07:59:50
R1,WK_16,25,Tripunithura,08:01:53,08:01:53
R1,WK_160,1,Aluva,16:03:28,16:07:55
R1,WK_160,2,Pulinchodu,16:09:55,16:10:15
R1,WK_160,3,Companypady,16:11:42,16:12:02
R1,WK_160,4,Ambattukavu,16:13:29,16:13:49
R1,WK_160,5,Muttom,16:15:18,16:15:48
R1,WK_160,6,Kalamassery,16:18:14,16:18:34
R1,WK_160,7,Cochin University,16:20:23,16:20:43
R1,WK_160,8,Pathadipalam,16:22:27,16:22:47
R1,WK_160,9,Edapally,16:24:39,16:25:09
R1,WK_160,10,Changampuzha Park,16:27:01,16:27:21
R1,WK_160,11,Palarivattom,16:28:54,16:29:14
R1,WK_160,12,JLN Stadium,16:30:59,16:31:19
R1,WK_160,13,Kaloor,16:32:49,16:33:09
R1,WK_160,14,Town Hall,16:34:07,16:34:27
R1,WK_160,15,MG Road,16:36:25,16:36:55
R1,WK_160,16,Maharajas College,16:38:35,16:38:55
R1,WK_160,17,Ernakulam South,16:40:52,16:41:22
R1,WK_160,18,Kadavanthra,16:43:29,16:43:49
R1,WK_160,19,Elamkulam,16:45:36,16:45:56
R1,WK_160,20,Vyttila,16:47:58,16:48:18
R1,WK_160,21,Thykoodam,16:49:58,16:50:18
R1,WK_160,22,Pettah,16:52:16,16:52:36
R1,WK_160,23,Vadakkekotta,16:54:41,16:55:01
R1,WK_160,24,SN Junction,16:56:19,16:56:39
R1,WK_160,25,Tripunithura,16:58:42,16:58:42
R1,WK_161,1,Aluva,16:11:58,16:14:55
R1,WK_161,2,Pulinchodu,16:16:55,16:17:15
R1,WK_161,3,Companypady,16:18:42,16:19:02
R1,WK_161,4,Ambattukavu,16:20:29,16:20:49
R1,WK_161,5,Muttom,16:22:18,16:22:48
R1,WK_161,6,Kalamassery,16:25:14,16:25:34
R1,WK_161,7,Cochin University,16:27:23,16:27:43
R1,WK_161,8,Pathadipalam,16:29:27,16:29:47
R1,WK_161,9,Edapally,16:31:39,16:32:09
R1,WK_161,10,Changampuzha Park,16:34:01,16:34:21
R1,WK_161,11,Palarivattom,16:35:54,16:36:14
R1,WK_161,12,JLN Stadium,16:37:59,16:38:19
R1,WK_161,13,Kaloor,16:39:49,16:40:09
R1,WK_161,14,Town Hall,16:41:07,16:41:27
R1,WK_161,15,MG Road,16:43:25,16:43:55
R1,WK_161,16,Maharajas College,16:45:35,16:45:55
R1,WK_161,17,Ernakulam South,16:47:52,16:48:22
R1,WK_161,18,Kadavanthra,16:50:29,16:50:49
R1,WK_161,19,Elamkulam,16:52:36,16:52:56
R1,WK_161,20,Vyttila,16:54:58,16:55:18
R1,WK_161,21,Thykoodam,16:56:58,16:57:18
R1,WK_161,22,Pettah,16:59:16,16:59:36
R1,WK_161,23,Vadakkekotta,17:01:41,17:02:01
R1,WK_161,24,SN Junction,17:03:19,17:03:39
R1,WK_161,25,Tripunithura,17:05:42,17:05:42
R1,WK_162,1,Aluva,16:22:48,16:28:55
R1,WK_162,2,Pulinchodu,16:30:55,16:31:15
R1,WK_162,3,Companypady,16:32:42,16:33:02
R1,WK_162,4,Ambattukavu,16:34:29,16:34:49
R1,WK_162,5,Muttom,16:36:18,16:36:48
R1,WK_162,6,Kalamassery,16:39:14,16:39:34
R1,WK_162,7,Cochin University,16:41:23,16:41:43
R1,WK_162,8,Pathadipalam,16:43:27,16:43:47
R1,WK_162,9,Edapally,16:45:39,16:46:09
R1,WK_162,10,Changampuzha Park,16:48:01,16:48:21
R1,WK_162,11,Palarivattom,16:49:54,16:50:14
R1,WK_162,12,JLN Stadium,16:51:59,16:52:19
R1,WK_162,13,Kaloor,16:53:49,16:54:09
R1,WK_162,14,Town Hall,16:55:07,16:55:27
R1,WK_162,15,MG Road,16:57:25,16:57:55
R1,WK_162,16,Maharajas College,16:59:35,16:59:55
R1,WK_162,17,Ernakulam South,17:01:52,17:02:22
R1,WK_162,18,Kadavanthra,17:04:29,17:04:49
R1,WK_162,19,Elamkulam,17:06:36,17:06:56
R1,WK_162,20,Vyttila,17:08:58,17:09:18
R1,WK_162,21,Thykoodam,17:10:58,17:11:18
R1,WK_162,22,Pettah,17:13:16,17:13:36
R1,WK_162,23,Vadakkekotta,17:15:41,17:16:01
R1,WK_162,24,SN Junction,17:17:19,17:17:39
R1,WK_162,25,Tripunithura,17:19:42,17:19:42
R1,WK_163,1,Aluva,16:30:08,16:35:55
R1,WK_163,2,Pulinchodu,16:37:55,16:38:15
R1,WK_163,3,Companypady,16:39:42,16:40:02
R1,WK_163,4,Ambattukavu,16:41:29,16:41:49
R1,WK_163,5,Muttom,16:43:18,16:43:48
R1,WK_163,6,Kalamassery,16:46:14,16:46:34
R1,WK_163,7,Cochin University,16:48:23,16:48:43
R1,WK_163,8,Pathadipalam,16:50:27,16:50:47
R1,WK_163,9,Edapally,16:52:39,16:53:09
R1,WK_163,10,Changampuzha Park,16:55:01,16:55:21
R1,WK_163,11,Palarivattom,16:56:54,16:57:14
R1,WK_163,12,JLN Stadium,16:58:59,16:59:19
R1,WK_163,13,Kaloor,17:00:49,17:01:09
R1,WK_163,14,Town Hall,17:02:07,17:02:27
R1,WK_163,15,MG Road,17:04:25,17:04:55
R1,WK_163,16,Maharajas College,17:06:35,17:06:55
R1,WK_163,17,Ernakulam South,17:08:52,17:09:22
R1,WK_163,18,Kadavanthra,17:11:29,17:11:49
R1,WK_163,19,Elamkulam,17:13:36,17:13:56
R1,WK_163,20,Vyttila,17:15:58,17:16:18
R1,WK_163,21,Thykoodam,17:17:58,17:18:18
R1,WK_163,22,Pettah,17:20:16,17:20:36
R1,WK_163,23,Vadakkekotta,17:22:41,17:23:01
R1,WK_163,24,SN Junction,17:24:19,17:24:39
R1,WK_163,25,Tripunithura,17:26:42,17:26:42
R1,WK_164,1,Aluva,16:37:28,16:42:55
R1,WK_164,2,Pulinchodu,16:44:55,16:45:15
R1,WK_164,3,Companypady,16:46:42,16:47:02
R1,WK_164,4,Ambattukavu,16:48:29,16:48:49
R1,WK_164,5,Muttom,16:50:18,16:50:48
R1,WK_164,6,Kalamassery,16:53:14,16:53:34
R1,WK_164,7,Cochin University,16:55:23,16:55:43
R1,WK_164,8,Pathadipalam,16:57:27,16:57:47
R1,WK_164,9,Edapally,16:59:39,17:00:09
R1,WK_164,10,Changampuzha Park,17:02:01,17:02:21
R1,WK_164,11,Palarivattom,17:03:54,17:04:14
R1,WK_164,12,JLN Stadium,17:05:59,17:06:19
R1,WK_164,13,Kaloor,17:07:49,17:08:09
R1,WK_164,14,Town Hall,17:09:07,17:09:27
R1,WK_164,15,MG Road,17:11:25,17:11:55
R1,WK_164,16,Maharajas College,17:13:35,17:13:55
R1,WK_164,17,Ernakulam South,17:15:52,17:16:22
R1,WK_164,18,Kadavanthra,17:18:29,17:18:49
R1,WK_164,19,Elamkulam,17:20:36,17:20:56
R1,WK_164,20,Vyttila,17:22:58,17:23:18
R1,WK_164,21,Thykoodam,17:24:58,17:25:18
R1,WK_164,22,Pettah,17:27:16,17:27:36
R1,WK_164,23,Vadakkekotta,17:29:41,17:30:01
R1,WK_164,24,SN Junction,17:31:19,17:31:39
R1,WK_164,25,Tripunithura,17:33:42,17:33:42
R1,WK_165,1,Aluva,16:45:58,16:49:55
R1,WK_165,2,Pulinchodu,16:51:55,16:52:15
R1,WK_165,3,Companypady,16:53:42,16:54:02
R1,WK_165,4,Ambattukavu,16:55:29,16:55:49
R1,WK_165,5,Muttom,16:57:18,16:57:48
R1,WK_165,6,Kalamassery,17:00:14,17:00:34
R1,WK_165,7,Cochin University,17:02:23,17:02:43
R1,WK_165,8,Pathadipalam,17:04:27,17:04:47
R1,WK_165,9,Edapally,17:06:39,17:07:09
R1,WK_165,10,Changampuzha Park,17:09:01,17:09:21
R1,WK_165,11,Palarivattom,17:10:54,17:11:14
R1,WK_165,12,JLN Stadium,17:12:59,17:13:19
R1,WK_165,13,Kaloor,17:14:49,17:15:09
R1,WK_165,14,Town Hall,17:16:07,17:16:27
R1,WK_165,15,MG Road,17:18:25,17:18:55
R1,WK_165,16,Maharajas College,17:20:35,17:20:55
R1,WK_165,17,Ernakulam South,17:22:52,17:23:22
R1,WK_165,18,Kadavanthra,17:25:29,17:25:49
R1,WK_165,19,Elamkulam,17:27:36,17:27:56
R1,WK_165,20,Vyttila,17:29:58,17:30:18
R1,WK_165,21,Thykoodam,17:31:58,17:32:18
R1,WK_165,22,Pettah,17:34:16,17:34:36
R1,WK_165,23,Vadakkekotta,17:36:41,17:37:01
R1,WK_165,24,SN Junction,17:38:19,17:38:39
R1,WK_165,25,Tripunithura,17:40:42,17:40:42
R1,WK_166,1,Aluva,16:53:48,16:56:55
R1,WK_166,2,Pulinchodu,16:58:55,16:59:15
R1,WK_166,3,Companypady,17:00:42,17:01:02
R1,WK_166,4,Ambattukavu,17:02:29,17:02:49
R1,WK_166,5,Muttom,17:04:18,17:04:48
R1,WK_166,6,Kalamassery,17:07:14,17:07:34
R1,WK_166,7,Cochin University,17:09:23,17:09:43
R1,WK_166,8,Pathadipalam,17:11:27,17:11:47
R1,WK_166,9,Edapally,17:13:39,17:14:09
R1,WK_166,10,Changampuzha Park,17:16:01,17:16:21
R1,WK_166,11,Palarivattom,17:17:54,17:18:14
R1,WK_166,12,JLN Stadium,17:19:59,17:20:19
R1,WK_166,13,Kaloor,17:21:49,17:22:09
R1,WK_166,14,Town Hall,17:23:07,17:23:27
R1,WK_166,15,MG Road,17:25:25,17:25:55
R1,WK_166,16,Maharajas College,17:27:35,17:27:55
R1,WK_166,17,Ernakulam South,17:29:52,17:30:22
R1,WK_166,18,Kadavanthra,17:32:29,17:32:49
R1,WK_166,19,Elamkulam,17:34:36,17:34:56
R1,WK_166,20,Vyttila,17:36:58,17:37:18
R1,WK_166,21,Thykoodam,17:38:58,17:39:18
R1,WK_166,22,Pettah,17:41:16,17:41:36
R1,WK_166,23,Vadakkekotta,17:43:41,17:44:01
R1,WK_166,24,SN Junction,17:45:19,17:45:39
R1,WK_166,25,Tripunithura,17:47:42,17:47:42
R1,WK_167,1,Aluva,17:01:55,17:03:55
R1,WK_167,2,Pulinchodu,17:05:55,17:06:15
R1,WK_167,3,Companypady,17:07:42,17:08:02
R1,WK_167,4,Ambattukavu,17:09:29,17:09:49
R1,WK_167,5,Muttom,17:11:18,17:11:48
R1,WK_167,6,Kalamassery,17:14:14,17:14:34
R1,WK_167,7,Cochin University,17:16:23,17:16:43
R1,WK_167,8,Pathadipalam,17:18:27,17:18:47
R1,WK_167,9,Edapally,17:20:39,17:21:09
R1,WK_167,10,Changampuzha Park,17:23:01,17:23:21
R1,WK_167,11,Palarivattom,17:24:54,17:25:14
R1,WK_167,12,JLN Stadium,17:26:59,17:27:19
R1,WK_167,13,Kaloor,17:28:49,17:29:09
R1,WK_167,14,Town Hall,17:30:07,17:30:27
R1,WK_167,15,MG Road,17:32:25,17:32:55
R1,WK_167,16,Maharajas College,17:34:35,17:34:55
R1,WK_167,17,Ernakulam South,17:36:52,17:37:22
R1,WK_167,18,Kadavanthra,17:39:29,17:39:49
R1,WK_167,19,Elamkulam,17:41:36,17:41:56
R1,WK_167,20,Vyttila,17:43:58,17:44:18
R1,WK_167,21,Thykoodam,17:45:58,17:46:18
R1,WK_167,22,Pettah,17:48:16,17:48:36
R1,WK_167,23,Vadakkekotta,17:50:41,17:51:01
R1,WK_167,24,SN Junction,17:52:19,17:52:39
R1,WK_167,25,Tripunithura,17:54:42,17:54:42
R1,WK_168,1,Tripunithura,17:54:42,17:56:30
R1,WK_168,2,SN Junction,17:58:12,17:58:32
R1,WK_168,3,Vadakkekotta,17:59:50,18:00:10
R1,WK_168,4,Pettah,18:02:18,18:02:38
R1,WK_168,5,Thykoodam,18:04:31,18:04:51
R1,WK_168,6,Vyttila,18:06:29,18:06:49
R1,WK_168,7,Elamkulam,18:08:55,18:09:15
R1,WK_168,8,Kadavanthra,18:11:00,18:11:20
R1,WK_168,9,Ernakulam South,18:13:30,18:14:00
R1,WK_168,10,Maharajas College,18:15:54,18:16:14
R1,WK_168,11,MG Road,18:17:54,18:18:24
R1,WK_168,12,Town Hall,18:20:15,18:20:35
R1,WK_168,13,Kaloor,18:21:35,18:21:55
R1,WK_168,14,JLN Stadium,18:23:27,18:23:47
R1,WK_168,15,Palarivattom,18:25:30,18:25:50
R1,WK_168,16,Changampuzha Park,18:27:21,18:27:41
R1,WK_168,17,Edapally,18:29:33,18:30:03
R1,WK_168,18,Pathadipalam,18:31:55,18:32:15
R1,WK_168,19,Cochin University,18:33:57,18:34:27
R1,WK_168,20,Kalamassery,18:36:16,18:36:36
R1,WK_168,21,Muttom,18:39:04,18:39:34
R1,WK_168,22,Ambattukavu,18:41:01,18:41:21
R1,WK_168,23,Companypady,18:42:49,18:43:09
R1,WK_168,24,Pulinchodu,18:44:35,18:44:55
R1,WK_168,25,Aluva,18:46:55,18:46:55
R1,WK_169,1,Aluva,17:08:55,17:10:55
R1,WK_169,2,Pulinchodu,17:12:55,17:13:15
R1,WK_169,3,Companypady,17:14:42,17:15:02
R1,WK_169,4,Ambattukavu,17:16:29,17:16:49
R1,WK_169,5,Muttom,17:18:18,17:18:48
R1,WK_169,6,Kalamassery,17:21:14,17:21:34
R1,WK_169,7,Cochin University,17:23:23,17:23:43
R1,WK_169,8,Pathadipalam,17:25:27,17:25:47
R1,WK_169,9,Edapally,17:27:39,17:28:09
R1,WK_169,10,Changampuzha Park,17:30:01,17:30:21
R1,WK_169,11,Palarivattom,17:31:54,17:32:14
R1,WK_169,12,JLN Stadium,17:33:59,17:34:19
R1,WK_169,13,Kaloor,17:35:49,17:36:09
R1,WK_169,14,Town Hall,17:37:07,17:37:27
R1,WK_169,15,MG Road,17:39:25,17:39:55
R1,WK_169,16,Maharajas College,17:41:35,17:41:55
R1,WK_169,17,Ernakulam South,17:43:52,17:44:22
R1,WK_169,18,Kadavanthra,17:46:29,17:46:49
R1,WK_169,19,Elamkulam,17:48:36,17:48:56
R1,WK_169,20,Vyttila,17:50:58,17:51:18
R1,WK_169,21,Thykoodam,17:52:58,17:53:18
R1,WK_169,22,Pettah,17:55:16,17:55:36
R1,WK_169,23,Vadakkekotta,17:57:41,17:58:01
R1,WK_169,24,SN Junction,17:59:19,17:59:39
R1,WK_169,25,Tripunithura,18:01:42,18:01:42
R1,WK_17,1,Tripunithura,06:26:59,06:30:00
R1,WK_17,2,SN Junction,06:31:42,06:32:12
R1,WK_17,3,Vadakkekotta,06:33:30,06:34:00
R1,WK_17,4,Pettah,06:36:08,06:36:38
R1,WK_17,5,Thykoodam,06:38:31,06:39:01
R1,WK_17,6,Vyttila,06:40:35,06:41:05
R1,WK_17,7,Elamkulam,06:43:11,06:43:41
R1,WK_17,8,Kadavanthra,06:45:22,06:45:52
R1,WK_17,9,Ernakulam South,06:48:02,06:48:32
R1,WK_17,10,Maharajas College,06:50:26,06:50:56
R1,WK_17,11,MG Road,06:52:36,06:53:06
R1,WK_17,12,Town Hall,06:55:08,06:55:38
R1,WK_17,13,Kaloor,06:56:38,06:57:08
R1,WK_17,14,JLN Stadium,06:58:40,06:59:10
R1,WK_17,15,Palarivattom,07:01:02,07:01:32
R1,WK_17,16,Changampuzha Park,07:03:03,07:03:33
R1,WK_17,17,Edapally,07:05:19,07:05:49
R1,WK_17,18,Pathadipalam,07:07:41,07:08:11
R1,WK_17,19,Cochin University,07:09:49,07:10:19
R1,WK_17,20,Kalamassery,07:12:08,07:12:38
R1,WK_17,21,Muttom,07:15:06,07:15:36
R1,WK_17,22,Ambattukavu,07:17:03,07:17:33
R1,WK_17,23,Companypady,07:19:01,07:19:31
R1,WK_17,24,Pulinchodu,07:20:56,07:21:26
R1,WK_17,25,Aluva,07:23:26,07:23:26
R1,WK_170,1,Tripunithura,18:01:42,18:03:30
R1,WK_170,2,SN Junction,18:05:12,18:05:32
R1,WK_170,3,Vadakkekotta,18:06:50,18:07:10
R1,WK_170,4,Pettah,18:09:18,18:09:38
R1,WK_170,5,Thykoodam,18:11:31,18:11:51
R1,WK_170,6,Vyttila,18:13:29,18:13:49
R1,WK_170,7,Elamkulam,18:15:55,18:16:15
R1,WK_170,8,Kadavanthra,18:18:00,18:18:20
R1,WK_170,9,Ernakulam South,18:20:30,18:21:00
R1,WK_170,10,Maharajas College,18:22:54,18:23:14
R1,WK_170,11,MG Road,18:24:54,18:25:24
R1,WK_170,12,Town Hall,18:27:15,18:27:35
R1,WK_170,13,Kaloor,18:28:35,18:28:55
R1,WK_170,14,JLN Stadium,18:30:27,18:30:47
R1,WK_170,15,Palarivattom,18:32:30,18:32:50
R1,WK_170,16,Changampuzha Park,18:34:21,18:34:41
R1,WK_170,17,Edapally,18:36:33,18:37:03
R1,WK_170,18,Pathadipalam,18:38:55,18:39:15
R1,WK_170,19,Cochin University,18:40:57,18:41:27
R1,WK_170,20,Kalamassery,18:43:16,18:43:36
R1,WK_170,21,Muttom,18:46:04,18:46:34
R1,WK_170,22,Ambattukavu,18:48:01,18:48:21
R1,WK_170,23,Companypady,18:49:49,18:50:09
R1,WK_170,24,Pulinchodu,18:51:35,18:51:55
R1,WK_170,25,Aluva,18:53:55,18:53:55
R1,WK_171,1,Tripunithura,16:21:44,16:25:30
R1,WK_171,2,SN Junction,16:27:12,16:27:32
R1,WK_171,3,Vadakkekotta,16:28:50,16:29:10
R1,WK_171,4,Pettah,16:31:18,16:31:38
R1,WK_171,5,Thykoodam,16:33:31,16:33:51
R1,WK_171,6,Vyttila,16:35:29,16:35:49
R1,WK_171,7,Elamkulam,16:37:55,16:38:15
R1,WK_171,8,Kadavanthra,16:40:00,16:40:20
R1,WK_171,9,Ernakulam South,16:42:30,16:43:00
R1,WK_171,10,Maharajas College,16:44:54,16:45:14
R1,WK_171,11,MG Road,16:46:54,16:47:24
R1,WK_171,12,Town Hall,16:49:15,16:49:35
R1,WK_171,13,Kaloor,16:50:35,16:50:55
R1,WK_171,14,JLN Stadium,16:52:27,16:52:47
R1,WK_171,15,Palarivattom,16:54:30,16:54:50
R1,WK_171,16,Changampuzha Park,16:56:21,16:56:41
R1,WK_171,17,Edapally,16:58:33,16:59:03
R1,WK_171,18,Pathadipalam,17:00:55,17:01:15
R1,WK_171,19,Cochin University,17:02:57,17:03:27
R1,WK_171,20,Kalamassery,17:05:16,17:05:36
R1,WK_171,21,Muttom,17:08:04,17:08:34
R1,WK_171,22,Ambattukavu,17:10:01,17:10:21
R1,WK_171,23,Companypady,17:11:49,17:12:09
R1,WK_171,24,Pulinchodu,17:13:35,17:13:55
R1,WK_171,25,Aluva,17:15:55,17:15:55
R1,WK_172,1,Muttom,15:38:30,15:39:00
R1,WK_172,2,Kalamassery,15:41:26,15:41:46
R1,WK_172,3,Cochin University,15:43:35,15:43:55
R1,WK_172,4,Pathadipalam,15:45:39,15:45:59
R1,WK_172,5,Edapally,15:47:51,15:48:21
R1,WK_172,6,Changampuzha Park,15:50:13,15:50:33
R1,WK_172,7,Palarivattom,15:52:05,15:52:25
R1,WK_172,8,JLN Stadium,15:54:10,15:54:30
R1,WK_172,9,Kaloor,15:55:59,15:56:19
R1,WK_172,10,Town Hall,15:57:16,15:57:36
R1,WK_172,11,MG Road,15:59:34,16:00:04
R1,WK_172,12,Maharajas College,16:01:44,16:02:04
R1,WK_172,13,Ernakulam South,16:03:57,16:04:27
R1,WK_172,14,Kadavanthra,16:06:30,16:07:00
R1,WK_172,15,Elamkulam,16:08:47,16:09:07
R1,WK_172,16,Vyttila,16:11:09,16:11:29
R1,WK_172,17,Thykoodam,16:13:04,16:13:24
R1,WK_172,18,Pettah,16:15:22,16:15:42
R1,WK_172,19,Vadakkekotta,16:17:47,16:18:07
R1,WK_172,20,SN Junction,16:19:21,16:19:41
R1,WK_172,21,Tripunithura,16:21:44,16:21:44
R1,WK_173,1,Aluva,17:15:55,17:17:55
R1,WK_173,2,Pulinchodu,17:19:55,17:20:15
R1,WK_173,3,Companypady,17:21:42,17:22:02
R1,WK_173,4,Ambattukavu,17:23:29,17:23:49
R1,WK_173,5,Muttom,17:25:18,17:25:48
R1,WK_173,6,Kalamassery,17:28:14,17:28:34
R1,WK_173,7,Cochin University,17:30:23,17:30:43
R1,WK_173,8,Pathadipalam,17:32:27,17:32:47
R1,WK_173,9,Edapally,17:34:39,17:35:09
R1,WK_173,10,Changampuzha Park,17:37:01,17:37:21
R1,WK_173,11,Palarivattom,17:38:54,17:39:14
R1,WK_173,12,JLN Stadium,17:40:59,17:41:19
R1,WK_173,13,Kaloor,17:42:49,17:43:09
R1,WK_173,14,Town Hall,17:44:07,17:44:27
R1,WK_173,15,MG Road,17:46:25,17:46:55
R1,WK_173,16,Maharajas College,17:48:35,17:48:55
R1,WK_173,17,Ernakulam South,17:50:52,17:51:22
R1,WK_173,18,Kadavanthra,17:53:29,17:53:49
R1,WK_173,19,Elamkulam,17:55:36,17:55:56
R1,WK_173,20,Vyttila,17:57:58,17:58:18
R1,WK_173,21,Thykoodam,17:59:58,18:00:18
R1,WK_173,22,Pettah,18:02:16,18:02:36
R1,WK_173,23,Vadakkekotta,18:04:41,18:05:01
R1,WK_173,24,SN Junction,18:06:19,18:06:39
R1,WK_173,25,Tripunithura,18:08:42,18:08:42
R1,WK_174,1,Tripunithura,18:08:42,18:10:30
R1,WK_174,2,SN Junction,18:12:12,18:12:32
R1,WK_174,3,Vadakkekotta,18:13:50,18:14:10
R1,WK_174,4,Pettah,18:16:18,18:16:38
R1,WK_174,5,Thykoodam,18:18:31,18:18:51
R1,WK_174,6,Vyttila,18:20:29,18:20:49
R1,WK_174,7,Elamkulam,18:22:55,18:23:15
R1,WK_174,8,Kadavanthra,18:25:00,18:25:20
R1,WK_174,9,Ernakulam South,18:27:30,18:28:00
R1,WK_174,10,Maharajas College,18:29:54,18:30:14
R1,WK_174,11,MG Road,18:31:54,18:32:24
R1,WK_174,12,Town Hall,18:34:15,18:34:35
R1,WK_174,13,Kaloor,18:35:35,18:35:55
R1,WK_174,14,JLN Stadium,18:37:27,18:37:47
R1,WK_174,15,Palarivattom,18:39:30,18:39:50
R1,WK_174,16,Changampuzha Park,18:41:21,18:41:41
R1,WK_174,17,Edapally,18:43:33,18:44:03
R1,WK_174,18,Pathadipalam,18:45:55,18:46:15
R1,WK_174,19,Cochin University,18:47:57,18:48:27
R1,WK_174,20,Kalamassery,18:50:16,18:50:36
R1,WK_174,21,Muttom,18:53:04,18:53:34
R1,WK_174,22,Ambattukavu,18:55:01,18:55:21
R1,WK_174,23,Companypady,18:56:49,18:57:09
R1,WK_174,24,Pulinchodu,18:58:35,18:58:55
R1,WK_174,25,Aluva,19:00:55,19:00:55
R1,WK_175,1,Aluva,17:22:55,17:24:55
R1,WK_175,2,Pulinchodu,17:26:55,17:27:15
R1,WK_175,3,Companypady,17:28:42,17:29:02
R1,WK_175,4,Ambattukavu,17:30:29,17:30:49
R1,WK_175,5,Muttom,17:32:18,17:32:48
R1,WK_175,6,Kalamassery,17:35:14,17:35:34
R1,WK_175,7,Cochin University,17:37:23,17:37:43
R1,WK_175,8,Pathadipalam,17:39:27,17:39:47
R1,WK_175,9,Edapally,17:41:39,17:42:09
R1,WK_175,10,Changampuzha Park,17:44:01,17:44:21
R1,WK_175,11,Palarivattom,17:45:54,17:46:14
R1,WK_175,12,JLN Stadium,17:47:59,17:48:19
R1,WK_175,13,Kaloor,17:49:49,17:50:09
R1,WK_175,14,Town Hall,17:51:07,17:51:27
R1,WK_175,15,MG Road,17:53:25,17:53:55
R1,WK_175,16,Maharajas College,17:55:35,17:55:55
R1,WK_175,17,Ernakulam South,17:57:52,17:58:22
R1,WK_175,18,Kadavanthra,18:00:29,18:00:49
R1,WK_175,19,Elamkulam,18:02:36,18:02:56
R1,WK_175,20,Vyttila,18:04:58,18:05:18
R1,WK_175,21,Thykoodam,18:06:58,18:07:18
R1,WK_175,22,Pettah,18:09:16,18:09:36
R1,WK_175,23,Vadakkekotta,18:11:41,18:12:01
R1,WK_175,24,SN Junction,18:13:19,18:13:39
R1,WK_175,25,Tripunithura,18:15:42,18:15:42
R1,WK_176,1,Tripunithura,18:15:42,18:17:30
R1,WK_176,2,SN Junction,18:19:12,18:19:32
R1,WK_176,3,Vadakkekotta,18:20:50,18:21:10
R1,WK_176,4,Pettah,18:23:18,18:23:38
R1,WK_176,5,Thykoodam,18:25:31,18:25:51
R1,WK_176,6,Vyttila,18:27:29,18:27:49
R1,WK_176,7,Elamkulam,18:29:55,18:30:15
R1,WK_176,8,Kadavanthra,18:32:00,18:32:20
R1,WK_176,9,Ernakulam South,18:34:30,18:35:00
R1,WK_176,10,Maharajas College,18:36:54,18:37:14
R1,WK_176,11,MG Road,18:38:54,18:39:24
R1,WK_176,12,Town Hall,18:41:15,18:41:35
R1,WK_176,13,Kaloor,18:42:35,18:42:55
R1,WK_176,14,JLN Stadium,18:44:27,18:44:47
R1,WK_176,15,Palarivattom,18:46:30,18:46:50
R1,WK_176,16,Changampuzha Park,18:48:21,18:48:41
R1,WK_176,17,Edapally,18:50:33,18:51:03
R1,WK_176,18,Pathadipalam,18:52:55,18:53:15
R1,WK_176,19,Cochin University,18:54:57,18:55:27
R1,WK_176,20,Kalamassery,18:57:16,18:57:36
R1,WK_176,21,Muttom,19:00:04,19:00:34
R1,WK_176,22,Ambattukavu,19:02:01,19:02:21
R1,WK_176,23,Companypady,19:03:49,19:04:09
R1,WK_176,24,Pulinchodu,19:05:35,19:05:55
R1,WK_176,25,Aluva,19:07:55,19:07:55
R1,WK_177,1,Aluva,17:29:55,17:31:55
R1,WK_177,2,Pulinchodu,17:33:55,17:34:15
R1,WK_177,3,Companypady,17:35:42,17:36:02
R1,WK_177,4,Ambattukavu,17:37:29,17:37:49
R1,WK_177,5,Muttom,17:39:18,17:39:48
R1,WK_177,6,Kalamassery,17:42:14,17:42:34
R1,WK_177,7,Cochin University,17:44:23,17:44:43
R1,WK_177,8,Pathadipalam,17:46:27,17:46:47
R1,WK_177,9,Edapally,17:48:39,17:49:09
R1,WK_177,10,Changampuzha Park,17:51:01,17:51:21
R1,WK_177,11,Palarivattom,17:52:54,17:53:14
R1,WK_177,12,JLN Stadium,17:54:59,17:55:19
R1,WK_177,13,Kaloor,17:56:49,17:57:09
R1,WK_177,14,Town Hall,17:58:07,17:58:27
R1,WK_177,15,MG Road,18:00:25,18:00:55
R1,WK_177,16,Maharajas College,18:02:35,18:02:55
R1,WK_177,17,Ernakulam South,18:04:52,18:05:22
R1,WK_177,18,Kadavanthra,18:07:29,18:07:49
R1,WK_177,19,Elamkulam,18:09:36,18:09:56
R1,WK_177,20,Vyttila,18:11:58,18:12:18
R1,WK_177,21,Thykoodam,18:13:58,18:14:18
R1,WK_177,22,Pettah,18:16:16,18:16:36
R1,WK_177,23,Vadakkekotta,18:18:41,18:19:01
R1,WK_177,24,SN Junction,18:20:19,18:20:39
R1,WK_177,25,Tripunithura,18:22:42,18:22:42
R1,WK_178,1,Tripunithura,18:22:42,18:24:30
R1,WK_178,2,SN Junction,18:26:12,18:26:32
R1,WK_178,3,Vadakkekotta,18:27:50,18:28:10
R1,WK_178,4,Pettah,18:30:18,18:30:38
R1,WK_178,5,Thykoodam,18:32:31,18:32:51
R1,WK_178,6,Vyttila,18:34:29,18:34:49
R1,WK_178,7,Elamkulam,18:36:55,18:37:15
R1,WK_178,8,Kadavanthra,18:39:00,18:39:20
R1,WK_178,9,Ernakulam South,18:41:30,18:42:00
R1,WK_178,10,Maharajas College,18:43:54,18:44:14
R1,WK_178,11,MG Road,18:45:54,18:46:24
R1,WK_178,12,Town Hall,18:48:15,18:48:35
R1,WK_178,13,Kaloor,18:49:35,18:49:55
R1,WK_178,14,JLN Stadium,18:51:27,18:51:47
R1,WK_178,15,Palarivattom,18:53:30,18:53:50
R1,WK_178,16,Changampuzha Park,18:55:21,18:55:41
R1,WK_178,17,Edapally,18:57:33,18:58:03
R1,WK_178,18,Pathadipalam,18:59:55,19:00:15
R1,WK_178,19,Cochin University,19:01:57,19:02:27
R1,WK_178,20,Kalamassery,19:04:16,19:04:36
R1,WK_178,21,Muttom,19:07:04,19:07:34
R1,WK_178,22,Ambattukavu,19:09:01,19:09:21
R1,WK_178,23,Companypady,19:10:49,19:11:09
R1,WK_178,24,Pulinchodu,19:12:35,19:12:55
R1,WK_178,25,Aluva,19:14:55,19:14:55
R1,WK_179,1,Aluva,17:36:55,17:38:55
R1,WK_179,2,Pulinchodu,17:40:55,17:41:15
R1,WK_179,3,Companypady,17:42:42,17:43:02
R1,WK_179,4,Ambattukavu,17:44:29,17:44:49
R1,WK_179,5,Muttom,17:46:18,17:46:48
R1,WK_179,6,Kalamassery,17:49:14,17:49:34
R1,WK_179,7,Cochin University,17:51:23,17:51:43
R1,WK_179,8,Pathadipalam,17:53:27,17:53:47
R1,WK_179,9,Edapally,17:55:39,17:56:09
R1,WK_179,10,Changampuzha Park,17:58:01,17:58:21
R1,WK_179,11,Palarivattom,17:59:54,18:00:14
R1,WK_179,12,JLN Stadium,18:01:59,18:02:19
R1,WK_179,13,Kaloor,18:03:49,18:04:09
R1,WK_179,14,Town Hall,18:05:07,18:05:27
R1,WK_179,15,MG Road,18:07:25,18:07:55
R1,WK_179,16,Maharajas College,18:09:35,18:09:55
R1,WK_179,17,Ernakulam South,18:11:52,18:12:22
R1,WK_179,18,Kadavanthra,18:14:29,18:14:49
R1,WK_179,19,Elamkulam,18:16:36,18:16:56
R1,WK_179,20,Vyttila,18:18:58,18:19:18
R1,WK_179,21,Thykoodam,18:20:58,18:21:18
R1,WK_179,22,Pettah,18:23:16,18:23:36
R1,WK_179,23,Vadakkekotta,18:25:41,18:26:01
R1,WK_179,24,SN Junction,18:27:19,18:27:39
R1,WK_179,25,Tripunithura,18:29:42,18:29:42
R1,WK_18,1,Muttom,05:44:30,05:45:00
R1,WK_18,2,Kalamassery,05:47:26,05:47:51
R1,WK_18,3,Cochin University,05:49:40,05:50:05
R1,WK_18,4,Pathadipalam,05:51:49,05:52:14
R1,WK_18,5,Edapally,05:54:06,05:54:31
R1,WK_18,6,Changampuzha Park,05:56:23,05:56:48
R1,WK_18,7,Palarivattom,05:58:20,05:58:45
R1,WK_18,8,JLN Stadium,06:00:30,06:00:55
R1,WK_18,9,Kaloor,06:02:24,06:02:49
R1,WK_18,10,Town Hall,06:03:46,06:04:11
R1,WK_18,11,MG Road,06:06:09,06:06:34
R1,WK_18,12,Maharajas College,06:08:04,06:08:29
R1,WK_18,13,Ernakulam South,06:10:13,06:10:38
R1,WK_18,14,Kadavanthra,06:12:32,06:12:57
R1,WK_18,15,Elamkulam,06:14:34,06:14:59
R1,WK_18,16,Vyttila,06:16:52,06:17:17
R1,WK_18,17,Thykoodam,06:18:46,06:19:11
R1,WK_18,18,Pettah,06:20:53,06:21:18
R1,WK_18,19,Vadakkekotta,06:23:10,06:23:35
R1,WK_18,20,SN Junction,06:24:45,06:25:10
R1,WK_18,21,Tripunithura,06:26:59,06:26:59
R1,WK_180,1,Tripunithura,18:29:42,18:31:30
R1,WK_180,2,SN Junction,18:33:12,18:33:32
R1,WK_180,3,Vadakkekotta,18:34:50,18:35:10
R1,WK_180,4,Pettah,18:37:18,18:37:38
R1,WK_180,5,Thykoodam,18:39:31,18:39:51
R1,WK_180,6,Vyttila,18:41:29,18:41:49
R1,WK_180,7,Elamkulam,18:43:55,18:44:15
R1,WK_180,8,Kadavanthra,18:46:00,18:46:20
R1,WK_180,9,Ernakulam South,18:48:30,18:49:00
R1,WK_180,10,Maharajas College,18:50:54,18:51:14
R1,WK_180,11,MG Road,18:52:54,18:53:24
R1,WK_180,12,Town Hall,18:55:15,18:55:35
R1,WK_180,13,Kaloor,18:56:35,18:56:55
R1,WK_180,14,JLN Stadium,18:58:27,18:58:47
R1,WK_180,15,Palarivattom,19:00:30,19:00:50
R1,WK_180,16,Changampuzha Park,19:02:21,19:02:41
R1,WK_180,17,Edapally,19:04:33,19:05:03
R1,WK_180,18,Pathadipalam,19:06:55,19:07:15
R1,WK_180,19,Cochin University,19:08:57,19:09:27
R1,WK_180,20,Kalamassery,19:11:16,19:11:36
R1,WK_180,21,Muttom,19:14:04,19:14:34
R1,WK_180,22,Ambattukavu,19:16:01,19:16:21
R1,WK_180,23,Companypady,19:17:49,19:18:09
R1,WK_180,24,Pulinchodu,19:19:35,19:19:55
R1,WK_180,25,Aluva,19:21:55,19:21:55
R1,WK_181,1,Aluva,17:43:55,17:45:55
R1,WK_181,2,Pulinchodu,17:47:55,17:48:15
R1,WK_181,3,Companypady,17:49:42,17:50:02
R1,WK_181,4,Ambattukavu,17:51:29,17:51:49
R1,WK_181,5,Muttom,17:53:18,17:53:48
R1,WK_181,6,Kalamassery,17:56:14,17:56:34
R1,WK_181,7,Cochin University,17:58:23,17:58:43
R1,WK_181,8,Pathadipalam,18:00:27,18:00:47
R1,WK_181,9,Edapally,18:02:39,18:03:09
R1,WK_181,10,Changampuzha Park,18:05:01,18:05:21
R1,WK_181,11,Palarivattom,18:06:54,18:07:14
R1,WK_181,12,JLN Stadium,18:08:59,18:09:19
R1,WK_181,13,Kaloor,18:10:49,18:11:09
R1,WK_181,14,Town Hall,18:12:07,18:12:27
R1,WK_181,15,MG Road,18:14:25,18:14:55
R1,WK_181,16,Maharajas College,18:16:35,18:16:55
R1,WK_181,17,Ernakulam South,18:18:52,18:19:22
R1,WK_181,18,Kadavanthra,18:21:29,18:21:49
R1,WK_181,19,Elamkulam,18:23:36,18:23:56
R1,WK_181,20,Vyttila,18:25:58,18:26:18
R1,WK_181,21,Thykoodam,18:27:58,18:28:18
R1,WK_181,22,Pettah,18:30:16,18:30:36
R1,WK_181,23,Vadakkekotta,18:32:41,18:33:01
R1,WK_181,24,SN Junction,18:34:19,18:34:39
R1,WK_181,25,Tripunithura,18:36:42,18:36:42
R1,WK_182,1,Tripunithura,18:36:42,18:38:30
R1,WK_182,2,SN Junction,18:40:12,18:40:32
R1,WK_182,3,Vadakkekotta,18:41:50,18:42:10
R1,WK_182,4,Pettah,18:44:18,18:44:38
R1,WK_182,5,Thykoodam,18:46:31,18:46:51
R1,WK_182,6,Vyttila,18:48:29,18:48:49
R1,WK_182,7,Elamkulam,18:50:55,18:51:15
R1,WK_182,8,Kadavanthra,18:53:00,18:53:20
R1,WK_182,9,Ernakulam South,18:55:30,18:56:00
R1,WK_182,10,Maharajas College,18:57:54,18:58:14
R1,WK_182,11,MG Road,18:59:54,19:00:24
R1,WK_182,12,Town Hall,19:02:15,19:02:35
R1,WK_182,13,Kaloor,19:03:35,19:03:55
R1,WK_182,14,JLN Stadium,19:05:27,19:05:47
R1,WK_182,15,Palarivattom,19:07:30,19:07:50
R1,WK_182,16,Changampuzha Park,19:09:21,19:09:41
R1,WK_182,17,Edapally,19:11:33,19:12:03
R1,WK_182,18,Pathadipalam,19:13:55,19:14:15
R1,WK_182,19,Cochin University,19:15:57,19:16:27
R1,WK_182,20,Kalamassery,19:18:16,19:18:36
R1,WK_182,21,Muttom,19:21:04,19:21:34
R1,WK_182,22,Ambattukavu,19:23:01,19:23:21
R1,WK_182,23,Companypady,19:24:49,19:25:09
R1,WK_182,24,Pulinchodu,19:26:35,19:26:55
R1,WK_182,25,Aluva,19:28:55,19:28:55
R1,WK_183,1,Tripunithura,16:58:42,17:00:30
R1,WK_183,2,SN Junction,17:02:12,17:02:32
R1,WK_183,3,Vadakkekotta,17:03:50,17:04:10
R1,WK_183,4,Pettah,17:06:18,17:06:38
R1,WK_183,5,Thykoodam,17:08:31,17:08:51
R1,WK_183,6,Vyttila,17:10:29,17:10:49
R1,WK_183,7,Elamkulam,17:12:55,17:13:15
R1,WK_183,8,Kadavanthra,17:15:00,17:15:20
R1,WK_183,9,Ernakulam South,17:17:30,17:18:00
R1,WK_183,10,Maharajas College,17:19:54,17:20:14
R1,WK_183,11,MG Road,17:21:54,17:22:24
R1,WK_183,12,Town Hall,17:24:15,17:24:35
R1,WK_183,13,Kaloor,17:25:35,17:25:55
R1,WK_183,14,JLN Stadium,17:27:27,17:27:47
R1,WK_183,15,Palarivattom,17:29:30,17:29:50
R1,WK_183,16,Changampuzha Park,17:31:21,17:31:41
R1,WK_183,17,Edapally,17:33:33,17:34:03
R1,WK_183,18,Pathadipalam,17:35:55,17:36:15
R1,WK_183,19,Cochin University,17:37:57,17:38:27
R1,WK_183,20,Kalamassery,17:40:16,17:40:36
R1,WK_183,21,Muttom,17:43:04,17:43:34
R1,WK_183,22,Ambattukavu,17:45:01,17:45:21
R1,WK_183,23,Companypady,17:46:49,17:47:09
R1,WK_183,24,Pulinchodu,17:48:35,17:48:55
R1,WK_183,25,Aluva,17:50:55,17:50:55
R1,WK_184,1,Aluva,17:50:55,17:52:55
R1,WK_184,2,Pulinchodu,17:54:55,17:55:15
R1,WK_184,3,Companypady,17:56:42,17:57:02
R1,WK_184,4,Ambattukavu,17:58:29,17:58:49
R1,WK_184,5,Muttom,18:00:18,18:00:48
R1,WK_184,6,Kalamassery,18:03:14,18:03:34
R1,WK_184,7,Cochin University,18:05:23,18:05:43
R1,WK_184,8,Pathadipalam,18:07:27,18:07:47
R1,WK_184,9,Edapally,18:09:39,18:10:09
R1,WK_184,10,Changampuzha Park,18:12:01,18:12:21
R1,WK_184,11,Palarivattom,18:13:54,18:14:14
R1,WK_184,12,JLN Stadium,18:15:59,18:16:19
R1,WK_184,13,Kaloor,18:17:49,18:18:09
R1,WK_184,14,Town Hall,18:19:07,18:19:27
R1,WK_184,15,MG Road,18:21:25,18:21:55
R1,WK_184,16,Maharajas College,18:23:35,18:23:55
R1,WK_184,17,Ernakulam South,18:25:52,18:26:22
R1,WK_184,18,Kadavanthra,18:28:29,18:28:49
R1,WK_184,19,Elamkulam,18:30:36,18:30:56
R1,WK_184,20,Vyttila,18:32:58,18:33:18
R1,WK_184,21,Thykoodam,18:34:58,18:35:18
R1,WK_184,22,Pettah,18:37:16,18:37:36
R1,WK_184,23,Vadakkekotta,18:39:41,18:40:01
R1,WK_184,24,SN Junction,18:41:19,18:41:39
R1,WK_184,25,Tripunithura,18:43:42,18:43:42
R1,WK_185,1,Tripunithura,18:43:42,18:45:30
R1,WK_185,2,SN Junction,18:47:12,18:47:42
R1,WK_185,3,Vadakkekotta,18:49:00,18:49:30
R1,WK_185,4,Pettah,18:51:38,18:51:58
R1,WK_185,5,Thykoodam,18:53:51,18:54:11
R1,WK_185,6,Vyttila,18:55:49,18:56:09
R1,WK_185,7,Elamkulam,18:58:15,18:58:35
R1,WK_185,8,Kadavanthra,19:00:20,19:00:40
R1,WK_185,9,Ernakulam South,19:02:50,19:03:20
R1,WK_185,10,Maharajas College,19:05:14,19:05:34
R1,WK_185,11,MG Road,19:07:14,19:07:44
R1,WK_185,12,Town Hall,19:09:35,19:09:55
R1,WK_185,13,Kaloor,19:10:55,19:11:15
R1,WK_185,14,JLN Stadium,19:12:47,19:13:07
R1,WK_185,15,Palarivattom,19:14:50,19:15:10
R1,WK_185,16,Changampuzha Park,19:16:41,19:17:01
R1,WK_185,17,Edapally,19:18:53,19:19:23
R1,WK_185,18,Pathadipalam,19:21:15,19:21:35
R1,WK_185,19,Cochin University,19:23:17,19:23:47
R1,WK_185,20,Kalamassery,19:25:36,19:25:56
R1,WK_185,21,Muttom,19:28:24,19:28:54
R1,WK_185,22,Ambattukavu,19:30:21,19:30:51
R1,WK_185,23,Companypady,19:32:19,19:32:49
R1,WK_185,24,Pulinchodu,19:34:15,19:34:45
R1,WK_185,25,Aluva,19:36:45,19:36:45
R1,WK_186,1,Tripunithura,17:05:42,17:07:30
R1,WK_186,2,SN Junction,17:09:12,17:09:32
R1,WK_186,3,Vadakkekotta,17:10:50,17:11:10
R1,WK_186,4,Pettah,17:13:18,17:13:38
R1,WK_186,5,Thykoodam,17:15:31,17:15:51
R1,WK_186,6,Vyttila,17:17:29,17:17:49
R1,WK_186,7,Elamkulam,17:19:55,17:20:15
R1,WK_186,8,Kadavanthra,17:22:00,17:22:20
R1,WK_186,9,Ernakulam South,17:24:30,17:25:00
R1,WK_186,10,Maharajas College,17:26:54,17:27:14
R1,WK_186,11,MG Road,17:28:54,17:29:24
R1,WK_186,12,Town Hall,17:31:15,17:31:35
R1,WK_186,13,Kaloor,17:32:35,17:32:55
R1,WK_186,14,JLN Stadium,17:34:27,17:34:47
R1,WK_186,15,Palarivattom,17:36:30,17:36:50
R1,WK_186,16,Changampuzha Park,17:38:21,17:38:41
R1,WK_186,17,Edapally,17:40:33,17:41:03
R1,WK_186,18,Pathadipalam,17:42:55,17:43:15
R1,WK_186,19,Cochin University,17:44:57,17:45:27
R1,WK_186,20,Kalamassery,17:47:16,17:47:36
R1,WK_186,21,Muttom,17:50:04,17:50:34
R1,WK_186,22,Ambattukavu,17:52:01,17:52:21
R1,WK_186,23,Companypady,17:53:49,17:54:09
R1,WK_186,24,Pulinchodu,17:55:35,17:55:55
R1,WK_186,25,Aluva,17:57:55,17:57:55
R1,WK_187,1,Aluva,17:57:55,17:59:55
R1,WK_187,2,Pulinchodu,18:01:55,18:02:15
R1,WK_187,3,Companypady,18:03:42,18:04:02
R1,WK_187,4,Ambattukavu,18:05:29,18:05:49
R1,WK_187,5,Muttom,18:07:18,18:07:48
R1,WK_187,6,Kalamassery,18:10:14,18:10:34
R1,WK_187,7,Cochin University,18:12:23,18:12:43
R1,WK_187,8,Pathadipalam,18:14:27,18:14:47
R1,WK_187,9,Edapally,18:16:39,18:17:09
R1,WK_187,10,Changampuzha Park,18:19:01,18:19:21
R1,WK_187,11,Palarivattom,18:20:54,18:21:14
R1,WK_187,12,JLN Stadium,18:22:59,18:23:19
R1,WK_187,13,Kaloor,18:24:49,18:25:09
R1,WK_187,14,Town Hall,18:26:07,18:26:27
R1,WK_187,15,MG Road,18:28:25,18:28:55
R1,WK_187,16,Maharajas College,18:30:35,18:30:55
R1,WK_187,17,Ernakulam South,18:32:52,18:33:22
R1,WK_187,18,Kadavanthra,18:35:29,18:35:49
R1,WK_187,19,Elamkulam,18:37:36,18:37:56
R1,WK_187,20,Vyttila,18:39:58,18:40:18
R1,WK_187,21,Thykoodam,18:41:58,18:42:18
R1,WK_187,22,Pettah,18:44:16,18:44:36
R1,WK_187,23,Vadakkekotta,18:46:41,18:47:01
R1,WK_187,24,SN Junction,18:48:19,18:48:39
R1,WK_187,25,Tripunithura,18:50:42,18:50:42
R1,WK_188,1,Tripunithura,18:50:42,18:52:30
R1,WK_188,2,SN Junction,18:54:12,18:54:32
R1,WK_188,3,Vadakkekotta,18:55:50,18:56:10
R1,WK_188,4,Pettah,18:58:18,18:58:38
R1,WK_188,5,Thykoodam,19:00:31,19:00:51
R1,WK_188,6,Vyttila,19:02:29,19:02:49
R1,WK_188,7,Elamkulam,19:04:55,19:05:15
R1,WK_188,8,Kadavanthra,19:07:00,19:07:20
R1,WK_188,9,Ernakulam South,19:09:30,19:10:00
R1,WK_188,10,Maharajas College,19:11:54,19:12:14
R1,WK_188,11,MG Road,19:13:54,19:14:24
R1,WK_188,12,Town Hall,19:16:15,19:16:35
R1,WK_188,13,Kaloor,19:17:35,19:17:55
R1,WK_188,14,JLN Stadium,19:19:27,19:19:47
R1,WK_188,15,Palarivattom,19:21:30,19:21:50
R1,WK_188,16,Changampuzha Park,19:23:21,19:23:41
R1,WK_188,17,Edapally,19:25:33,19:26:03
R1,WK_188,18,Pathadipalam,19:27:55,19:28:15
R1,WK_188,19,Cochin University,19:29:57,19:30:27
R1,WK_188,20,Kalamassery,19:32:16,19:32:36
R1,WK_188,21,Muttom,19:35:04,19:35:34
R1,WK_188,22,Ambattukavu,19:37:01,19:37:21
R1,WK_188,23,Companypady,19:38:49,19:39:09
R1,WK_188,24,Pulinchodu,19:40:35,19:40:55
R1,WK_188,25,Aluva,19:42:55,19:42:55
R1,WK_189,1,Tripunithura,17:12:42,17:14:30
R1,WK_189,2,SN Junction,17:16:12,17:16:32
R1,WK_189,3,Vadakkekotta,17:17:50,17:18:10
R1,WK_189,4,Pettah,17:20:18,17:20:38
R1,WK_189,5,Thykoodam,17:22:31,17:22:51
R1,WK_189,6,Vyttila,17:24:29,17:24:49
R1,WK_189,7,Elamkulam,17:26:55,17:27:15
R1,WK_189,8,Kadavanthra,17:29:00,17:29:20
R1,WK_189,9,Ernakulam South,17:31:30,17:32:00
R1,WK_189,10,Maharajas College,17:33:54,17:34:14
R1,WK_189,11,MG Road,17:35:54,17:36:24
R1,WK_189,12,Town Hall,17:38:15,17:38:35
R1,WK_189,13,Kaloor,17:39:35,17:39:55
R1,WK_189,14,JLN Stadium,17:41:27,17:41:47
R1,WK_189,15,Palarivattom,17:43:30,17:43:50
R1,WK_189,16,Changampuzha Park,17:45:21,17:45:41
R1,WK_189,17,Edapally,17:47:33,17:48:03
R1,WK_189,18,Pathadipalam,17:49:55,17:50:15
R1,WK_189,19,Cochin University,17:51:57,17:52:27
R1,WK_189,20,Kalamassery,17:54:16,17:54:36
R1,WK_189,21,Muttom,17:57:04,17:57:34
R1,WK_189,22,Ambattukavu,17:59:01,17:59:21
R1,WK_189,23,Companypady,18:00:49,18:01:09
R1,WK_189,24,Pulinchodu,18:02:35,18:02:55
R1,WK_189,25,Aluva,18:04:55,18:04:55
R1,WK_19,1,Aluva,07:23:26,07:33:25
R1,WK_19,2,Pulinchodu,07:35:25,07:35:45
R1,WK_19,3,Companypady,07:37:12,07:37:32
R1,WK_19,4,Ambattukavu,07:38:58,07:39:18
R1,WK_19,5,Muttom,07:40:44,07:41:14
R1,WK_19,6,Kalamassery,07:43:40,07:44:00
R1,WK_19,7,Cochin University,07:45:49,07:46:09
R1,WK_19,8,Pathadipalam,07:47:53,07:48:13
R1,WK_19,9,Edapally,07:50:05,07:50:35
R1,WK_19,10,Changampuzha Park,07:52:27,07:52:47
R1,WK_19,11,Palarivattom,07:54:19,07:54:39
R1,WK_19,12,JLN Stadium,07:56:24,07:56:44
R1,WK_19,13,Kaloor,07:58:13,07:58:33
R1,WK_19,14,Town Hall,07:59:30,07:59:50
R1,WK_19,15,MG Road,08:01:48,08:02:18
R1,WK_19,16,Maharajas College,08:03:58,08:04:18
R1,WK_19,17,Ernakulam South,08:06:11,08:06:41
R1,WK_19,18,Kadavanthra,08:08:44,08:09:04
R1,WK_19,19,Elamkulam,08:10:51,08:11:11
R1,WK_19,20,Vyttila,08:13:13,08:13:33
R1,WK_19,21,Thykoodam,08:15:13,08:15:33
R1,WK_19,22,Pettah,08:17:31,08:17:51
R1,WK_19,23,Vadakkekotta,08:19:52,08:20:12
R1,WK_19,24,SN Junction,08:21:30,08:21:50
R1,WK_19,25,Tripunithura,08:23:53,08:23:53
R1,WK_190,1,Aluva,16:21:25,16:21:55
R1,WK_190,2,Pulinchodu,16:23:55,16:24:15
R1,WK_190,3,Companypady,16:25:42,16:26:02
R1,WK_190,4,Ambattukavu,16:27:29,16:27:49
R1,WK_190,5,Muttom,16:29:18,16:29:48
R1,WK_190,6,Kalamassery,16:32:14,16:32:34
R1,WK_190,7,Cochin University,16:34:23,16:34:43
R1,WK_190,8,Pathadipalam,16:36:27,16:36:47
R1,WK_190,9,Edapally,16:38:39,16:39:09
R1,WK_190,10,Changampuzha Park,16:41:01,16:41:21
R1,WK_190,11,Palarivattom,16:42:54,16:43:14
R1,WK_190,12,JLN Stadium,16:44:59,16:45:19
R1,WK_190,13,Kaloor,16:46:49,16:47:09
R1,WK_190,14,Town Hall,16:48:07,16:48:27
R1,WK_190,15,MG Road,16:50:25,16:50:55
R1,WK_190,16,Maharajas College,16:52:35,16:52:55
R1,WK_190,17,Ernakulam South,16:54:52,16:55:22
R1,WK_190,18,Kadavanthra,16:57:29,16:57:49
R1,WK_190,19,Elamkulam,16:59:36,16:59:56
R1,WK_190,20,Vyttila,17:01:58,17:02:18
R1,WK_190,21,Thykoodam,17:03:58,17:04:18
R1,WK_190,22,Pettah,17:06:16,17:06:36
R1,WK_190,23,Vadakkekotta,17:08:41,17:09:01
R1,WK_190,24,SN Junction,17:10:19,17:10:39
R1,WK_190,25,Tripunithura,17:12:42,17:12:42
R1,WK_191,1,Aluva,18:04:55,18:06:55
R1,WK_191,2,Pulinchodu,18:08:55,18:09:15
R1,WK_191,3,Companypady,18:10:42,18:11:02
R1,WK_191,4,Ambattukavu,18:12:29,18:12:49
R1,WK_191,5,Muttom,18:14:18,18:14:48
R1,WK_191,6,Kalamassery,18:17:14,18:17:34
R1,WK_191,7,Cochin University,18:19:23,18:19:43
R1,WK_191,8,Pathadipalam,18:21:27,18:21:47
R1,WK_191,9,Edapally,18:23:39,18:24:09
R1,WK_191,10,Changampuzha Park,18:26:01,18:26:21
R1,WK_191,11,Palarivattom,18:27:54,18:28:14
R1,WK_191,12,JLN Stadium,18:29:59,18:30:19
R1,WK_191,13,Kaloor,18:31:49,18:32:09
R1,WK_191,14,Town Hall,18:33:07,18:33:27
R1,WK_191,15,MG Road,18:35:25,18:35:55
R1,WK_191,16,Maharajas College,18:37:35,18:37:55
R1,WK_191,17,Ernakulam South,18:39:52,18:40:22
R1,WK_191,18,Kadavanthra,18:42:29,18:42:49
R1,WK_191,19,Elamkulam,18:44:36,18:44:56
R1,WK_191,20,Vyttila,18:46:58,18:47:18
R1,WK_191,21,Thykoodam,18:48:58,18:49:18
R1,WK_191,22,Pettah,18:51:16,18:51:36
R1,WK_191,23,Vadakkekotta,18:53:41,18:54:01
R1,WK_191,24,SN Junction,18:55:19,18:55:39
R1,WK_191,25,Tripunithura,18:57:42,18:57:42
R1,WK_192,1,Tripunithura,18:57:42,18:59:30
R1,WK_192,2,SN Junction,19:01:12,19:01:32
R1,WK_192,3,Vadakkekotta,19:02:50,19:03:10
R1,WK_192,4,Pettah,19:05:18,19:05:38
R1,WK_192,5,Thykoodam,19:07:31,19:07:51
R1,WK_192,6,Vyttila,19:09:29,19:09:49
R1,WK_192,7,Elamkulam,19:11:55,19:12:15
R1,WK_192,8,Kadavanthra,19:14:00,19:14:20
R1,WK_192,9,Ernakulam South,19:16:30,19:17:00
R1,WK_192,10,Maharajas College,19:18:54,19:19:14
R1,WK_192,11,MG Road,19:20:54,19:21:24
R1,WK_192,12,Town Hall,19:23:15,19:23:35
R1,WK_192,13,Kaloor,19:24:35,19:24:55
R1,WK_192,14,JLN Stadium,19:26:27,19:26:47
R1,WK_192,15,Palarivattom,19:28:30,19:28:50
R1,WK_192,16,Changampuzha Park,19:30:21,19:30:41
R1,WK_192,17,Edapally,19:32:33,19:33:03
R1,WK_192,18,Pathadipalam,19:34:55,19:35:15
R1,WK_192,19,Cochin University,19:36:57,19:37:27
R1,WK_192,20,Kalamassery,19:39:16,19:39:36
R1,WK_192,21,Muttom,19:42:04,19:42:34
R1,WK_192,22,Ambattukavu,19:44:01,19:44:21
R1,WK_192,23,Companypady,19:45:49,19:46:09
R1,WK_192,24,Pulinchodu,19:47:35,19:47:55
R1,WK_192,25,Aluva,19:49:55,19:49:55
R1,WK_193,1,Tripunithura,17:19:42,17:21:30
R1,WK_193,2,SN Junction,17:23:12,17:23:32
R1,WK_193,3,Vadakkekotta,17:24:50,17:25:10
R1,WK_193,4,Pettah,17:27:18,17:27:38
R1,WK_193,5,Thykoodam,17:29:31,17:29:51
R1,WK_193,6,Vyttila,17:31:29,17:31:49
R1,WK_193,7,Elamkulam,17:33:55,17:34:15
R1,WK_193,8,Kadavanthra,17:36:00,17:36:20
R1,WK_193,9,Ernakulam South,17:38:30,17:39:00
R1,WK_193,10,Maharajas College,17:40:54,17:41:14
R1,WK_193,11,MG Road,17:42:54,17:43:24
R1,WK_193,12,Town Hall,17:45:15,17:45:35
R1,WK_193,13,Kaloor,17:46:35,17:46:55
R1,WK_193,14,JLN Stadium,17:48:27,17:48:47
R1,WK_193,15,Palarivattom,17:50:30,17:50:50
R1,WK_193,16,Changampuzha Park,17:52:21,17:52:41
R1,WK_193,17,Edapally,17:54:33,17:55:03
R1,WK_193,18,Pathadipalam,17:56:55,17:57:15
R1,WK_193,19,Cochin University,17:58:57,17:59:27
R1,WK_193,20,Kalamassery,18:01:16,18:01:36
R1,WK_193,21,Muttom,18:04:04,18:04:34
R1,WK_193,22,Ambattukavu,18:06:01,18:06:21
R1,WK_193,23,Companypady,18:07:49,18:08:09
R1,WK_193,24,Pulinchodu,18:09:35,18:09:55
R1,WK_193,25,Aluva,18:11:55,18:11:55
R1,WK_194,1,Aluva,18:11:55,18:13:55
R1,WK_194,2,Pulinchodu,18:15:55,18:16:15
R1,WK_194,3,Companypady,18:17:42,18:18:02
R1,WK_194,4,Ambattukavu,18:19:29,18:19:49
R1,WK_194,5,Muttom,18:21:18,18:21:48
R1,WK_194,6,Kalamassery,18:24:14,18:24:34
R1,WK_194,7,Cochin University,18:26:23,18:26:43
R1,WK_194,8,Pathadipalam,18:28:27,18:28:47
R1,WK_194,9,Edapally,18:30:39,18:31:09
R1,WK_194,10,Changampuzha Park,18:33:01,18:33:21
R1,WK_194,11,Palarivattom,18:34:54,18:35:14
R1,WK_194,12,JLN Stadium,18:36:59,18:37:19
R1,WK_194,13,Kaloor,18:38:49,18:39:09
R1,WK_194,14,Town Hall,18:40:07,18:40:27
R1,WK_194,15,MG Road,18:42:25,18:42:55
R1,WK_194,16,Maharajas College,18:44:35,18:44:55
R1,WK_194,17,Ernakulam South,18:46:52,18:47:22
R1,WK_194,18,Kadavanthra,18:49:29,18:49:49
R1,WK_194,19,Elamkulam,18:51:36,18:51:56
R1,WK_194,20,Vyttila,18:53:58,18:54:18
R1,WK_194,21,Thykoodam,18:55:58,18:56:18
R1,WK_194,22,Pettah,18:58:16,18:58:36
R1,WK_194,23,Vadakkekotta,19:00:41,19:01:01
R1,WK_194,24,SN Junction,19:02:19,19:02:39
R1,WK_194,25,Tripunithura,19:04:42,19:04:42
R1,WK_195,1,Tripunithura,17:26:42,17:28:30
R1,WK_195,2,SN Junction,17:30:12,17:30:32
R1,WK_195,3,Vadakkekotta,17:31:50,17:32:10
R1,WK_195,4,Pettah,17:34:18,17:34:38
R1,WK_195,5,Thykoodam,17:36:31,17:36:51
R1,WK_195,6,Vyttila,17:38:29,17:38:49
R1,WK_195,7,Elamkulam,17:40:55,17:41:15
R1,WK_195,8,Kadavanthra,17:43:00,17:43:20
R1,WK_195,9,Ernakulam South,17:45:30,17:46:00
R1,WK_195,10,Maharajas College,17:47:54,17:48:14
R1,WK_195,11,MG Road,17:49:54,17:50:24
R1,WK_195,12,Town Hall,17:52:15,17:52:35
R1,WK_195,13,Kaloor,17:53:35,17:53:55
R1,WK_195,14,JLN Stadium,17:55:27,17:55:47
R1,WK_195,15,Palarivattom,17:57:30,17:57:50
R1,WK_195,16,Changampuzha Park,17:59:21,17:59:41
R1,WK_195,17,Edapally,18:01:33,18:02:03
R1,WK_195,18,Pathadipalam,18:03:55,18:04:15
R1,WK_195,19,Cochin University,18:05:57,18:06:27
R1,WK_195,20,Kalamassery,18:08:16,18:08:36
R1,WK_195,21,Muttom,18:11:04,18:11:34
R1,WK_195,22,Ambattukavu,18:13:01,18:13:21
R1,WK_195,23,Companypady,18:14:49,18:15:09
R1,WK_195,24,Pulinchodu,18:16:35,18:16:55
R1,WK_195,25,Aluva,18:18:55,18:18:55
R1,WK_196,1,Aluva,18:18:55,18:20:55
R1,WK_196,2,Pulinchodu,18:22:55,18:23:15
R1,WK_196,3,Companypady,18:24:42,18:25:02
R1,WK_196,4,Ambattukavu,18:26:29,18:26:49
R1,WK_196,5,Muttom,18:28:18,18:28:48
R1,WK_196,6,Kalamassery,18:31:14,18:31:34
R1,WK_196,7,Cochin University,18:33:23,18:33:43
R1,WK_196,8,Pathadipalam,18:35:27,18:35:47
R1,WK_196,9,Edapally,18:37:39,18:38:09
R1,WK_196,10,Changampuzha Park,18:40:01,18:40:21
R1,WK_196,11,Palarivattom,18:41:54,18:42:14
R1,WK_196,12,JLN Stadium,18:43:59,18:44:19
R1,WK_196,13,Kaloor,18:45:49,18:46:09
R1,WK_196,14,Town Hall,18:47:07,18:47:27
R1,WK_196,15,MG Road,18:49:25,18:49:55
R1,WK_196,16,Maharajas College,18:51:35,18:51:55
R1,WK_196,17,Ernakulam South,18:53:52,18:54:22
R1,WK_196,18,Kadavanthra,18:56:29,18:56:49
R1,WK_196,19,Elamkulam,18:58:36,18:58:56
R1,WK_196,20,Vyttila,19:00:58,19:01:18
R1,WK_196,21,Thykoodam,19:02:58,19:03:18
R1,WK_196,22,Pettah,19:05:16,19:05:36
R1,WK_196,23,Vadakkekotta,19:07:41,19:08:01
R1,WK_196,24,SN Junction,19:09:19,19:09:39
R1,WK_196,25,Tripunithura,19:11:42,19:11:42
R1,WK_197,1,Tripunithura,17:33:42,17:35:30
R1,WK_197,2,SN Junction,17:37:12,17:37:32
R1,WK_197,3,Vadakkekotta,17:38:50,17:39:10
R1,WK_197,4,Pettah,17:41:18,17:41:38
R1,WK_197,5,Thykoodam,17:43:31,17:43:51
R1,WK_197,6,Vyttila,17:45:29,17:45:49
R1,WK_197,7,Elamkulam,17:47:55,17:48:15
R1,WK_197,8,Kadavanthra,17:50:00,17:50:20
R1,WK_197,9,Ernakulam South,17:52:30,17:53:00
R1,WK_197,10,Maharajas College,17:54:54,17:55:14
R1,WK_197,11,MG Road,17:56:54,17:57:24
R1,WK_197,12,Town Hall,17:59:15,17:59:35
R1,WK_197,13,Kaloor,18:00:35,18:00:55
R1,WK_197,14,JLN Stadium,18:02:27,18:02:47
R1,WK_197,15,Palarivattom,18:04:30,18:04:50
R1,WK_197,16,Changampuzha Park,18:06:21,18:06:41
R1,WK_197,17,Edapally,18:08:33,18:09:03
R1,WK_197,18,Pathadipalam,18:10:55,18:11:15
R1,WK_197,19,Cochin University,18:12:57,18:13:27
R1,WK_197,20,Kalamassery,18:15:16,18:15:36
R1,WK_197,21,Muttom,18:18:04,18:18:34
R1,WK_197,22,Ambattukavu,18:20:01,18:20:21
R1,WK_197,23,Companypady,18:21:49,18:22:09
R1,WK_197,24,Pulinchodu,18:23:35,18:23:55
R1,WK_197,25,Aluva,18:25:55,18:25:55
R1,WK_198,1,Aluva,18:25:55,18:27:55
R1,WK_198,2,Pulinchodu,18:29:55,18:30:15
R1,WK_198,3,Companypady,18:31:42,18:32:02
R1,WK_198,4,Ambattukavu,18:33:29,18:33:49
R1,WK_198,5,Muttom,18:35:18,18:35:48
R1,WK_198,6,Kalamassery,18:38:14,18:38:34
R1,WK_198,7,Cochin University,18:40:23,18:40:43
R1,WK_198,8,Pathadipalam,18:42:27,18:42:47
R1,WK_198,9,Edapally,18:44:39,18:45:09
R1,WK_198,10,Changampuzha Park,18:47:01,18:47:21
R1,WK_198,11,Palarivattom,18:48:54,18:49:14
R1,WK_198,12,JLN Stadium,18:50:59,18:51:19
R1,WK_198,13,Kaloor,18:52:49,18:53:09
R1,WK_198,14,Town Hall,18:54:07,18:54:27
R1,WK_198,15,MG Road,18:56:25,18:56:55
R1,WK_198,16,Maharajas College,18:58:35,18:58:55
R1,WK_198,17,Ernakulam South,19:00:52,19:01:22
R1,WK_198,18,Kadavanthra,19:03:29,19:03:49
R1,WK_198,19,Elamkulam,19:05:36,19:05:56
R1,WK_198,20,Vyttila,19:07:58,19:08:18
R1,WK_198,21,Thykoodam,19:09:58,19:10:18
R1,WK_198,22,Pettah,19:12:16,19:12:36
R1,WK_198,23,Vadakkekotta,19:14:41,19:15:01
R1,WK_198,24,SN Junction,19:16:19,19:16:39
R1,WK_198,25,Tripunithura,19:18:42,19:18:42
R1,WK_199,1,Tripunithura,17:40:42,17:42:30
R1,WK_199,2,SN Junction,17:44:12,17:44:32
R1,WK_199,3,Vadakkekotta,17:45:50,17:46:10
R1,WK_199,4,Pettah,17:48:18,17:48:38
R1,WK_199,5,Thykoodam,17:50:31,17:50:51
R1,WK_199,6,Vyttila,17:52:29,17:52:49
R1,WK_199,7,Elamkulam,17:54:55,17:55:15
R1,WK_199,8,Kadavanthra,17:57:00,17:57:20
R1,WK_199,9,Ernakulam South,17:59:30,18:00:00
R1,WK_199,10,Maharajas College,18:01:54,18:02:14
R1,WK_199,11,MG Road,18:03:54,18:04:24
R1,WK_199,12,Town Hall,18:06:15,18:06:35
R1,WK_199,13,Kaloor,18:07:35,18:07:55
R1,WK_199,14,JLN Stadium,18:09:27,18:09:47
R1,WK_199,15,Palarivattom,18:11:30,18:11:50
R1,WK_199,16,Changampuzha Park,18:13:21,18:13:41
R1,WK_199,17,Edapally,18:15:33,18:16:03
R1,WK_199,18,Pathadipalam,18:17:55,18:18:15
R1,WK_199,19,Cochin University,18:19:57,18:20:27
R1,WK_199,20,Kalamassery,18:22:16,18:22:36
R1,WK_199,21,Muttom,18:25:04,18:25:34
R1,WK_199,22,Ambattukavu,18:27:01,18:27:21
R1,WK_199,23,Companypady,18:28:49,18:29:09
R1,WK_199,24,Pulinchodu,18:30:35,18:30:55
R1,WK_199,25,Aluva,18:32:55,18:32:55
R1,WK_2,1,Tripunithura,06:54:14,07:00:00
R1,WK_2,2,SN Junction,07:01:42,07:02:02
R1,WK_2,3,Vadakkekotta,07:03:20,07:03:40
R1,WK_2,4,Pettah,07:05:48,07:06:08
R1,WK_2,5,Thykoodam,07:08:01,07:08:21
R1,WK_2,6,Vyttila,07:09:55,07:10:15
R1,WK_2,7,Elamkulam,07:12:21,07:12:41
R1,WK_2,8,Kadavanthra,07:14:22,07:14:42
R1,WK_2,9,Ernakulam South,07:16:52,07:17:22
R1,WK_2,10,Maharajas College,07:19:16,07:19:36
R1,WK_2,11,MG Road,07:21:16,07:21:46
R1,WK_2,12,Town Hall,07:23:33,07:23:53
R1,WK_2,13,Kaloor,07:24:53,07:25:13
R1,WK_2,14,JLN Stadium,07:26:45,07:27:05
R1,WK_2,15,Palarivattom,07:28:44,07:29:04
R1,WK_2,16,Changampuzha Park,07:30:35,07:30:55
R1,WK_2,17,Edapally,07:32:41,07:33:11
R1,WK_2,18,Pathadipalam,07:35:03,07:35:23
R1,WK_2,19,Cochin University,07:37:01,07:37:31
R1,WK_2,20,Kalamassery,07:39:20,07:39:40
R1,WK_2,21,Muttom,07:42:08,07:42:38
R1,WK_2,22,Ambattukavu,07:44:05,07:44:25
R1,WK_2,23,Companypady,07:45:53,07:46:13
R1,WK_2,24,Pulinchodu,07:47:38,07:47:58
R1,WK_2,25,Aluva,07:49:58,07:49:58
R1,WK_20,1,Tripunithura,06:44:30,06:45:00
R1,WK_20,2,SN Junction,06:46:42,06:47:12
R1,WK_20,3,Vadakkekotta,06:48:30,06:49:00
R1,WK_20,4,Pettah,06:51:08,06:51:38
R1,WK_20,5,Thykoodam,06:53:31,06:54:01
R1,WK_20,6,Vyttila,06:55:35,06:56:05
R1,WK_20,7,Elamkulam,06:58:11,06:58:41
R1,WK_20,8,Kadavanthra,07:00:22,07:00:42
R1,WK_20,9,Ernakulam South,07:02:52,07:03:22
R1,WK_20,10,Maharajas College,07:05:16,07:05:46
R1,WK_20,11,MG Road,07:07:26,07:07:56
R1,WK_20,12,Town Hall,07:09:43,07:10:13
R1,WK_20,13,Kaloor,07:11:13,07:11:43
R1,WK_20,14,JLN Stadium,07:13:15,07:13:45
R1,WK_20,15,Palarivattom,07:15:24,07:15:44
R1,WK_20,16,Changampuzha Park,07:17:15,07:17:45
R1,WK_20,17,Edapally,07:19:31,07:20:01
R1,WK_20,18,Pathadipalam,07:21:53,07:22:13
R1,WK_20,19,Cochin University,07:23:51,07:24:21
R1,WK_20,20,Kalamassery,07:26:10,07:26:40
R1,WK_20,21,Muttom,07:29:08,07:29:38
R1,WK_20,22,Ambattukavu,07:31:05,07:31:35
R1,WK_20,23,Companypady,07:33:03,07:33:33
R1,WK_20,24,Pulinchodu,07:34:58,07:35:28
R1,WK_20,25,Aluva,07:37:28,07:37:28
R1,WK_200,1,Aluva,18:32:55,18:34:55
R1,WK_200,2,Pulinchodu,18:36:55,18:37:15
R1,WK_200,3,Companypady,18:38:42,18:39:02
R1,WK_200,4,Ambattukavu,18:40:29,18:40:49
R1,WK_200,5,Muttom,18:42:18,18:42:48
R1,WK_200,6,Kalamassery,18:45:14,18:45:34
R1,WK_200,7,Cochin University,18:47:23,18:47:43
R1,WK_200,8,Pathadipalam,18:49:27,18:49:47
R1,WK_200,9,Edapally,18:51:39,18:52:09
R1,WK_200,10,Changampuzha Park,18:54:01,18:54:21
R1,WK_200,11,Palarivattom,18:55:54,18:56:14
R1,WK_200,12,JLN Stadium,18:57:59,18:58:19
R1,WK_200,13,Kaloor,18:59:49,19:00:09
R1,WK_200,14,Town Hall,19:01:07,19:01:27
R1,WK_200,15,MG Road,19:03:25,19:03:55
R1,WK_200,16,Maharajas College,19:05:35,19:05:55
R1,WK_200,17,Ernakulam South,19:07:52,19:08:22
R1,WK_200,18,Kadavanthra,19:10:29,19:10:49
R1,WK_200,19,Elamkulam,19:12:36,19:12:56
R1,WK_200,20,Vyttila,19:14:58,19:15:18
R1,WK_200,21,Thykoodam,19:16:58,19:17:18
R1,WK_200,22,Pettah,19:19:16,19:19:36
R1,WK_200,23,Vadakkekotta,19:21:41,19:22:01
R1,WK_200,24,SN Junction,19:23:19,19:23:39
R1,WK_200,25,Tripunithura,19:25:42,19:25:42
R1,WK_201,1,Tripunithura,17:47:42,17:49:30
R1,WK_201,2,SN Junction,17:51:12,17:51:32
R1,WK_201,3,Vadakkekotta,17:52:50,17:53:10
R1,WK_201,4,Pettah,17:55:18,17:55:38
R1,WK_201,5,Thykoodam,17:57:31,17:57:51
R1,WK_201,6,Vyttila,17:59:29,17:59:49
R1,WK_201,7,Elamkulam,18:01:55,18:02:15
R1,WK_201,8,Kadavanthra,18:04:00,18:04:20
R1,WK_201,9,Ernakulam South,18:06:30,18:07:00
R1,WK_201,10,Maharajas College,18:08:54,18:09:14
R1,WK_201,11,MG Road,18:10:54,18:11:24
R1,WK_201,12,Town Hall,18:13:15,18:13:35
R1,WK_201,13,Kaloor,18:14:35,18:14:55
R1,WK_201,14,JLN Stadium,18:16:27,18:16:47
R1,WK_201,15,Palarivattom,18:18:30,18:18:50
R1,WK_201,16,Changampuzha Park,18:20:21,18:20:41
R1,WK_201,17,Edapally,18:22:33,18:23:03
R1,WK_201,18,Pathadipalam,18:24:55,18:25:15
R1,WK_201,19,Cochin University,18:26:57,18:27:27
R1,WK_201,20,Kalamassery,18:29:16,18:29:36
R1,WK_201,21,Muttom,18:32:04,18:32:34
R1,WK_201,22,Ambattukavu,18:34:01,18:34:21
R1,WK_201,23,Companypady,18:35:49,18:36:09
R1,WK_201,24,Pulinchodu,18:37:35,18:37:55
R1,WK_201,25,Aluva,18:39:55,18:39:55
R1,WK_202,1,Aluva,18:39:55,18:41:55
R1,WK_202,2,Pulinchodu,18:43:55,18:44:15
R1,WK_202,3,Companypady,18:45:42,18:46:02
R1,WK_202,4,Ambattukavu,18:47:29,18:47:49
R1,WK_202,5,Muttom,18:49:18,18:49:48
R1,WK_202,6,Kalamassery,18:52:14,18:52:34
R1,WK_202,7,Cochin University,18:54:23,18:54:43
R1,WK_202,8,Pathadipalam,18:56:27,18:56:47
R1,WK_202,9,Edapally,18:58:39,18:59:09
R1,WK_202,10,Changampuzha Park,19:01:01,19:01:21
R1,WK_202,11,Palarivattom,19:02:54,19:03:14
R1,WK_202,12,JLN Stadium,19:04:59,19:05:19
R1,WK_202,13,Kaloor,19:06:49,19:07:09
R1,WK_202,14,Town Hall,19:08:07,19:08:27
R1,WK_202,15,MG Road,19:10:25,19:10:55
R1,WK_202,16,Maharajas College,19:12:35,19:12:55
R1,WK_202,17,Ernakulam South,19:14:52,19:15:22
R1,WK_202,18,Kadavanthra,19:17:29,19:17:49
R1,WK_202,19,Elamkulam,19:19:36,19:19:56
R1,WK_202,20,Vyttila,19:21:58,19:22:18
R1,WK_202,21,Thykoodam,19:23:58,19:24:18
R1,WK_202,22,Pettah,19:26:16,19:26:36
R1,WK_202,23,Vadakkekotta,19:28:41,19:29:01
R1,WK_202,24,SN Junction,19:30:19,19:30:39
R1,WK_202,25,Tripunithura,19:32:42,19:32:42
R1,WK_203,1,Aluva,19:07:55,19:10:00
R1,WK_203,2,Pulinchodu,19:12:00,19:12:20
R1,WK_203,3,Companypady,19:13:47,19:14:07
R1,WK_203,4,Ambattukavu,19:15:33,19:15:53
R1,WK_203,5,Muttom,19:17:19,19:17:49
R1,WK_203,6,Kalamassery,19:20:15,19:20:35
R1,WK_203,7,Cochin University,19:22:24,19:22:54
R1,WK_203,8,Pathadipalam,19:24:38,19:25:08
R1,WK_203,9,Edapally,19:27:00,19:27:30
R1,WK_203,10,Changampuzha Park,19:29:22,19:29:52
R1,WK_203,11,Palarivattom,19:31:24,19:31:54
R1,WK_203,12,JLN Stadium,19:33:39,19:33:59
R1,WK_203,13,Kaloor,19:35:28,19:35:48
R1,WK_203,14,Town Hall,19:36:45,19:37:05
R1,WK_203,15,MG Road,19:39:03,19:39:33
R1,WK_203,16,Maharajas College,19:41:13,19:41:33
R1,WK_203,17,Ernakulam South,19:43:26,19:43:56
R1,WK_203,18,Kadavanthra,19:45:59,19:46:19
R1,WK_203,19,Elamkulam,19:48:06,19:48:26
R1,WK_203,20,Vyttila,19:50:28,19:50:48
R1,WK_203,21,Thykoodam,19:52:28,19:52:48
R1,WK_203,22,Pettah,19:54:46,19:55:06
R1,WK_203,23,Vadakkekotta,19:57:07,19:57:27
R1,WK_203,24,SN Junction,19:58:45,19:59:05
R1,WK_203,25,Tripunithura,20:01:08,20:01:08
R1,WK_204,1,Tripunithura,20:01:08,20:08:30
R1,WK_204,2,SN Junction,20:10:12,20:10:32
R1,WK_204,3,Vadakkekotta,20:11:50,20:12:10
R1,WK_204,4,Pettah,20:14:18,20:14:38
R1,WK_204,5,Thykoodam,20:16:31,20:16:51
R1,WK_204,6,Vyttila,20:18:25,20:18:45
R1,WK_204,7,Elamkulam,20:20:51,20:21:11
R1,WK_204,8,Kadavanthra,20:22:52,20:23:12
R1,WK_204,9,Ernakulam South,20:25:22,20:25:52
R1,WK_204,10,Maharajas College,20:27:46,20:28:06
R1,WK_204,11,MG Road,20:29:46,20:30:16
R1,WK_204,12,Town Hall,20:32:03,20:32:23
R1,WK_204,13,Kaloor,20:33:23,20:33:43
R1,WK_204,14,JLN Stadium,20:35:15,20:35:35
R1,WK_204,15,Palarivattom,20:37:14,20:37:34
R1,WK_204,16,Changampuzha Park,20:39:05,20:39:25
R1,WK_204,17,Edapally,20:41:11,20:41:41
R1,WK_204,18,Pathadipalam,20:43:33,20:43:53
R1,WK_204,19,Cochin University,20:45:31,20:46:01
R1,WK_204,20,Kalamassery,20:47:50,20:48:10
R1,WK_204,21,Muttom,20:50:38,20:51:08
R1,WK_204,22,Ambattukavu,20:52:35,20:52:55
R1,WK_204,23,Companypady,20:54:23,20:54:43
R1,WK_204,24,Pulinchodu,20:56:08,20:56:28
R1,WK_204,25,Aluva,20:58:28,20:58:28
R1,WK_205,1,Aluva,18:46:55,18:48:55
R1,WK_205,2,Pulinchodu,18:50:55,18:51:15
R1,WK_205,3,Companypady,18:52:42,18:53:02
R1,WK_205,4,Ambattukavu,18:54:29,18:54:49
R1,WK_205,5,Muttom,18:56:18,18:56:48
R1,WK_205,6,Kalamassery,18:59:14,18:59:34
R1,WK_205,7,Cochin University,19:01:23,19:01:43
R1,WK_205,8,Pathadipalam,19:03:27,19:03:47
R1,WK_205,9,Edapally,19:05:39,19:06:09
R1,WK_205,10,Changampuzha Park,19:08:01,19:08:21
R1,WK_205,11,Palarivattom,19:09:54,19:10:14
R1,WK_205,12,JLN Stadium,19:11:59,19:12:19
R1,WK_205,13,Kaloor,19:13:49,19:14:09
R1,WK_205,14,Town Hall,19:15:07,19:15:27
R1,WK_205,15,MG Road,19:17:25,19:17:55
R1,WK_205,16,Maharajas College,19:19:35,19:19:55
R1,WK_205,17,Ernakulam South,19:21:52,19:22:22
R1,WK_205,18,Kadavanthra,19:24:29,19:24:49
R1,WK_205,19,Elamkulam,19:26:36,19:26:56
R1,WK_205,20,Vyttila,19:28:58,19:29:18
R1,WK_205,21,Thykoodam,19:30:58,19:31:18
R1,WK_205,22,Pettah,19:33:16,19:33:36
R1,WK_205,23,Vadakkekotta,19:35:41,19:36:01
R1,WK_205,24,SN Junction,19:37:19,19:37:39
R1,WK_205,25,Tripunithura,19:39:42,19:39:42
R1,WK_206,1,Aluva,18:53:55,18:55:55
R1,WK_206,2,Pulinchodu,18:57:55,18:58:15
R1,WK_206,3,Companypady,18:59:42,19:00:02
R1,WK_206,4,Ambattukavu,19:01:29,19:01:49
R1,WK_206,5,Muttom,19:03:18,19:03:48
R1,WK_206,6,Kalamassery,19:06:14,19:06:34
R1,WK_206,7,Cochin University,19:08:23,19:08:43
R1,WK_206,8,Pathadipalam,19:10:27,19:10:47
R1,WK_206,9,Edapally,19:12:39,19:13:09
R1,WK_206,10,Changampuzha Park,19:15:01,19:15:21
R1,WK_206,11,Palarivattom,19:16:54,19:17:14
R1,WK_206,12,JLN Stadium,19:18:59,19:19:19
R1,WK_206,13,Kaloor,19:20:49,19:21:09
R1,WK_206,14,Town Hall,19:22:07,19:22:27
R1,WK_206,15,MG Road,19:24:25,19:24:55
R1,WK_206,16,Maharajas College,19:26:35,19:26:55
R1,WK_206,17,Ernakulam South,19:28:52,19:29:22
R1,WK_206,18,Kadavanthra,19:31:29,19:31:49
R1,WK_206,19,Elamkulam,19:33:36,19:33:56
R1,WK_206,20,Vyttila,19:35:58,19:36:18
R1,WK_206,21,Thykoodam,19:37:58,19:38:18
R1,WK_206,22,Pettah,19:40:16,19:40:36
R1,WK_206,23,Vadakkekotta,19:42:41,19:43:01
R1,WK_206,24,SN Junction,19:44:19,19:44:39
R1,WK_206,25,Tripunithura,19:46:42,19:46:42
R1,WK_207,1,Aluva,19:00:55,19:02:55
R1,WK_207,2,Pulinchodu,19:04:55,19:05:15
R1,WK_207,3,Companypady,19:06:42,19:07:02
R1,WK_207,4,Ambattukavu,19:08:29,19:08:49
R1,WK_207,5,Muttom,19:10:18,19:10:48
R1,WK_207,6,Kalamassery,19:13:14,19:13:34
R1,WK_207,7,Cochin University,19:15:23,19:15:43
R1,WK_207,8,Pathadipalam,19:17:27,19:17:47
R1,WK_207,9,Edapally,19:19:39,19:20:09
R1,WK_207,10,Changampuzha Park,19:22:01,19:22:21
R1,WK_207,11,Palarivattom,19:23:54,19:24:14
R1,WK_207,12,JLN Stadium,19:25:59,19:26:19
R1,WK_207,13,Kaloor,19:27:49,19:28:09
R1,WK_207,14,Town Hall,19:29:07,19:29:27
R1,WK_207,15,MG Road,19:31:25,19:31:55
R1,WK_207,16,Maharajas College,19:33:35,19:33:55
R1,WK_207,17,Ernakulam South,19:35:52,19:36:22
R1,WK_207,18,Kadavanthra,19:38:29,19:38:49
R1,WK_207,19,Elamkulam,19:40:36,19:40:56
R1,WK_207,20,Vyttila,19:42:58,19:43:18
R1,WK_207,21,Thykoodam,19:44:58,19:45:18
R1,WK_207,22,Pettah,19:47:16,19:47:36
R1,WK_207,23,Vadakkekotta,19:49:41,19:50:01
R1,WK_207,24,SN Junction,19:51:19,19:51:39
R1,WK_207,25,Tripunithura,19:53:42,19:53:42
R1,WK_208,1,Aluva,19:14:55,19:18:30
R1,WK_208,2,Pulinchodu,19:20:30,19:20:50
R1,WK_208,3,Companypady,19:22:17,19:22:37
R1,WK_208,4,Ambattukavu,19:24:03,19:24:23
R1,WK_208,5,Muttom,19:25:49,19:26:19
R1,WK_208,6,Kalamassery,19:28:45,19:29:05
R1,WK_208,7,Cochin University,19:30:54,19:31:14
R1,WK_208,8,Pathadipalam,19:32:58,19:33:18
R1,WK_208,9,Edapally,19:35:10,19:35:40
R1,WK_208,10,Changampuzha Park,19:37:32,19:37:52
R1,WK_208,11,Palarivattom,19:39:24,19:39:44
R1,WK_208,12,JLN Stadium,19:41:29,19:41:49
R1,WK_208,13,Kaloor,19:43:18,19:43:38
R1,WK_208,14,Town Hall,19:44:35,19:44:55
R1,WK_208,15,MG Road,19:46:53,19:47:23
R1,WK_208,16,Maharajas College,19:49:03,19:49:23
R1,WK_208,17,Ernakulam South,19:51:16,19:51:46
R1,WK_208,18,Kadavanthra,19:53:49,19:54:19
R1,WK_208,19,Elamkulam,19:56:06,19:56:36
R1,WK_208,20,Vyttila,19:58:38,19:59:08
R1,WK_208,21,Thykoodam,20:00:48,20:01:18
R1,WK_208,22,Pettah,20:03:16,20:03:36
R1,WK_208,23,Vadakkekotta,20:05:37,20:05:57
R1,WK_208,24,SN Junction,20:07:15,20:07:35
R1,WK_208,25,Tripunithura,20:09:38,20:09:38
R1,WK_209,1,Aluva,19:21:55,19:27:00
R1,WK_209,2,Pulinchodu,19:29:00,19:29:20
R1,WK_209,3,Companypady,19:30:47,19:31:07
R1,WK_209,4,Ambattukavu,19:32:33,19:32:53
R1,WK_209,5,Muttom,19:34:19,19:34:49
R1,WK_209,6,Kalamassery,19:37:15,19:37:35
R1,WK_209,7,Cochin University,19:39:24,19:39:44
R1,WK_209,8,Pathadipalam,19:41:28,19:41:48
R1,WK_209,9,Edapally,19:43:40,19:44:10
R1,WK_209,10,Changampuzha Park,19:46:02,19:46:22
R1,WK_209,11,Palarivattom,19:47:54,19:48:14
R1,WK_209,12,JLN Stadium,19:49:59,19:50:19
R1,WK_209,13,Kaloor,19:51:48,19:52:08
R1,WK_209,14,Town Hall,19:53:05,19:53:25
R1,WK_209,15,MG Road,19:55:23,19:55:53
R1,WK_209,16,Maharajas College,19:57:33,19:57:53
R1,WK_209,17,Ernakulam South,19:59:46,20:00:16
R1,WK_209,18,Kadavanthra,20:02:19,20:02:49
R1,WK_209,19,Elamkulam,20:04:36,20:05:06
R1,WK_209,20,Vyttila,20:07:08,20:07:38
R1,WK_209,21,Thykoodam,20:09:18,20:09:38
R1,WK_209,22,Pettah,20:11:36,20:11:56
R1,WK_209,23,Vadakkekotta,20:13:57,20:14:17
R1,WK_209,24,SN Junction,20:15:35,20:16:05
R1,WK_209,25,Tripunithura,20:18:08,20:18:08
R1,WK_21,1,Aluva,07:37:28,07:43:25
R1,WK_21,2,Pulinchodu,07:45:25,07:45:45
R1,WK_21,3,Companypady,07:47:12,07:47:32
R1,WK_21,4,Ambattukavu,07:48:58,07:49:18
R1,WK_21,5,Muttom,07:50:44,07:51:14
R1,WK_21,6,Kalamassery,07:53:40,07:54:00
R1,WK_21,7,Cochin University,07:55:49,07:56:09
R1,WK_21,8,Pathadipalam,07:57:53,07:58:23
R1,WK_21,9,Edapally,08:00:15,08:00:45
R1,WK_21,10,Changampuzha Park,08:02:37,08:03:07
R1,WK_21,11,Palarivattom,08:04:39,08:05:09
R1,WK_21,12,JLN Stadium,08:06:54,08:07:24
R1,WK_21,13,Kaloor,08:08:53,08:09:23
R1,WK_21,14,Town Hall,08:10:20,08:10:50
R1,WK_21,15,MG Road,08:12:48,08:13:18
R1,WK_21,16,Maharajas College,08:14:58,08:15:28
R1,WK_21,17,Ernakulam South,08:17:21,08:17:51
R1,WK_21,18,Kadavanthra,08:19:54,08:20:24
R1,WK_21,19,Elamkulam,08:22:11,08:22:41
R1,WK_21,20,Vyttila,08:24:43,08:25:13
R1,WK_21,21,Thykoodam,08:26:53,08:27:23
R1,WK_21,22,Pettah,08:29:21,08:29:51
R1,WK_21,23,Vadakkekotta,08:31:52,08:32:22
R1,WK_21,24,SN Junction,08:33:40,08:34:10
R1,WK_21,25,Tripunithura,08:36:13,08:36:13
R1,WK_210,1,Aluva,19:28:55,19:35:30
R1,WK_210,2,Pulinchodu,19:37:30,19:37:50
R1,WK_210,3,Companypady,19:39:17,19:39:37
R1,WK_210,4,Ambattukavu,19:41:03,19:41:23
R1,WK_210,5,Muttom,19:42:49,19:43:19
R1,WK_210,6,Kalamassery,19:45:45,19:46:05
R1,WK_210,7,Cochin University,19:47:54,19:48:14
R1,WK_210,8,Pathadipalam,19:49:58,19:50:18
R1,WK_210,9,Edapally,19:52:10,19:52:40
R1,WK_210,10,Changampuzha Park,19:54:32,19:54:52
R1,WK_210,11,Palarivattom,19:56:24,19:56:44
R1,WK_210,12,JLN Stadium,19:58:29,19:58:49
R1,WK_210,13,Kaloor,20:00:18,20:00:38
R1,WK_210,14,Town Hall,20:01:35,20:01:55
R1,WK_210,15,MG Road,20:03:53,20:04:23
R1,WK_210,16,Maharajas College,20:06:03,20:06:23
R1,WK_210,17,Ernakulam South,20:08:16,20:08:46
R1,WK_210,18,Kadavanthra,20:10:49,20:11:19
R1,WK_210,19,Elamkulam,20:13:06,20:13:36
R1,WK_210,20,Vyttila,20:15:38,20:16:08
R1,WK_210,21,Thykoodam,20:17:48,20:18:18
R1,WK_210,22,Pettah,20:20:16,20:20:46
R1,WK_210,23,Vadakkekotta,20:22:47,20:23:07
R1,WK_210,24,SN Junction,20:24:25,20:24:45
R1,WK_210,25,Tripunithura,20:26:48,20:26:48
R1,WK_211,1,Aluva,19:36:45,19:38:25
R1,WK_211,2,Pulinchodu,19:40:21,19:40:51
R1,WK_211,3,Companypady,19:42:10,19:42:40
R1,WK_211,4,Ambattukavu,19:44:00,19:44:30
R1,WK_211,5,Muttom,19:45:50,19:45:50
R1,WK_212,1,Aluva,19:42:55,19:45:00
R1,WK_212,2,Pulinchodu,19:47:00,19:47:20
R1,WK_212,3,Companypady,19:48:47,19:49:07
R1,WK_212,4,Ambattukavu,19:50:33,19:50:53
R1,WK_212,5,Muttom,19:52:19,19:52:49
R1,WK_212,6,Kalamassery,19:55:15,19:55:35
R1,WK_212,7,Cochin University,19:57:24,19:57:44
R1,WK_212,8,Pathadipalam,19:59:28,19:59:48
R1,WK_212,9,Edapally,20:01:40,20:02:10
R1,WK_212,10,Changampuzha Park,20:04:02,20:04:22
R1,WK_212,11,Palarivattom,20:05:54,20:06:14
R1,WK_212,12,JLN Stadium,20:07:59,20:08:19
R1,WK_212,13,Kaloor,20:09:48,20:10:08
R1,WK_212,14,Town Hall,20:11:05,20:11:25
R1,WK_212,15,MG Road,20:13:23,20:13:53
R1,WK_212,16,Maharajas College,20:15:33,20:15:53
R1,WK_212,17,Ernakulam South,20:17:46,20:18:16
R1,WK_212,18,Kadavanthra,20:20:19,20:20:49
R1,WK_212,19,Elamkulam,20:22:36,20:23:06
R1,WK_212,20,Vyttila,20:25:08,20:25:38
R1,WK_212,21,Thykoodam,20:27:18,20:27:48
R1,WK_212,22,Pettah,20:29:46,20:30:16
R1,WK_212,23,Vadakkekotta,20:32:17,20:32:47
R1,WK_212,24,SN Junction,20:34:05,20:34:25
R1,WK_212,25,Tripunithura,20:36:28,20:36:28
R1,WK_213,1,Aluva,19:49:55,19:55:00
R1,WK_213,2,Pulinchodu,19:57:00,19:57:20
R1,WK_213,3,Companypady,19:58:47,19:59:07
R1,WK_213,4,Ambattukavu,20:00:33,20:00:53
R1,WK_213,5,Muttom,20:02:19,20:02:49
R1,WK_213,6,Kalamassery,20:05:15,20:05:35
R1,WK_213,7,Cochin University,20:07:24,20:07:44
R1,WK_213,8,Pathadipalam,20:09:28,20:09:48
R1,WK_213,9,Edapally,20:11:40,20:12:10
R1,WK_213,10,Changampuzha Park,20:14:02,20:14:22
R1,WK_213,11,Palarivattom,20:15:54,20:16:14
R1,WK_213,12,JLN Stadium,20:17:59,20:18:19
R1,WK_213,13,Kaloor,20:19:48,20:20:08
R1,WK_213,14,Town Hall,20:21:05,20:21:25
R1,WK_213,15,MG Road,20:23:23,20:23:53
R1,WK_213,16,Maharajas College,20:25:33,20:25:53
R1,WK_213,17,Ernakulam South,20:27:46,20:28:16
R1,WK_213,18,Kadavanthra,20:30:32,20:31:02
R1,WK_213,19,Elamkulam,20:32:49,20:33:19
R1,WK_213,20,Vyttila,20:35:36,20:36:06
R1,WK_213,21,Thykoodam,20:37:46,20:38:06
R1,WK_213,22,Pettah,20:40:04,20:40:24
R1,WK_213,23,Vadakkekotta,20:42:37,20:42:57
R1,WK_213,24,SN Junction,20:44:15,20:44:35
R1,WK_213,25,Tripunithura,20:46:38,20:46:38
R1,WK_214,1,Tripunithura,19:04:42,19:06:30
R1,WK_214,2,SN Junction,19:08:12,19:08:32
R1,WK_214,3,Vadakkekotta,19:09:50,19:10:10
R1,WK_214,4,Pettah,19:12:18,19:12:38
R1,WK_214,5,Thykoodam,19:14:31,19:14:51
R1,WK_214,6,Vyttila,19:16:29,19:16:49
R1,WK_214,7,Elamkulam,19:18:55,19:19:15
R1,WK_214,8,Kadavanthra,19:21:00,19:21:20
R1,WK_214,9,Ernakulam South,19:23:30,19:24:00
R1,WK_214,10,Maharajas College,19:25:54,19:26:14
R1,WK_214,11,MG Road,19:27:54,19:28:24
R1,WK_214,12,Town Hall,19:30:15,19:30:35
R1,WK_214,13,Kaloor,19:31:35,19:31:55
R1,WK_214,14,JLN Stadium,19:33:27,19:33:47
R1,WK_214,15,Palarivattom,19:35:30,19:35:50
R1,WK_214,16,Changampuzha Park,19:37:21,19:37:41
R1,WK_214,17,Edapally,19:39:33,19:40:03
R1,WK_214,18,Pathadipalam,19:41:55,19:42:15
R1,WK_214,19,Cochin University,19:43:57,19:44:27
R1,WK_214,20,Kalamassery,19:46:16,19:46:36
R1,WK_214,21,Muttom,19:49:04,19:49:34
R1,WK_214,22,Ambattukavu,19:51:01,19:51:21
R1,WK_214,23,Companypady,19:52:49,19:53:09
R1,WK_214,24,Pulinchodu,19:54:35,19:54:55
R1,WK_214,25,Aluva,19:56:55,19:56:55
R1,WK_215,1,Tripunithura,19:11:42,19:13:30
R1,WK_215,2,SN Junction,19:15:12,19:15:32
R1,WK_215,3,Vadakkekotta,19:16:50,19:17:10
R1,WK_215,4,Pettah,19:19:18,19:19:38
R1,WK_215,5,Thykoodam,19:21:31,19:21:51
R1,WK_215,6,Vyttila,19:23:29,19:23:49
R1,WK_215,7,Elamkulam,19:25:55,19:26:15
R1,WK_215,8,Kadavanthra,19:28:00,19:28:20
R1,WK_215,9,Ernakulam South,19:30:30,19:31:00
R1,WK_215,10,Maharajas College,19:32:54,19:33:14
R1,WK_215,11,MG Road,19:34:54,19:35:24
R1,WK_215,12,Town Hall,19:37:15,19:37:35
R1,WK_215,13,Kaloor,19:38:35,19:38:55
R1,WK_215,14,JLN Stadium,19:40:27,19:40:47
R1,WK_215,15,Palarivattom,19:42:30,19:42:50
R1,WK_215,16,Changampuzha Park,19:44:21,19:44:41
R1,WK_215,17,Edapally,19:46:33,19:47:03
R1,WK_215,18,Pathadipalam,19:48:55,19:49:15
R1,WK_215,19,Cochin University,19:50:57,19:51:27
R1,WK_215,20,Kalamassery,19:53:16,19:53:36
R1,WK_215,21,Muttom,19:56:04,19:56:24
R1,WK_215,22,Ambattukavu,19:57:51,19:58:11
R1,WK_215,23,Companypady,19:59:34,19:59:54
R1,WK_215,24,Pulinchodu,20:01:16,20:01:36
R1,WK_215,25,Aluva,20:03:36,20:03:36
R1,WK_216,1,Tripunithura,19:18:42,19:20:30
R1,WK_216,2,SN Junction,19:22:12,19:22:32
R1,WK_216,3,Vadakkekotta,19:23:50,19:24:10
R1,WK_216,4,Pettah,19:26:18,19:26:38
R1,WK_216,5,Thykoodam,19:28:31,19:28:51
R1,WK_216,6,Vyttila,19:30:29,19:30:49
R1,WK_216,7,Elamkulam,19:32:55,19:33:15
R1,WK_216,8,Kadavanthra,19:35:00,19:35:20
R1,WK_216,9,Ernakulam South,19:37:30,19:38:00
R1,WK_216,10,Maharajas College,19:39:54,19:40:14
R1,WK_216,11,MG Road,19:41:54,19:42:24
R1,WK_216,12,Town Hall,19:44:15,19:44:35
R1,WK_216,13,Kaloor,19:45:35,19:45:55
R1,WK_216,14,JLN Stadium,19:47:27,19:47:47
R1,WK_216,15,Palarivattom,19:49:30,19:49:50
R1,WK_216,16,Changampuzha Park,19:51:21,19:51:41
R1,WK_216,17,Edapally,19:53:33,19:54:03
R1,WK_216,18,Pathadipalam,19:55:55,19:56:15
R1,WK_216,19,Cochin University,19:57:57,19:58:27
R1,WK_216,20,Kalamassery,20:00:16,20:00:36
R1,WK_216,21,Muttom,20:03:04,20:03:34
R1,WK_216,22,Ambattukavu,20:05:01,20:05:21
R1,WK_216,23,Companypady,20:06:49,20:07:09
R1,WK_216,24,Pulinchodu,20:08:35,20:08:55
R1,WK_216,25,Aluva,20:10:55,20:10:55
R1,WK_217,1,Tripunithura,19:25:42,19:27:30
R1,WK_217,2,SN Junction,19:29:12,19:29:42
R1,WK_217,3,Vadakkekotta,19:31:00,19:31:30
R1,WK_217,4,Pettah,19:33:38,19:34:08
R1,WK_217,5,Thykoodam,19:36:01,19:36:31
R1,WK_217,6,Vyttila,19:38:09,19:38:29
R1,WK_217,7,Elamkulam,19:40:35,19:40:55
R1,WK_217,8,Kadavanthra,19:42:40,19:43:00
R1,WK_217,9,Ernakulam South,19:45:10,19:45:40
R1,WK_217,10,Maharajas College,19:47:34,19:47:54
R1,WK_217,11,MG Road,19:49:34,19:50:04
R1,WK_217,12,Town Hall,19:51:55,19:52:15
R1,WK_217,13,Kaloor,19:53:15,19:53:35
R1,WK_217,14,JLN Stadium,19:55:07,19:55:27
R1,WK_217,15,Palarivattom,19:57:10,19:57:30
R1,WK_217,16,Changampuzha Park,19:59:01,19:59:21
R1,WK_217,17,Edapally,20:01:13,20:01:43
R1,WK_217,18,Pathadipalam,20:03:35,20:03:55
R1,WK_217,19,Cochin University,20:05:37,20:06:07
R1,WK_217,20,Kalamassery,20:07:56,20:08:16
R1,WK_217,21,Muttom,20:10:44,20:11:14
R1,WK_217,22,Ambattukavu,20:12:41,20:13:01
R1,WK_217,23,Companypady,20:14:29,20:14:49
R1,WK_217,24,Pulinchodu,20:16:15,20:16:35
R1,WK_217,25,Aluva,20:18:35,20:18:35
R1,WK_218,1,Tripunithura,19:32:42,19:34:30
R1,WK_218,2,SN Junction,19:36:12,19:36:32
R1,WK_218,3,Vadakkekotta,19:37:50,19:38:10
R1,WK_218,4,Pettah,19:40:18,19:40:38
R1,WK_218,5,Thykoodam,19:42:31,19:42:51
R1,WK_218,6,Vyttila,19:44:25,19:44:45
R1,WK_218,7,Elamkulam,19:46:51,19:47:11
R1,WK_218,8,Kadavanthra,19:48:52,19:49:12
R1,WK_218,9,Ernakulam South,19:51:22,19:51:52
R1,WK_218,10,Maharajas College,19:53:46,19:54:06
R1,WK_218,11,MG Road,19:55:46,19:56:16
R1,WK_218,12,Town Hall,19:58:03,19:58:23
R1,WK_218,13,Kaloor,19:59:23,19:59:43
R1,WK_218,14,JLN Stadium,20:01:15,20:01:35
R1,WK_218,15,Palarivattom,20:03:14,20:03:34
R1,WK_218,16,Changampuzha Park,20:05:05,20:05:25
R1,WK_218,17,Edapally,20:07:11,20:07:41
R1,WK_218,18,Pathadipalam,20:09:33,20:09:53
R1,WK_218,19,Cochin University,20:11:31,20:12:01
R1,WK_218,20,Kalamassery,20:13:50,20:14:10
R1,WK_218,21,Muttom,20:16:38,20:17:08
R1,WK_218,22,Ambattukavu,20:18:35,20:18:55
R1,WK_218,23,Companypady,20:20:23,20:20:43
R1,WK_218,24,Pulinchodu,20:22:08,20:22:28
R1,WK_218,25,Aluva,20:24:28,20:24:28
R1,WK_219,1,Tripunithura,19:39:42,19:43:00
R1,WK_219,2,SN Junction,19:44:42,19:45:02
R1,WK_219,3,Vadakkekotta,19:46:20,19:46:40
R1,WK_219,4,Pettah,19:48:48,19:49:08
R1,WK_219,5,Thykoodam,19:51:01,19:51:21
R1,WK_219,6,Vyttila,19:52:55,19:53:15
R1,WK_219,7,Elamkulam,19:55:21,19:55:41
R1,WK_219,8,Kadavanthra,19:57:22,19:57:42
R1,WK_219,9,Ernakulam South,19:59:52,20:00:22
R1,WK_219,10,Maharajas College,20:02:16,20:02:36
R1,WK_219,11,MG Road,20:04:16,20:04:46
R1,WK_219,12,Town Hall,20:06:33,20:06:53
R1,WK_219,13,Kaloor,20:07:53,20:08:13
R1,WK_219,14,JLN Stadium,20:09:45,20:10:05
R1,WK_219,15,Palarivattom,20:11:44,20:12:04
R1,WK_219,16,Changampuzha Park,20:13:35,20:13:55
R1,WK_219,17,Edapally,20:15:41,20:16:11
R1,WK_219,18,Pathadipalam,20:18:03,20:18:23
R1,WK_219,19,Cochin University,20:20:01,20:20:31
R1,WK_219,20,Kalamassery,20:22:20,20:22:40
R1,WK_219,21,Muttom,20:25:08,20:25:38
R1,WK_219,22,Ambattukavu,20:27:05,20:27:25
R1,WK_219,23,Companypady,20:28:53,20:29:13
R1,WK_219,24,Pulinchodu,20:30:38,20:30:58
R1,WK_219,25,Aluva,20:32:58,20:32:58
R1,WK_22,1,Aluva,07:49:58,07:56:25
R1,WK_22,2,Pulinchodu,07:58:25,07:58:45
R1,WK_22,3,Companypady,08:00:12,08:00:32
R1,WK_22,4,Ambattukavu,08:01:59,08:02:19
R1,WK_22,5,Muttom,08:03:48,08:04:18
R1,WK_22,6,Kalamassery,08:06:44,08:07:04
R1,WK_22,7,Cochin University,08:08:53,08:09:13
R1,WK_22,8,Pathadipalam,08:10:57,08:11:17
R1,WK_22,9,Edapally,08:13:09,08:13:39
R1,WK_22,10,Changampuzha Park,08:15:31,08:15:51
R1,WK_22,11,Palarivattom,08:17:24,08:17:44
R1,WK_22,12,JLN Stadium,08:19:29,08:19:49
R1,WK_22,13,Kaloor,08:21:19,08:21:39
R1,WK_22,14,Town Hall,08:22:37,08:22:57
R1,WK_22,15,MG Road,08:24:55,08:25:25
R1,WK_22,16,Maharajas College,08:27:05,08:27:25
R1,WK_22,17,Ernakulam South,08:29:22,08:29:52
R1,WK_22,18,Kadavanthra,08:31:59,08:32:19
R1,WK_22,19,Elamkulam,08:34:06,08:34:26
R1,WK_22,20,Vyttila,08:36:28,08:36:48
R1,WK_22,21,Thykoodam,08:38:28,08:38:48
R1,WK_22,22,Pettah,08:40:46,08:41:06
R1,WK_22,23,Vadakkekotta,08:43:11,08:43:31
R1,WK_22,24,SN Junction,08:44:49,08:45:09
R1,WK_22,25,Tripunithura,08:47:12,08:47:12
R1,WK_220,1,Tripunithura,19:46:42,19:51:30
R1,WK_220,2,SN Junction,19:53:12,19:53:32
R1,WK_220,3,Vadakkekotta,19:54:50,19:55:10
R1,WK_220,4,Pettah,19:57:18,19:57:38
R1,WK_220,5,Thykoodam,19:59:31,19:59:51
R1,WK_220,6,Vyttila,20:01:25,20:01:45
R1,WK_220,7,Elamkulam,20:03:51,20:04:11
R1,WK_220,8,Kadavanthra,20:05:52,20:06:12
R1,WK_220,9,Ernakulam South,20:08:22,20:08:52
R1,WK_220,10,Maharajas College,20:10:46,20:11:06
R1,WK_220,11,MG Road,20:12:46,20:13:16
R1,WK_220,12,Town Hall,20:15:03,20:15:23
R1,WK_220,13,Kaloor,20:16:23,20:16:43
R1,WK_220,14,JLN Stadium,20:18:15,20:18:35
R1,WK_220,15,Palarivattom,20:20:14,20:20:34
R1,WK_220,16,Changampuzha Park,20:22:05,20:22:25
R1,WK_220,17,Edapally,20:24:11,20:24:41
R1,WK_220,18,Pathadipalam,20:26:33,20:26:53
R1,WK_220,19,Cochin University,20:28:31,20:29:01
R1,WK_220,20,Kalamassery,20:30:50,20:31:10
R1,WK_220,21,Muttom,20:33:38,20:34:08
R1,WK_220,22,Ambattukavu,20:35:35,20:35:55
R1,WK_220,23,Companypady,20:37:23,20:37:43
R1,WK_220,24,Pulinchodu,20:39:08,20:39:28
R1,WK_220,25,Aluva,20:41:28,20:41:28
R1,WK_221,1,Tripunithura,19:53:42,20:00:00
R1,WK_221,2,SN Junction,20:01:42,20:02:12
R1,WK_221,3,Vadakkekotta,20:03:30,20:04:00
R1,WK_221,4,Pettah,20:06:08,20:06:38
R1,WK_221,5,Thykoodam,20:08:31,20:09:01
R1,WK_221,6,Vyttila,20:10:35,20:11:05
R1,WK_221,7,Elamkulam,20:13:11,20:13:41
R1,WK_221,8,Kadavanthra,20:15:22,20:15:52
R1,WK_221,9,Ernakulam South,20:18:02,20:18:32
R1,WK_221,10,Maharajas College,20:20:26,20:20:46
R1,WK_221,11,MG Road,20:22:26,20:22:56
R1,WK_221,12,Town Hall,20:24:43,20:25:03
R1,WK_221,13,Kaloor,20:26:03,20:26:23
R1,WK_221,14,JLN Stadium,20:27:55,20:28:15
R1,WK_221,15,Palarivattom,20:29:54,20:30:14
R1,WK_221,16,Changampuzha Park,20:31:45,20:32:05
R1,WK_221,17,Edapally,20:33:51,20:34:21
R1,WK_221,18,Pathadipalam,20:36:13,20:36:33
R1,WK_221,19,Cochin University,20:38:11,20:38:41
R1,WK_221,20,Kalamassery,20:40:30,20:40:50
R1,WK_221,21,Muttom,20:43:18,20:43:48
R1,WK_221,22,Ambattukavu,20:45:15,20:45:35
R1,WK_221,23,Companypady,20:47:03,20:47:23
R1,WK_221,24,Pulinchodu,20:48:48,20:49:08
R1,WK_221,25,Aluva,20:51:08,20:51:08
R1,WK_222,1,Tripunithura,20:09:38,20:17:00
R1,WK_222,2,SN Junction,20:18:42,20:19:02
R1,WK_222,3,Vadakkekotta,20:20:20,20:20:40
R1,WK_222,4,Pettah,20:22:48,20:23:08
R1,WK_222,5,Thykoodam,20:25:01,20:25:21
R1,WK_222,6,Vyttila,20:26:55,20:27:15
R1,WK_222,7,Elamkulam,20:29:21,20:29:41
R1,WK_222,8,Kadavanthra,20:31:22,20:31:42
R1,WK_222,9,Ernakulam South,20:33:52,20:34:22
R1,WK_222,10,Maharajas College,20:36:16,20:36:36
R1,WK_222,11,MG Road,20:38:16,20:38:46
R1,WK_222,12,Town Hall,20:40:33,20:40:53
R1,WK_222,13,Kaloor,20:41:53,20:42:13
R1,WK_222,14,JLN Stadium,20:43:45,20:44:05
R1,WK_222,15,Palarivattom,20:45:44,20:46:04
R1,WK_222,16,Changampuzha Park,20:47:35,20:47:55
R1,WK_222,17,Edapally,20:49:41,20:50:11
R1,WK_222,18,Pathadipalam,20:52:03,20:52:23
R1,WK_222,19,Cochin University,20:54:01,20:54:31
R1,WK_222,20,Kalamassery,20:56:20,20:56:40
R1,WK_222,21,Muttom,20:59:08,20:59:38
R1,WK_222,22,Ambattukavu,21:01:05,21:01:25
R1,WK_222,23,Companypady,21:02:53,21:03:13
R1,WK_222,24,Pulinchodu,21:04:38,21:04:58
R1,WK_222,25,Aluva,21:06:58,21:06:58
R1,WK_223,1,Tripunithura,20:18:08,20:25:30
R1,WK_223,2,SN Junction,20:27:12,20:27:42
R1,WK_223,3,Vadakkekotta,20:29:00,20:29:30
R1,WK_223,4,Pettah,20:31:38,20:32:08
R1,WK_223,5,Thykoodam,20:34:01,20:34:31
R1,WK_223,6,Vyttila,20:36:05,20:36:25
R1,WK_223,7,Elamkulam,20:38:31,20:38:51
R1,WK_223,8,Kadavanthra,20:40:32,20:40:52
R1,WK_223,9,Ernakulam South,20:43:02,20:43:32
R1,WK_223,10,Maharajas College,20:45:26,20:45:46
R1,WK_223,11,MG Road,20:47:26,20:47:56
R1,WK_223,12,Town Hall,20:49:43,20:50:03
R1,WK_223,13,Kaloor,20:51:03,20:51:23
R1,WK_223,14,JLN Stadium,20:52:55,20:53:15
R1,WK_223,15,Palarivattom,20:54:54,20:55:14
R1,WK_223,16,Changampuzha Park,20:56:45,20:57:05
R1,WK_223,17,Edapally,20:58:51,20:59:21
R1,WK_223,18,Pathadipalam,21:01:13,21:01:33
R1,WK_223,19,Cochin University,21:03:11,21:03:41
R1,WK_223,20,Kalamassery,21:05:30,21:05:50
R1,WK_223,21,Muttom,21:08:18,21:08:48
R1,WK_223,22,Ambattukavu,21:10:15,21:10:35
R1,WK_223,23,Companypady,21:12:03,21:12:23
R1,WK_223,24,Pulinchodu,21:13:48,21:14:08
R1,WK_223,25,Aluva,21:16:08,21:16:08
R1,WK_224,1,Tripunithura,20:26:48,20:35:30
R1,WK_224,2,SN Junction,20:37:12,20:37:32
R1,WK_224,3,Vadakkekotta,20:38:50,20:39:10
R1,WK_224,4,Pettah,20:41:18,20:41:38
R1,WK_224,5,Thykoodam,20:43:31,20:43:51
R1,WK_224,6,Vyttila,20:45:25,20:45:45
R1,WK_224,7,Elamkulam,20:47:51,20:48:11
R1,WK_224,8,Kadavanthra,20:49:52,20:50:12
R1,WK_224,9,Ernakulam South,20:52:22,20:52:52
R1,WK_224,10,Maharajas College,20:54:46,20:55:06
R1,WK_224,11,MG Road,20:56:46,20:57:16
R1,WK_224,12,Town Hall,20:59:03,20:59:23
R1,WK_224,13,Kaloor,21:00:23,21:00:43
R1,WK_224,14,JLN Stadium,21:02:15,21:02:35
R1,WK_224,15,Palarivattom,21:04:14,21:04:34
R1,WK_224,16,Changampuzha Park,21:06:05,21:06:25
R1,WK_224,17,Edapally,21:08:11,21:08:41
R1,WK_224,18,Pathadipalam,21:10:33,21:10:53
R1,WK_224,19,Cochin University,21:12:31,21:13:01
R1,WK_224,20,Kalamassery,21:14:50,21:15:10
R1,WK_224,21,Muttom,21:17:38,21:18:08
R1,WK_224,22,Ambattukavu,21:19:35,21:19:55
R1,WK_224,23,Companypady,21:21:23,21:21:43
R1,WK_224,24,Pulinchodu,21:23:08,21:23:28
R1,WK_224,25,Aluva,21:25:28,21:25:28
R1,WK_225,1,Tripunithura,20:36:28,20:45:30
R1,WK_225,2,SN Junction,20:47:12,20:47:32
R1,WK_225,3,Vadakkekotta,20:48:50,20:49:10
R1,WK_225,4,Pettah,20:51:18,20:51:38
R1,WK_225,5,Thykoodam,20:53:31,20:53:51
R1,WK_225,6,Vyttila,20:55:25,20:55:45
R1,WK_225,7,Elamkulam,20:57:51,20:58:11
R1,WK_225,8,Kadavanthra,20:59:52,21:00:12
R1,WK_225,9,Ernakulam South,21:02:22,21:02:52
R1,WK_225,10,Maharajas College,21:04:46,21:05:06
R1,WK_225,11,MG Road,21:06:46,21:07:16
R1,WK_225,12,Town Hall,21:09:03,21:09:23
R1,WK_225,13,Kaloor,21:10:23,21:10:43
R1,WK_225,14,JLN Stadium,21:12:15,21:12:35
R1,WK_225,15,Palarivattom,21:14:14,21:14:34
R1,WK_225,16,Changampuzha Park,21:16:05,21:16:25
R1,WK_225,17,Edapally,21:18:11,21:18:41
R1,WK_225,18,Pathadipalam,21:20:33,21:20:53
R1,WK_225,19,Cochin University,21:22:31,21:23:01
R1,WK_225,20,Kalamassery,21:24:50,21:25:10
R1,WK_225,21,Muttom,21:27:38,21:28:08
R1,WK_225,22,Ambattukavu,21:29:35,21:29:55
R1,WK_225,23,Companypady,21:31:23,21:31:43
R1,WK_225,24,Pulinchodu,21:33:08,21:33:28
R1,WK_225,25,Aluva,21:35:28,21:35:28
R1,WK_226,1,Aluva,19:56:55,19:58:55
R1,WK_226,2,Pulinchodu,20:00:51,20:01:21
R1,WK_226,3,Companypady,20:02:40,20:03:10
R1,WK_226,4,Ambattukavu,20:04:30,20:05:00
R1,WK_226,5,Muttom,20:06:20,20:06:20
R1,WK_227,1,Aluva,20:03:36,20:06:00
R1,WK_227,2,Pulinchodu,20:08:00,20:08:20
R1,WK_227,3,Companypady,20:09:47,20:10:07
R1,WK_227,4,Ambattukavu,20:11:33,20:11:53
R1,WK_227,5,Muttom,20:13:19,20:13:49
R1,WK_227,6,Kalamassery,20:16:15,20:16:35
R1,WK_227,7,Cochin University,20:18:24,20:18:44
R1,WK_227,8,Pathadipalam,20:20:28,20:20:48
R1,WK_227,9,Edapally,20:22:40,20:23:10
R1,WK_227,10,Changampuzha Park,20:25:02,20:25:22
R1,WK_227,11,Palarivattom,20:26:54,20:27:14
R1,WK_227,12,JLN Stadium,20:28:59,20:29:19
R1,WK_227,13,Kaloor,20:30:48,20:31:08
R1,WK_227,14,Town Hall,20:32:05,20:32:25
R1,WK_227,15,MG Road,20:34:23,20:34:53
R1,WK_227,16,Maharajas College,20:36:33,20:36:53
R1,WK_227,17,Ernakulam South,20:38:46,20:39:16
R1,WK_227,18,Kadavanthra,20:41:19,20:41:49
R1,WK_227,19,Elamkulam,20:43:36,20:44:06
R1,WK_227,20,Vyttila,20:46:08,20:46:38
R1,WK_227,21,Thykoodam,20:48:18,20:48:18
R1,WK_227,22,Pettah,20:50:16,20:50:36
R1,WK_227,23,Vadakkekotta,20:52:37,20:52:57
R1,WK_227,24,SN Junction,20:54:15,20:54:35
R1,WK_227,25,Tripunithura,20:56:38,20:56:38
R1,WK_228,1,Aluva,20:10:55,20:17:00
R1,WK_228,2,Pulinchodu,20:19:00,20:19:20
R1,WK_228,3,Companypady,20:20:47,20:21:07
R1,WK_228,4,Ambattukavu,20:22:33,20:22:53
R1,WK_228,5,Muttom,20:24:19,20:24:49
R1,WK_228,6,Kalamassery,20:27:15,20:27:35
R1,WK_228,7,Cochin University,20:29:24,20:29:44
R1,WK_228,8,Pathadipalam,20:31:28,20:31:48
R1,WK_228,9,Edapally,20:33:40,20:34:10
R1,WK_228,10,Changampuzha Park,20:36:02,20:36:22
R1,WK_228,11,Palarivattom,20:37:54,20:38:14
R1,WK_228,12,JLN Stadium,20:39:59,20:40:19
R1,WK_228,13,Kaloor,20:41:48,20:42:08
R1,WK_228,14,Town Hall,20:43:05,20:43:25
R1,WK_228,15,MG Road,20:45:23,20:45:53
R1,WK_228,16,Maharajas College,20:47:33,20:47:53
R1,WK_228,17,Ernakulam South,20:49:46,20:50:16
R1,WK_228,18,Kadavanthra,20:52:19,20:52:39
R1,WK_228,19,Elamkulam,20:54:26,20:54:46
R1,WK_228,20,Vyttila,20:56:48,20:57:08
R1,WK_228,21,Thykoodam,20:58:48,20:59:08
R1,WK_228,22,Pettah,21:01:06,21:01:26
R1,WK_228,23,Vadakkekotta,21:03:27,21:03:47
R1,WK_228,24,SN Junction,21:05:05,21:05:25
R1,WK_228,25,Tripunithura,21:07:28,21:07:28
R1,WK_229,1,Aluva,20:18:35,20:20:05
R1,WK_229,2,Pulinchodu,20:22:01,20:22:31
R1,WK_229,3,Companypady,20:23:50,20:24:20
R1,WK_229,4,Ambattukavu,20:25:40,20:26:10
R1,WK_229,5,Muttom,20:27:30,20:27:30
R1,WK_23,1,Aluva,07:59:58,08:03:25
R1,WK_23,2,Pulinchodu,08:05:25,08:05:45
R1,WK_23,3,Companypady,08:07:12,08:07:32
R1,WK_23,4,Ambattukavu,08:08:59,08:09:19
R1,WK_23,5,Muttom,08:10:48,08:11:18
R1,WK_23,6,Kalamassery,08:13:44,08:14:04
R1,WK_23,7,Cochin University,08:15:53,08:16:13
R1,WK_23,8,Pathadipalam,08:17:57,08:18:17
R1,WK_23,9,Edapally,08:20:09,08:20:39
R1,WK_23,10,Changampuzha Park,08:22:31,08:22:51
R1,WK_23,11,Palarivattom,08:24:24,08:24:44
R1,WK_23,12,JLN Stadium,08:26:29,08:26:49
R1,WK_23,13,Kaloor,08:28:19,08:28:39
R1,WK_23,14,Town Hall,08:29:37,08:29:57
R1,WK_23,15,MG Road,08:31:55,08:32:25
R1,WK_23,16,Maharajas College,08:34:05,08:34:25
R1,WK_23,17,Ernakulam South,08:36:22,08:36:52
R1,WK_23,18,Kadavanthra,08:38:59,08:39:19
R1,WK_23,19,Elamkulam,08:41:06,08:41:26
R1,WK_23,20,Vyttila,08:43:28,08:43:48
R1,WK_23,21,Thykoodam,08:45:28,08:45:48
R1,WK_23,22,Pettah,08:47:46,08:48:06
R1,WK_23,23,Vadakkekotta,08:50:11,08:50:31
R1,WK_23,24,SN Junction,08:51:49,08:52:09
R1,WK_23,25,Tripunithura,08:54:12,08:54:12
R1,WK_230,1,Tripunithura,20:46:38,20:55:30
R1,WK_230,2,SN Junction,20:57:12,20:57:42
R1,WK_230,3,Vadakkekotta,20:59:00,20:59:30
R1,WK_230,4,Pettah,21:01:38,21:02:08
R1,WK_230,5,Thykoodam,21:04:01,21:04:31
R1,WK_230,6,Vyttila,21:06:05,21:06:25
R1,WK_230,7,Elamkulam,21:08:31,21:08:51
R1,WK_230,8,Kadavanthra,21:10:32,21:10:52
R1,WK_230,9,Ernakulam South,21:13:02,21:13:32
R1,WK_230,10,Maharajas College,21:15:26,21:15:46
R1,WK_230,11,MG Road,21:17:26,21:17:56
R1,WK_230,12,Town Hall,21:19:43,21:20:03
R1,WK_230,13,Kaloor,21:21:03,21:21:23
R1,WK_230,14,JLN Stadium,21:22:55,21:23:15
R1,WK_230,15,Palarivattom,21:24:54,21:25:14
R1,WK_230,16,Changampuzha Park,21:26:45,21:27:05
R1,WK_230,17,Edapally,21:28:51,21:29:21
R1,WK_230,18,Pathadipalam,21:31:13,21:31:33
R1,WK_230,19,Cochin University,21:33:11,21:33:41
R1,WK_230,20,Kalamassery,21:35:30,21:35:50
R1,WK_230,21,Muttom,21:38:18,21:38:48
R1,WK_230,22,Ambattukavu,21:40:15,21:40:35
R1,WK_230,23,Companypady,21:42:03,21:42:23
R1,WK_230,24,Pulinchodu,21:43:48,21:44:08
R1,WK_230,25,Aluva,21:46:08,21:46:08
R1,WK_231,1,Tripunithura,20:56:38,21:05:30
R1,WK_231,2,SN Junction,21:07:12,21:07:32
R1,WK_231,3,Vadakkekotta,21:08:50,21:09:10
R1,WK_231,4,Pettah,21:11:18,21:11:38
R1,WK_231,5,Thykoodam,21:13:31,21:13:51
R1,WK_231,6,Vyttila,21:15:25,21:15:45
R1,WK_231,7,Elamkulam,21:17:51,21:18:11
R1,WK_231,8,Kadavanthra,21:19:52,21:20:12
R1,WK_231,9,Ernakulam South,21:22:22,21:22:52
R1,WK_231,10,Maharajas College,21:24:46,21:25:06
R1,WK_231,11,MG Road,21:26:46,21:27:16
R1,WK_231,12,Town Hall,21:29:03,21:29:23
R1,WK_231,13,Kaloor,21:30:23,21:30:43
R1,WK_231,14,JLN Stadium,21:32:15,21:32:35
R1,WK_231,15,Palarivattom,21:34:14,21:34:34
R1,WK_231,16,Changampuzha Park,21:36:05,21:36:25
R1,WK_231,17,Edapally,21:38:11,21:38:41
R1,WK_231,18,Pathadipalam,21:40:33,21:40:53
R1,WK_231,19,Cochin University,21:42:31,21:43:01
R1,WK_231,20,Kalamassery,21:44:50,21:45:10
R1,WK_231,21,Muttom,21:47:38,21:48:08
R1,WK_231,22,Ambattukavu,21:49:35,21:49:55
R1,WK_231,23,Companypady,21:51:23,21:51:43
R1,WK_231,24,Pulinchodu,21:53:08,21:53:28
R1,WK_231,25,Aluva,21:55:28,21:55:28
R1,WK_232,1,Tripunithura,21:07:28,21:15:30
R1,WK_232,2,SN Junction,21:17:12,21:17:32
R1,WK_232,3,Vadakkekotta,21:18:50,21:19:10
R1,WK_232,4,Pettah,21:21:18,21:21:38
R1,WK_232,5,Thykoodam,21:23:31,21:23:51
R1,WK_232,6,Vyttila,21:25:25,21:25:45
R1,WK_232,7,Elamkulam,21:27:51,21:28:11
R1,WK_232,8,Kadavanthra,21:29:52,21:30:12
R1,WK_232,9,Ernakulam South,21:32:22,21:32:52
R1,WK_232,10,Maharajas College,21:34:46,21:35:06
R1,WK_232,11,MG Road,21:36:46,21:37:16
R1,WK_232,12,Town Hall,21:39:03,21:39:23
R1,WK_232,13,Kaloor,21:40:23,21:40:43
R1,WK_232,14,JLN Stadium,21:42:15,21:42:35
R1,WK_232,15,Palarivattom,21:44:14,21:44:34
R1,WK_232,16,Changampuzha Park,21:46:05,21:46:25
R1,WK_232,17,Edapally,21:48:11,21:48:41
R1,WK_232,18,Pathadipalam,21:50:33,21:50:53
R1,WK_232,19,Cochin University,21:52:31,21:53:01
R1,WK_232,20,Kalamassery,21:54:50,21:55:10
R1,WK_232,21,Muttom,21:57:38,21:58:08
R1,WK_232,22,Ambattukavu,21:59:35,21:59:55
R1,WK_232,23,Companypady,22:01:23,22:01:43
R1,WK_232,24,Pulinchodu,22:03:08,22:03:28
R1,WK_232,25,Aluva,22:05:28,22:05:28
R1,WK_233,1,Aluva,20:24:28,20:28:00
R1,WK_233,2,Pulinchodu,20:30:00,20:30:20
R1,WK_233,3,Companypady,20:31:47,20:32:07
R1,WK_233,4,Ambattukavu,20:33:33,20:33:53
R1,WK_233,5,Muttom,20:35:19,20:35:49
R1,WK_233,6,Kalamassery,20:38:15,20:38:35
R1,WK_233,7,Cochin University,20:40:24,20:40:44
R1,WK_233,8,Pathadipalam,20:42:28,20:42:48
R1,WK_233,9,Edapally,20:44:40,20:45:10
R1,WK_233,10,Changampuzha Park,20:47:02,20:47:22
R1,WK_233,11,Palarivattom,20:48:54,20:49:14
R1,WK_233,12,JLN Stadium,20:50:59,20:51:19
R1,WK_233,13,Kaloor,20:52:48,20:53:08
R1,WK_233,14,Town Hall,20:54:05,20:54:25
R1,WK_233,15,MG Road,20:56:23,20:56:53
R1,WK_233,16,Maharajas College,20:58:33,20:58:53
R1,WK_233,17,Ernakulam South,21:00:46,21:01:16
R1,WK_233,18,Kadavanthra,21:03:19,21:03:39
R1,WK_233,19,Elamkulam,21:05:26,21:05:46
R1,WK_233,20,Vyttila,21:07:48,21:08:08
R1,WK_233,21,Thykoodam,21:09:48,21:10:08
R1,WK_233,22,Pettah,21:12:06,21:12:26
R1,WK_233,23,Vadakkekotta,21:14:27,21:14:47
R1,WK_233,24,SN Junction,21:16:05,21:16:25
R1,WK_233,25,Tripunithura,21:18:28,21:18:28
R1,WK_234,1,Tripunithura,21:18:28,21:30:00
R1,WK_234,2,SN Junction,21:31:42,21:32:02
R1,WK_234,3,Vadakkekotta,21:33:20,21:33:40
R1,WK_234,4,Pettah,21:35:48,21:36:08
R1,WK_234,5,Thykoodam,21:38:01,21:38:21
R1,WK_234,6,Vyttila,21:39:55,21:40:15
R1,WK_234,7,Elamkulam,21:42:21,21:42:41
R1,WK_234,8,Kadavanthra,21:44:22,21:44:42
R1,WK_234,9,Ernakulam South,21:46:52,21:47:22
R1,WK_234,10,Maharajas College,21:49:16,21:49:36
R1,WK_234,11,MG Road,21:51:16,21:51:46
R1,WK_234,12,Town Hall,21:53:33,21:53:53
R1,WK_234,13,Kaloor,21:54:53,21:55:13
R1,WK_234,14,JLN Stadium,21:56:45,21:57:05
R1,WK_234,15,Palarivattom,21:58:44,21:59:04
R1,WK_234,16,Changampuzha Park,22:00:35,22:00:55
R1,WK_234,17,Edapally,22:02:41,22:03:11
R1,WK_234,18,Pathadipalam,22:05:03,22:05:23
R1,WK_234,19,Cochin University,22:07:01,22:07:31
R1,WK_234,20,Kalamassery,22:09:20,22:09:40
R1,WK_234,21,Muttom,22:12:08,22:12:38
R1,WK_234,22,Ambattukavu,22:14:05,22:14:25
R1,WK_234,23,Companypady,22:15:53,22:16:13
R1,WK_234,24,Pulinchodu,22:17:38,22:17:58
R1,WK_234,25,Aluva,22:19:58,22:19:58
R1,WK_235,1,Aluva,20:32:58,20:39:00
R1,WK_235,2,Pulinchodu,20:41:00,20:41:30
R1,WK_235,3,Companypady,20:42:57,20:43:27
R1,WK_235,4,Ambattukavu,20:44:53,20:45:23
R1,WK_235,5,Muttom,20:46:49,20:47:19
R1,WK_235,6,Kalamassery,20:49:45,20:50:15
R1,WK_235,7,Cochin University,20:52:04,20:52:34
R1,WK_235,8,Pathadipalam,20:54:18,20:54:48
R1,WK_235,9,Edapally,20:56:40,20:57:10
R1,WK_235,10,Changampuzha Park,20:59:02,20:59:32
R1,WK_235,11,Palarivattom,21:01:04,21:01:24
R1,WK_235,12,JLN Stadium,21:03:09,21:03:29
R1,WK_235,13,Kaloor,21:04:58,21:05:18
R1,WK_235,14,Town Hall,21:06:15,21:06:35
R1,WK_235,15,MG Road,21:08:33,21:09:03
R1,WK_235,16,Maharajas College,21:10:43,21:11:03
R1,WK_235,17,Ernakulam South,21:12:56,21:13:26
R1,WK_235,18,Kadavanthra,21:15:29,21:15:49
R1,WK_235,19,Elamkulam,21:17:36,21:17:56
R1,WK_235,20,Vyttila,21:19:58,21:20:18
R1,WK_235,21,Thykoodam,21:21:58,21:22:18
R1,WK_235,22,Pettah,21:24:16,21:24:36
R1,WK_235,23,Vadakkekotta,21:26:37,21:26:57
R1,WK_235,24,SN Junction,21:28:15,21:28:35
R1,WK_235,25,Tripunithura,21:30:43,21:30:43
R1,WK_236,1,Aluva,20:41:28,20:50:00
R1,WK_236,2,Pulinchodu,20:52:00,20:52:20
R1,WK_236,3,Companypady,20:53:47,20:54:07
R1,WK_236,4,Ambattukavu,20:55:33,20:55:53
R1,WK_236,5,Muttom,20:57:19,20:57:49
R1,WK_236,6,Kalamassery,21:00:15,21:00:35
R1,WK_236,7,Cochin University,21:02:24,21:02:44
R1,WK_236,8,Pathadipalam,21:04:28,21:04:48
R1,WK_236,9,Edapally,21:06:40,21:07:10
R1,WK_236,10,Changampuzha Park,21:09:02,21:09:22
R1,WK_236,11,Palarivattom,21:10:54,21:11:14
R1,WK_236,12,JLN Stadium,21:12:59,21:13:19
R1,WK_236,13,Kaloor,21:14:48,21:15:08
R1,WK_236,14,Town Hall,21:16:05,21:16:25
R1,WK_236,15,MG Road,21:18:23,21:18:53
R1,WK_236,16,Maharajas College,21:20:33,21:20:53
R1,WK_236,17,Ernakulam South,21:22:46,21:23:16
R1,WK_236,18,Kadavanthra,21:25:19,21:25:39
R1,WK_236,19,Elamkulam,21:27:26,21:27:46
R1,WK_236,20,Vyttila,21:29:48,21:30:08
R1,WK_236,21,Thykoodam,21:31:48,21:32:08
R1,WK_236,22,Pettah,21:34:06,21:34:26
R1,WK_236,23,Vadakkekotta,21:36:27,21:36:47
R1,WK_236,24,SN Junction,21:38:05,21:38:25
R1,WK_236,25,Tripunithura,21:40:28,21:40:28
R1,WK_237,1,Tripunithura,21:40:28,21:45:00
R1,WK_237,2,SN Junction,21:46:42,21:47:02
R1,WK_237,3,Vadakkekotta,21:48:20,21:48:40
R1,WK_237,4,Pettah,21:50:48,21:51:08
R1,WK_237,5,Thykoodam,21:53:01,21:53:21
R1,WK_237,6,Vyttila,21:54:55,21:55:15
R1,WK_237,7,Elamkulam,21:57:21,21:57:41
R1,WK_237,8,Kadavanthra,21:59:22,21:59:42
R1,WK_237,9,Ernakulam South,22:01:52,22:02:22
R1,WK_237,10,Maharajas College,22:04:16,22:04:36
R1,WK_237,11,MG Road,22:06:16,22:06:46
R1,WK_237,12,Town Hall,22:08:33,22:08:53
R1,WK_237,13,Kaloor,22:09:53,22:10:13
R1,WK_237,14,JLN Stadium,22:11:45,22:12:05
R1,WK_237,15,Palarivattom,22:13:44,22:14:04
R1,WK_237,16,Changampuzha Park,22:15:35,22:15:55
R1,WK_237,17,Edapally,22:17:41,22:18:11
R1,WK_237,18,Pathadipalam,22:20:03,22:20:23
R1,WK_237,19,Cochin University,22:22:01,22:22:31
R1,WK_237,20,Kalamassery,22:24:20,22:24:40
R1,WK_237,21,Muttom,22:27:08,22:27:38
R1,WK_237,22,Ambattukavu,22:29:05,22:29:25
R1,WK_237,23,Companypady,22:30:53,22:31:13
R1,WK_237,24,Pulinchodu,22:32:38,22:32:58
R1,WK_237,25,Aluva,22:34:58,22:34:58
R1,WK_238,1,Aluva,20:51:08,20:55:55
R1,WK_238,2,Pulinchodu,20:57:51,20:58:21
R1,WK_238,3,Companypady,20:59:40,21:00:10
R1,WK_238,4,Ambattukavu,21:01:30,21:02:00
R1,WK_238,5,Muttom,21:03:20,21:03:20
R1,WK_239,1,Aluva,20:58:28,21:02:00
R1,WK_239,2,Pulinchodu,21:04:00,21:04:20
R1,WK_239,3,Companypady,21:05:47,21:06:07
R1,WK_239,4,Ambattukavu,21:07:33,21:07:53
R1,WK_239,5,Muttom,21:09:19,21:09:49
R1,WK_239,6,Kalamassery,21:12:15,21:12:35
R1,WK_239,7,Cochin University,21:14:24,21:14:44
R1,WK_239,8,Pathadipalam,21:16:28,21:16:48
R1,WK_239,9,Edapally,21:18:40,21:19:10
R1,WK_239,10,Changampuzha Park,21:21:02,21:21:22
R1,WK_239,11,Palarivattom,21:22:54,21:23:14
R1,WK_239,12,JLN Stadium,21:24:59,21:25:19
R1,WK_239,13,Kaloor,21:26:48,21:27:08
R1,WK_239,14,Town Hall,21:28:05,21:28:25
R1,WK_239,15,MG Road,21:30:23,21:30:53
R1,WK_239,16,Maharajas College,21:32:33,21:32:53
R1,WK_239,17,Ernakulam South,21:34:46,21:35:16
R1,WK_239,18,Kadavanthra,21:37:19,21:37:39
R1,WK_239,19,Elamkulam,21:39:26,21:39:46
R1,WK_239,20,Vyttila,21:41:48,21:42:08
R1,WK_239,21,Thykoodam,21:43:48,21:44:08
R1,WK_239,22,Pettah,21:46:06,21:46:26
R1,WK_239,23,Vadakkekotta,21:48:27,21:48:47
R1,WK_239,24,SN Junction,21:50:05,21:50:25
R1,WK_239,25,Tripunithura,21:52:28,21:52:28
R1,WK_24,1,Tripunithura,08:01:53,08:07:00
R1,WK_24,2,SN Junction,08:08:42,08:09:02
R1,WK_24,3,Vadakkekotta,08:10:20,08:10:40
R1,WK_24,4,Pettah,08:12:48,08:13:08
R1,WK_24,5,Thykoodam,08:15:01,08:15:21
R1,WK_24,6,Vyttila,08:16:59,08:17:19
R1,WK_24,7,Elamkulam,08:19:25,08:19:45
R1,WK_24,8,Kadavanthra,08:21:30,08:21:50
R1,WK_24,9,Ernakulam South,08:24:00,08:24:30
R1,WK_24,10,Maharajas College,08:26:24,08:26:44
R1,WK_24,11,MG Road,08:28:24,08:28:54
R1,WK_24,12,Town Hall,08:30:45,08:31:05
R1,WK_24,13,Kaloor,08:32:05,08:32:25
R1,WK_24,14,JLN Stadium,08:33:57,08:34:17
R1,WK_24,15,Palarivattom,08:36:00,08:36:20
R1,WK_24,16,Changampuzha Park,08:37:51,08:38:11
R1,WK_24,17,Edapally,08:40:03,08:40:33
R1,WK_24,18,Pathadipalam,08:42:25,08:42:45
R1,WK_24,19,Cochin University,08:44:27,08:44:57
R1,WK_24,20,Kalamassery,08:46:46,08:47:06
R1,WK_24,21,Muttom,08:49:34,08:50:04
R1,WK_24,22,Ambattukavu,08:51:31,08:51:51
R1,WK_24,23,Companypady,08:53:19,08:53:39
R1,WK_24,24,Pulinchodu,08:55:05,08:55:25
R1,WK_24,25,Aluva,08:57:25,08:57:25
R1,WK_240,1,Aluva,21:06:58,21:15:00
R1,WK_240,2,Pulinchodu,21:17:00,21:17:20
R1,WK_240,3,Companypady,21:18:47,21:19:07
R1,WK_240,4,Ambattukavu,21:20:33,21:20:53
R1,WK_240,5,Muttom,21:22:19,21:22:49
R1,WK_240,6,Kalamassery,21:25:15,21:25:35
R1,WK_240,7,Cochin University,21:27:24,21:27:44
R1,WK_240,8,Pathadipalam,21:29:28,21:29:48
R1,WK_240,9,Edapally,21:31:40,21:32:10
R1,WK_240,10,Changampuzha Park,21:34:02,21:34:22
R1,WK_240,11,Palarivattom,21:35:54,21:36:14
R1,WK_240,12,JLN Stadium,21:37:59,21:38:19
R1,WK_240,13,Kaloor,21:39:48,21:40:08
R1,WK_240,14,Town Hall,21:41:05,21:41:25
R1,WK_240,15,MG Road,21:43:23,21:43:53
R1,WK_240,16,Maharajas College,21:45:33,21:45:53
R1,WK_240,17,Ernakulam South,21:47:46,21:48:16
R1,WK_240,18,Kadavanthra,21:50:19,21:50:39
R1,WK_240,19,Elamkulam,21:52:26,21:52:46
R1,WK_240,20,Vyttila,21:54:48,21:55:08
R1,WK_240,21,Thykoodam,21:56:48,21:57:08
R1,WK_240,22,Pettah,21:59:06,21:59:26
R1,WK_240,23,Vadakkekotta,22:01:27,22:01:47
R1,WK_240,24,SN Junction,22:03:05,22:03:25
R1,WK_240,25,Tripunithura,22:05:28,22:05:28
R1,WK_241,1,Aluva,21:16:08,21:21:25
R1,WK_241,2,Pulinchodu,21:23:21,21:23:51
R1,WK_241,3,Companypady,21:25:10,21:25:40
R1,WK_241,4,Ambattukavu,21:27:00,21:27:30
R1,WK_241,5,Muttom,21:28:50,21:28:50
R1,WK_242,1,Tripunithura,21:52:28,22:00:00
R1,WK_242,2,SN Junction,22:01:42,22:02:02
R1,WK_242,3,Vadakkekotta,22:03:20,22:03:40
R1,WK_242,4,Pettah,22:05:48,22:06:08
R1,WK_242,5,Thykoodam,22:08:01,22:08:21
R1,WK_242,6,Vyttila,22:09:55,22:10:15
R1,WK_242,7,Elamkulam,22:12:21,22:12:41
R1,WK_242,8,Kadavanthra,22:14:22,22:14:42
R1,WK_242,9,Ernakulam South,22:16:52,22:17:22
R1,WK_242,10,Maharajas College,22:19:16,22:19:36
R1,WK_242,11,MG Road,22:21:16,22:21:46
R1,WK_242,12,Town Hall,22:23:33,22:23:53
R1,WK_242,13,Kaloor,22:24:53,22:25:13
R1,WK_242,14,JLN Stadium,22:26:45,22:27:05
R1,WK_242,15,Palarivattom,22:28:44,22:29:04
R1,WK_242,16,Changampuzha Park,22:30:35,22:30:55
R1,WK_242,17,Edapally,22:32:41,22:33:11
R1,WK_242,18,Pathadipalam,22:35:03,22:35:23
R1,WK_242,19,Cochin University,22:37:01,22:37:31
R1,WK_242,20,Kalamassery,22:39:20,22:39:40
R1,WK_242,21,Muttom,22:42:08,22:42:38
R1,WK_242,22,Ambattukavu,22:44:05,22:44:25
R1,WK_242,23,Companypady,22:45:53,22:46:13
R1,WK_242,24,Pulinchodu,22:47:38,22:47:58
R1,WK_242,25,Aluva,22:49:58,22:49:58
R1,WK_243,1,Tripunithura,22:05:28,22:15:00
R1,WK_243,2,SN Junction,22:16:42,22:17:02
R1,WK_243,3,Vadakkekotta,22:18:20,22:18:40
R1,WK_243,4,Pettah,22:20:48,22:21:08
R1,WK_243,5,Thykoodam,22:23:01,22:23:21
R1,WK_243,6,Vyttila,22:24:55,22:25:15
R1,WK_243,7,Elamkulam,22:27:21,22:27:41
R1,WK_243,8,Kadavanthra,22:29:22,22:29:42
R1,WK_243,9,Ernakulam South,22:31:52,22:32:22
R1,WK_243,10,Maharajas College,22:34:16,22:34:36
R1,WK_243,11,MG Road,22:36:16,22:36:46
R1,WK_243,12,Town Hall,22:38:33,22:38:53
R1,WK_243,13,Kaloor,22:39:53,22:40:13
R1,WK_243,14,JLN Stadium,22:41:45,22:42:05
R1,WK_243,15,Palarivattom,22:43:44,22:44:04
R1,WK_243,16,Changampuzha Park,22:45:35,22:45:55
R1,WK_243,17,Edapally,22:47:41,22:48:11
R1,WK_243,18,Pathadipalam,22:50:03,22:50:23
R1,WK_243,19,Cochin University,22:52:01,22:52:31
R1,WK_243,20,Kalamassery,22:54:20,22:54:40
R1,WK_243,21,Muttom,22:57:08,22:57:38
R1,WK_243,22,Ambattukavu,22:59:05,22:59:25
R1,WK_243,23,Companypady,23:00:53,23:01:13
R1,WK_243,24,Pulinchodu,23:02:38,23:02:58
R1,WK_243,25,Aluva,23:04:58,23:04:58
R1,WK_244,1,Aluva,21:25:28,21:30:00
R1,WK_244,2,Pulinchodu,21:32:00,21:32:20
R1,WK_244,3,Companypady,21:33:47,21:34:07
R1,WK_244,4,Ambattukavu,21:35:33,21:35:53
R1,WK_244,5,Muttom,21:37:19,21:37:49
R1,WK_244,6,Kalamassery,21:40:15,21:40:35
R1,WK_244,7,Cochin University,21:42:24,21:42:44
R1,WK_244,8,Pathadipalam,21:44:28,21:44:48
R1,WK_244,9,Edapally,21:46:40,21:47:10
R1,WK_244,10,Changampuzha Park,21:49:02,21:49:22
R1,WK_244,11,Palarivattom,21:50:54,21:51:14
R1,WK_244,12,JLN Stadium,21:52:59,21:53:19
R1,WK_244,13,Kaloor,21:54:48,21:55:08
R1,WK_244,14,Town Hall,21:56:05,21:56:25
R1,WK_244,15,MG Road,21:58:23,21:58:53
R1,WK_244,16,Maharajas College,22:00:33,22:00:53
R1,WK_244,17,Ernakulam South,22:02:46,22:03:16
R1,WK_244,18,Kadavanthra,22:05:19,22:05:39
R1,WK_244,19,Elamkulam,22:07:26,22:07:46
R1,WK_244,20,Vyttila,22:09:48,22:10:08
R1,WK_244,21,Thykoodam,22:11:48,22:12:08
R1,WK_244,22,Pettah,22:14:06,22:14:26
R1,WK_244,23,Vadakkekotta,22:16:27,22:16:47
R1,WK_244,24,SN Junction,22:18:05,22:18:25
R1,WK_244,25,Tripunithura,22:20:28,22:20:28
R1,WK_245,1,Tripunithura,22:20:28,22:30:00
R1,WK_245,2,SN Junction,22:31:32,22:31:52
R1,WK_245,3,Vadakkekotta,22:33:10,22:33:34
R1,WK_245,4,Pettah,22:35:42,22:36:02
R1,WK_245,5,Thykoodam,22:37:55,22:38:15
R1,WK_245,6,Vyttila,22:39:49,22:40:09
R1,WK_245,7,Elamkulam,22:42:15,22:42:35
R1,WK_245,8,Kadavanthra,22:44:16,22:44:36
R1,WK_245,9,Ernakulam South,22:46:46,22:47:26
R1,WK_245,10,Maharajas College,22:49:20,22:49:52
R1,WK_245,11,MG Road,22:51:32,22:52:02
R1,WK_245,12,Town Hall,22:53:49,22:54:14
R1,WK_245,13,Kaloor,22:55:14,22:55:34
R1,WK_245,14,JLN Stadium,22:57:06,22:57:26
R1,WK_245,15,Palarivattom,22:59:05,22:59:25
R1,WK_245,16,Changampuzha Park,23:00:56,23:01:16
R1,WK_245,17,Edapally,23:03:02,23:03:41
R1,WK_245,18,Pathadipalam,23:05:41,23:06:01
R1,WK_245,19,Cochin University,23:07:39,23:08:09
R1,WK_245,20,Kalamassery,23:10:08,23:10:28
R1,WK_245,21,Muttom,23:12:56,23:13:26
R1,WK_245,22,Ambattukavu,23:14:53,23:15:18
R1,WK_245,23,Companypady,23:16:46,23:17:17
R1,WK_245,24,Pulinchodu,23:18:42,23:19:02
R1,WK_245,25,Aluva,23:21:02,23:21:02
R1,WK_246,1,Aluva,21:35:28,21:45:00
R1,WK_246,2,Pulinchodu,21:47:00,21:47:20
R1,WK_246,3,Companypady,21:48:47,21:49:07
R1,WK_246,4,Ambattukavu,21:50:33,21:50:53
R1,WK_246,5,Muttom,21:52:19,21:52:49
R1,WK_246,6,Kalamassery,21:55:15,21:55:35
R1,WK_246,7,Cochin University,21:57:24,21:57:44
R1,WK_246,8,Pathadipalam,21:59:28,21:59:48
R1,WK_246,9,Edapally,22:01:40,22:02:10
R1,WK_246,10,Changampuzha Park,22:04:02,22:04:22
R1,WK_246,11,Palarivattom,22:05:54,22:06:14
R1,WK_246,12,JLN Stadium,22:07:59,22:08:19
R1,WK_246,13,Kaloor,22:09:48,22:10:08
R1,WK_246,14,Town Hall,22:11:05,22:11:25
R1,WK_246,15,MG Road,22:13:23,22:13:53
R1,WK_246,16,Maharajas College,22:15:33,22:15:53
R1,WK_246,17,Ernakulam South,22:17:46,22:18:16
R1,WK_246,18,Kadavanthra,22:20:19,22:20:39
R1,WK_246,19,Elamkulam,22:22:26,22:22:46
R1,WK_246,20,Vyttila,22:24:48,22:25:08
R1,WK_246,21,Thykoodam,22:26:48,22:27:08
R1,WK_246,22,Pettah,22:29:06,22:29:26
R1,WK_246,23,Vadakkekotta,22:31:27,22:31:47
R1,WK_246,24,SN Junction,22:33:05,22:33:25
R1,WK_246,25,Tripunithura,22:35:28,22:35:28
R1,WK_247,1,Aluva,21:46:08,21:51:25
R1,WK_247,2,Pulinchodu,21:53:21,21:53:51
R1,WK_247,3,Companypady,21:55:10,21:55:40
R1,WK_247,4,Ambattukavu,21:57:00,21:57:30
R1,WK_247,5,Muttom,21:58:50,21:58:50
R1,WK_248,1,Aluva,21:55:28,22:00:00
R1,WK_248,2,Pulinchodu,22:02:00,22:02:20
R1,WK_248,3,Companypady,22:03:47,22:04:07
R1,WK_248,4,Ambattukavu,22:05:33,22:05:53
R1,WK_248,5,Muttom,22:07:19,22:07:49
R1,WK_248,6,Kalamassery,22:10:15,22:10:35
R1,WK_248,7,Cochin University,22:12:24,22:12:44
R1,WK_248,8,Pathadipalam,22:14:28,22:14:48
R1,WK_248,9,Edapally,22:16:40,22:17:10
R1,WK_248,10,Changampuzha Park,22:19:02,22:19:22
R1,WK_248,11,Palarivattom,22:20:54,22:21:14
R1,WK_248,12,JLN Stadium,22:22:59,22:23:19
R1,WK_248,13,Kaloor,22:24:48,22:25:08
R1,WK_248,14,Town Hall,22:26:05,22:26:25
R1,WK_248,15,MG Road,22:28:23,22:28:53
R1,WK_248,16,Maharajas College,22:30:33,22:30:53
R1,WK_248,17,Ernakulam South,22:32:46,22:33:16
R1,WK_248,18,Kadavanthra,22:35:19,22:35:39
R1,WK_248,19,Elamkulam,22:37:26,22:37:46
R1,WK_248,20,Vyttila,22:39:48,22:40:08
R1,WK_248,21,Thykoodam,22:41:48,22:42:08
R1,WK_248,22,Pettah,22:44:06,22:44:26
R1,WK_248,23,Vadakkekotta,22:46:27,22:46:47
R1,WK_248,24,SN Junction,22:48:05,22:48:25
R1,WK_248,25,Tripunithura,22:50:09,22:50:39
R1,WK_249,1,Aluva,22:05:28,22:15:00
R1,WK_249,2,Pulinchodu,22:17:00,22:17:20
R1,WK_249,3,Companypady,22:18:47,22:19:07
R1,WK_249,4,Ambattukavu,22:20:33,22:20:53
R1,WK_249,5,Muttom,22:22:19,22:22:49
R1,WK_249,6,Kalamassery,22:25:15,22:25:35
R1,WK_249,7,Cochin University,22:27:24,22:27:44
R1,WK_249,8,Pathadipalam,22:29:28,22:29:48
R1,WK_249,9,Edapally,22:31:40,22:32:10
R1,WK_249,10,Changampuzha Park,22:34:02,22:34:22
R1,WK_249,11,Palarivattom,22:35:54,22:36:14
R1,WK_249,12,JLN Stadium,22:37:59,22:38:19
R1,WK_249,13,Kaloor,22:39:48,22:40:08
R1,WK_249,14,Town Hall,22:41:05,22:41:25
R1,WK_249,15,MG Road,22:43:23,22:43:53
R1,WK_249,16,Maharajas College,22:45:33,22:45:53
R1,WK_249,17,Ernakulam South,22:47:46,22:48:16
R1,WK_249,18,Kadavanthra,22:50:19,22:50:39
R1,WK_249,19,Elamkulam,22:52:26,22:52:46
R1,WK_249,20,Vyttila,22:54:48,22:55:08
R1,WK_249,21,Thykoodam,22:56:48,22:57:08
R1,WK_249,22,Pettah,22:59:06,22:59:26
R1,WK_249,23,Vadakkekotta,23:01:27,23:01:47
R1,WK_249,24,SN Junction,23:03:05,23:03:25
R1,WK_249,25,Tripunithura,23:05:09,23:05:09
R1,WK_25,1,Tripunithura,07:19:30,07:20:00
R1,WK_25,2,SN Junction,07:21:49,07:22:09
R1,WK_25,3,Vadakkekotta,07:23:27,07:23:57
R1,WK_25,4,Pettah,07:26:05,07:26:35
R1,WK_25,5,Thykoodam,07:28:28,07:28:58
R1,WK_25,6,Vyttila,07:30:32,07:31:02
R1,WK_25,7,Elamkulam,07:33:08,07:33:38
R1,WK_25,8,Kadavanthra,07:35:19,07:35:49
R1,WK_25,9,Ernakulam South,07:37:59,07:38:29
R1,WK_25,10,Maharajas College,07:40:23,07:40:53
R1,WK_25,11,MG Road,07:42:33,07:43:03
R1,WK_25,12,Town Hall,07:44:50,07:45:20
R1,WK_25,13,Kaloor,07:46:20,07:46:50
R1,WK_25,14,JLN Stadium,07:48:22,07:48:52
R1,WK_25,15,Palarivattom,07:50:31,07:51:01
R1,WK_25,16,Changampuzha Park,07:52:32,07:53:02
R1,WK_25,17,Edapally,07:54:48,07:55:18
R1,WK_25,18,Pathadipalam,07:57:10,07:57:40
R1,WK_25,19,Cochin University,07:59:18,07:59:48
R1,WK_25,20,Kalamassery,08:01:37,08:02:07
R1,WK_25,21,Muttom,08:04:35,08:05:05
R1,WK_25,22,Ambattukavu,08:06:32,08:07:02
R1,WK_25,23,Companypady,08:08:30,08:09:00
R1,WK_25,24,Pulinchodu,08:10:25,08:10:55
R1,WK_25,25,Aluva,08:12:55,08:12:55
R1,WK_250,1,Tripunithura,22:35:28,22:36:58
R1,WK_250,2,SN Junction,22:38:40,22:39:10
R1,WK_250,3,Vadakkekotta,22:40:20,22:40:50
R1,WK_250,4,Pettah,22:42:43,22:43:13
R1,WK_250,5,Thykoodam,22:44:53,22:45:23
R1,WK_250,6,Vyttila,22:46:50,22:47:20
R1,WK_250,7,Elamkulam,22:49:12,22:49:42
R1,WK_250,8,Kadavanthra,22:51:17,22:51:37
R1,WK_250,9,Ernakulam South,22:53:33,22:54:03
R1,WK_250,10,Maharajas College,22:55:46,22:56:16
R1,WK_250,11,MG Road,22:57:45,22:58:15
R1,WK_250,12,Town Hall,22:59:56,23:00:26
R1,WK_250,13,Kaloor,23:01:21,23:01:51
R1,WK_250,14,JLN Stadium,23:03:12,23:03:42
R1,WK_250,15,Palarivattom,23:05:15,23:05:35
R1,WK_250,16,Changampuzha Park,23:06:59,23:07:29
R1,WK_250,17,Edapally,23:09:08,23:09:38
R1,WK_250,18,Pathadipalam,23:11:18,23:11:38
R1,WK_250,19,Cochin University,23:13:10,23:13:40
R1,WK_250,20,Kalamassery,23:15:19,23:15:49
R1,WK_250,21,Muttom,23:17:49,23:17:49
R1,WK_252,1,Aluva,22:19:58,22:30:00
R1,WK_252,2,Pulinchodu,22:32:00,22:32:20
R1,WK_252,3,Companypady,22:33:47,22:34:07
R1,WK_252,4,Ambattukavu,22:35:33,22:35:53
R1,WK_252,5,Muttom,22:37:19,22:37:49
R1,WK_252,6,Kalamassery,22:40:15,22:40:35
R1,WK_252,7,Cochin University,22:42:24,22:42:48
R1,WK_252,8,Pathadipalam,22:44:32,22:45:02
R1,WK_252,9,Edapally,22:46:54,22:47:24
R1,WK_252,10,Changampuzha Park,22:49:16,22:49:36
R1,WK_252,11,Palarivattom,22:51:08,22:51:28
R1,WK_252,12,JLN Stadium,22:53:13,22:53:33
R1,WK_252,13,Kaloor,22:55:02,22:55:37
R1,WK_252,14,Town Hall,22:56:41,22:57:01
R1,WK_252,15,MG Road,22:58:59,22:59:29
R1,WK_252,16,Maharajas College,23:01:09,23:01:29
R1,WK_252,17,Ernakulam South,23:03:22,23:03:52
R1,WK_252,18,Kadavanthra,23:05:55,23:06:15
R1,WK_252,19,Elamkulam,23:08:02,23:08:27
R1,WK_252,20,Vyttila,23:10:44,23:11:04
R1,WK_252,21,Thykoodam,23:12:44,23:13:04
R1,WK_252,22,Pettah,23:15:02,23:15:22
R1,WK_252,23,Vadakkekotta,23:17:23,23:17:43
R1,WK_252,24,SN Junction,23:19:01,23:19:21
R1,WK_252,25,Tripunithura,23:21:24,23:21:24
R1,WK_253,1,Tripunithura,23:21:24,23:22:54
R1,WK_253,2,SN Junction,23:24:36,23:25:06
R1,WK_253,3,Vadakkekotta,23:26:16,23:26:46
R1,WK_253,4,Pettah,23:28:39,23:29:09
R1,WK_253,5,Thykoodam,23:30:49,23:31:19
R1,WK_253,6,Vyttila,23:32:46,23:33:16
R1,WK_253,7,Elamkulam,23:35:08,23:35:38
R1,WK_253,8,Kadavanthra,23:37:13,23:37:33
R1,WK_253,9,Ernakulam South,23:39:29,23:39:59
R1,WK_253,10,Maharajas College,23:41:42,23:42:12
R1,WK_253,11,MG Road,23:43:41,23:44:11
R1,WK_253,12,Town Hall,23:45:52,23:46:22
R1,WK_253,13,Kaloor,23:47:17,23:47:47
R1,WK_253,14,JLN Stadium,23:49:08,23:49:38
R1,WK_253,15,Palarivattom,23:51:11,23:51:31
R1,WK_253,16,Changampuzha Park,23:52:55,23:53:25
R1,WK_253,17,Edapally,23:55:04,23:55:34
R1,WK_253,18,Pathadipalam,23:57:14,23:57:34
R1,WK_253,19,Cochin University,23:59:06,23:59:36
R1,WK_253,20,Kalamassery,24:01:15,24:01:45
R1,WK_253,21,Muttom,24:03:45,24:03:45
R1,WK_254,1,Aluva,22:49:58,22:51:28
R1,WK_254,2,Pulinchodu,22:53:24,22:53:54
R1,WK_254,3,Companypady,22:55:13,22:55:43
R1,WK_254,4,Ambattukavu,22:57:03,22:57:33
R1,WK_254,5,Muttom,22:58:53,22:58:53
R1,WK_255,1,Aluva,22:34:58,22:36:28
R1,WK_255,2,Pulinchodu,22:38:24,22:38:54
R1,WK_255,3,Companypady,22:40:13,22:40:43
R1,WK_255,4,Ambattukavu,22:42:03,22:42:33
R1,WK_255,5,Muttom,22:43:53,22:43:53
R1,WK_256,1,Muttom,05:19:30,05:20:00
R1,WK_256,2,Kalamassery,05:22:26,05:22:56
R1,WK_256,3,Cochin University,05:24:45,05:25:15
R1,WK_256,4,Pathadipalam,05:26:59,05:27:29
R1,WK_256,5,Edapally,05:29:21,05:29:51
R1,WK_256,6,Changampuzha Park,05:31:43,05:32:13
R1,WK_256,7,Palarivattom,05:33:45,05:34:15
R1,WK_256,8,JLN Stadium,05:36:00,05:36:30
R1,WK_256,9,Kaloor,05:37:59,05:38:29
R1,WK_256,10,Town Hall,05:39:26,05:39:56
R1,WK_256,11,MG Road,05:41:54,05:42:24
R1,WK_256,12,Maharajas College,05:44:04,05:44:34
R1,WK_256,13,Ernakulam South,05:46:27,05:46:57
R1,WK_256,14,Kadavanthra,05:49:20,05:49:20
R1,WK_26,1,Aluva,08:12:55,08:17:25
R1,WK_26,2,Pulinchodu,08:19:25,08:19:45
R1,WK_26,3,Companypady,08:21:12,08:21:32
R1,WK_26,4,Ambattukavu,08:22:59,08:23:19
R1,WK_26,5,Muttom,08:24:48,08:25:18
R1,WK_26,6,Kalamassery,08:27:44,08:28:04
R1,WK_26,7,Cochin University,08:29:53,08:30:13
R1,WK_26,8,Pathadipalam,08:31:57,08:32:17
R1,WK_26,9,Edapally,08:34:09,08:34:39
R1,WK_26,10,Changampuzha Park,08:36:31,08:36:51
R1,WK_26,11,Palarivattom,08:38:24,08:38:44
R1,WK_26,12,JLN Stadium,08:40:29,08:40:49
R1,WK_26,13,Kaloor,08:42:19,08:42:39
R1,WK_26,14,Town Hall,08:43:37,08:43:57
R1,WK_26,15,MG Road,08:45:55,08:46:25
R1,WK_26,16,Maharajas College,08:48:05,08:48:25
R1,WK_26,17,Ernakulam South,08:50:22,08:50:52
R1,WK_26,18,Kadavanthra,08:52:59,08:53:19
R1,WK_26,19,Elamkulam,08:55:06,08:55:26
R1,WK_26,20,Vyttila,08:57:28,08:57:48
R1,WK_26,21,Thykoodam,08:59:28,08:59:48
R1,WK_26,22,Pettah,09:01:46,09:02:06
R1,WK_26,23,Vadakkekotta,09:04:11,09:04:31
R1,WK_26,24,SN Junction,09:05:49,09:06:09
R1,WK_26,25,Tripunithura,09:08:12,09:08:12
R1,WK_27,1,Aluva,08:19:58,08:24:25
R1,WK_27,2,Pulinchodu,08:26:25,08:26:45
R1,WK_27,3,Companypady,08:28:12,08:28:32
R1,WK_27,4,Ambattukavu,08:29:59,08:30:19
R1,WK_27,5,Muttom,08:31:48,08:32:18
R1,WK_27,6,Kalamassery,08:34:44,08:35:04
R1,WK_27,7,Cochin University,08:36:53,08:37:13
R1,WK_27,8,Pathadipalam,08:38:57,08:39:17
R1,WK_27,9,Edapally,08:41:09,08:41:39
R1,WK_27,10,Changampuzha Park,08:43:31,08:43:51
R1,WK_27,11,Palarivattom,08:45:24,08:45:44
R1,WK_27,12,JLN Stadium,08:47:29,08:47:49
R1,WK_27,13,Kaloor,08:49:19,08:49:39
R1,WK_27,14,Town Hall,08:50:37,08:50:57
R1,WK_27,15,MG Road,08:52:55,08:53:25
R1,WK_27,16,Maharajas College,08:55:05,08:55:25
R1,WK_27,17,Ernakulam South,08:57:22,08:57:52
R1,WK_27,18,Kadavanthra,08:59:59,09:00:19
R1,WK_27,19,Elamkulam,09:02:06,09:02:26
R1,WK_27,20,Vyttila,09:04:28,09:04:48
R1,WK_27,21,Thykoodam,09:06:28,09:06:48
R1,WK_27,22,Pettah,09:08:46,09:09:06
R1,WK_27,23,Vadakkekotta,09:11:11,09:11:31
R1,WK_27,24,SN Junction,09:12:49,09:13:09
R1,WK_27,25,Tripunithura,09:15:12,09:15:12
R1,WK_28,1,Aluva,08:32:58,08:38:25
R1,WK_28,2,Pulinchodu,08:40:25,08:40:45
R1,WK_28,3,Companypady,08:42:12,08:42:32
R1,WK_28,4,Ambattukavu,08:43:59,08:44:19
R1,WK_28,5,Muttom,08:45:48,08:46:18
R1,WK_28,6,Kalamassery,08:48:44,08:49:04
R1,WK_28,7,Cochin University,08:50:53,08:51:13
R1,WK_28,8,Pathadipalam,08:52:57,08:53:17
R1,WK_28,9,Edapally,08:55:09,08:55:39
R1,WK_28,10,Changampuzha Park,08:57:31,08:57:51
R1,WK_28,11,Palarivattom,08:59:24,08:59:44
R1,WK_28,12,JLN Stadium,09:01:29,09:01:49
R1,WK_28,13,Kaloor,09:03:19,09:03:39
R1,WK_28,14,Town Hall,09:04:37,09:04:57
R1,WK_28,15,MG Road,09:06:55,09:07:25
R1,WK_28,16,Maharajas College,09:09:05,09:09:25
R1,WK_28,17,Ernakulam South,09:11:22,09:11:52
R1,WK_28,18,Kadavanthra,09:13:59,09:14:19
R1,WK_28,19,Elamkulam,09:16:06,09:16:26
R1,WK_28,20,Vyttila,09:18:28,09:18:48
R1,WK_28,21,Thykoodam,09:20:28,09:20:48
R1,WK_28,22,Pettah,09:22:46,09:23:06
R1,WK_28,23,Vadakkekotta,09:25:11,09:25:31
R1,WK_28,24,SN Junction,09:26:49,09:27:09
R1,WK_28,25,Tripunithura,09:29:12,09:29:12
R1,WK_29,1,Tripunithura,07:45:44,07:50:00
R1,WK_29,2,SN Junction,07:51:42,07:52:02
R1,WK_29,3,Vadakkekotta,07:53:20,07:53:40
R1,WK_29,4,Pettah,07:55:48,07:56:08
R1,WK_29,5,Thykoodam,07:58:01,07:58:21
R1,WK_29,6,Vyttila,07:59:55,08:00:15
R1,WK_29,7,Elamkulam,08:02:21,08:02:41
R1,WK_29,8,Kadavanthra,08:04:22,08:04:42
R1,WK_29,9,Ernakulam South,08:06:52,08:07:22
R1,WK_29,10,Maharajas College,08:09:16,08:09:36
R1,WK_29,11,MG Road,08:11:16,08:11:46
R1,WK_29,12,Town Hall,08:13:33,08:13:53
R1,WK_29,13,Kaloor,08:14:53,08:15:13
R1,WK_29,14,JLN Stadium,08:16:45,08:17:05
R1,WK_29,15,Palarivattom,08:18:44,08:19:04
R1,WK_29,16,Changampuzha Park,08:20:35,08:20:55
R1,WK_29,17,Edapally,08:22:41,08:23:11
R1,WK_29,18,Pathadipalam,08:25:03,08:25:23
R1,WK_29,19,Cochin University,08:27:01,08:27:31
R1,WK_29,20,Kalamassery,08:29:20,08:29:40
R1,WK_29,21,Muttom,08:32:08,08:32:38
R1,WK_29,22,Ambattukavu,08:34:05,08:34:25
R1,WK_29,23,Companypady,08:35:53,08:36:13
R1,WK_29,24,Pulinchodu,08:37:38,08:37:58
R1,WK_29,25,Aluva,08:39:58,08:39:58
R1,WK_3,1,Tripunithura,05:49:54,06:00:00
R1,WK_3,2,SN Junction,06:01:32,06:01:59
R1,WK_3,3,Vadakkekotta,06:03:17,06:04:07
R1,WK_3,4,Pettah,06:06:15,06:07:05
R1,WK_3,5,Thykoodam,06:08:58,06:09:48
R1,WK_3,6,Vyttila,06:11:22,06:12:12
R1,WK_3,7,Elamkulam,06:14:18,06:15:08
R1,WK_3,8,Kadavanthra,06:16:49,06:17:49
R1,WK_3,9,Ernakulam South,06:19:59,06:20:54
R1,WK_3,10,Maharajas College,06:22:48,06:23:08
R1,WK_3,11,MG Road,06:24:48,06:25:18
R1,WK_3,12,Town Hall,06:27:05,06:27:45
R1,WK_3,13,Kaloor,06:28:45,06:29:05
R1,WK_3,14,JLN Stadium,06:30:37,06:31:02
R1,WK_3,15,Palarivattom,06:32:41,06:33:06
R1,WK_3,16,Changampuzha Park,06:34:37,06:35:02
R1,WK_3,17,Edapally,06:36:48,06:37:18
R1,WK_3,18,Pathadipalam,06:39:10,06:39:30
R1,WK_3,19,Cochin University,06:41:08,06:41:38
R1,WK_3,20,Kalamassery,06:43:27,06:43:47
R1,WK_3,21,Muttom,06:46:15,06:46:45
R1,WK_3,22,Ambattukavu,06:48:12,06:48:32
R1,WK_3,23,Companypady,06:50:00,06:50:20
R1,WK_3,24,Pulinchodu,06:51:45,06:52:05
R1,WK_3,25,Aluva,06:54:05,06:54:05
R1,WK_30,1,Muttom,07:02:30,07:03:00
R1,WK_30,2,Kalamassery,07:05:26,07:05:46
R1,WK_30,3,Cochin University,07:07:35,07:07:55
R1,WK_30,4,Pathadipalam,07:09:39,07:09:59
R1,WK_30,5,Edapally,07:11:51,07:12:21
R1,WK_30,6,Changampuzha Park,07:14:13,07:14:33
R1,WK_30,7,Palarivattom,07:16:05,07:16:25
R1,WK_30,8,JLN Stadium,07:18:10,07:18:30
R1,WK_30,9,Kaloor,07:19:59,07:20:19
R1,WK_30,10,Town Hall,07:21:16,07:21:36
R1,WK_30,11,MG Road,07:23:34,07:24:04
R1,WK_30,12,Maharajas College,07:25:44,07:26:04
R1,WK_30,13,Ernakulam South,07:27:57,07:28:27
R1,WK_30,14,Kadavanthra,07:30:30,07:31:00
R1,WK_30,15,Elamkulam,07:32:47,07:33:07
R1,WK_30,16,Vyttila,07:35:09,07:35:29
R1,WK_30,17,Thykoodam,07:37:04,07:37:24
R1,WK_30,18,Pettah,07:39:22,07:39:42
R1,WK_30,19,Vadakkekotta,07:41:47,07:42:07
R1,WK_30,20,SN Junction,07:43:21,07:43:41
R1,WK_30,21,Tripunithura,07:45:44,07:45:44
R1,WK_31,1,Aluva,08:39:58,08:45:25
R1,WK_31,2,Pulinchodu,08:47:25,08:47:45
R1,WK_31,3,Companypady,08:49:12,08:49:32
R1,WK_31,4,Ambattukavu,08:50:59,08:51:19
R1,WK_31,5,Muttom,08:52:48,08:53:18
R1,WK_31,6,Kalamassery,08:55:44,08:56:04
R1,WK_31,7,Cochin University,08:57:53,08:58:13
R1,WK_31,8,Pathadipalam,08:59:57,09:00:17
R1,WK_31,9,Edapally,09:02:09,09:02:39
R1,WK_31,10,Changampuzha Park,09:04:31,09:04:51
R1,WK_31,11,Palarivattom,09:06:24,09:06:44
R1,WK_31,12,JLN Stadium,09:08:29,09:08:49
R1,WK_31,13,Kaloor,09:10:19,09:10:39
R1,WK_31,14,Town Hall,09:11:37,09:11:57
R1,WK_31,15,MG Road,09:13:55,09:14:25
R1,WK_31,16,Maharajas College,09:16:05,09:16:25
R1,WK_31,17,Ernakulam South,09:18:22,09:18:52
R1,WK_31,18,Kadavanthra,09:20:59,09:21:19
R1,WK_31,19,Elamkulam,09:23:06,09:23:26
R1,WK_31,20,Vyttila,09:25:28,09:25:48
R1,WK_31,21,Thykoodam,09:27:28,09:27:48
R1,WK_31,22,Pettah,09:29:46,09:30:06
R1,WK_31,23,Vadakkekotta,09:32:11,09:32:31
R1,WK_31,24,SN Junction,09:33:49,09:34:09
R1,WK_31,25,Tripunithura,09:36:12,09:36:12
R1,WK_32,1,Aluva,08:49:45,08:52:25
R1,WK_32,2,Pulinchodu,08:54:25,08:54:45
R1,WK_32,3,Companypady,08:56:12,08:56:32
R1,WK_32,4,Ambattukavu,08:57:59,08:58:19
R1,WK_32,5,Muttom,08:59:48,09:00:18
R1,WK_32,6,Kalamassery,09:02:44,09:03:04
R1,WK_32,7,Cochin University,09:04:53,09:05:13
R1,WK_32,8,Pathadipalam,09:06:57,09:07:17
R1,WK_32,9,Edapally,09:09:09,09:09:39
R1,WK_32,10,Changampuzha Park,09:11:31,09:11:51
R1,WK_32,11,Palarivattom,09:13:24,09:13:44
R1,WK_32,12,JLN Stadium,09:15:29,09:15:49
R1,WK_32,13,Kaloor,09:17:19,09:17:39
R1,WK_32,14,Town Hall,09:18:37,09:18:57
R1,WK_32,15,MG Road,09:20:55,09:21:25
R1,WK_32,16,Maharajas College,09:23:05,09:23:25
R1,WK_32,17,Ernakulam South,09:25:22,09:25:52
R1,WK_32,18,Kadavanthra,09:27:59,09:28:19
R1,WK_32,19,Elamkulam,09:30:06,09:30:26
R1,WK_32,20,Vyttila,09:32:28,09:32:48
R1,WK_32,21,Thykoodam,09:34:28,09:34:48
R1,WK_32,22,Pettah,09:36:46,09:37:06
R1,WK_32,23,Vadakkekotta,09:39:11,09:39:31
R1,WK_32,24,SN Junction,09:40:49,09:41:09
R1,WK_32,25,Tripunithura,09:43:12,09:43:12
R1,WK_33,1,Aluva,07:14:51,07:22:25
R1,WK_33,2,Pulinchodu,07:24:25,07:24:45
R1,WK_33,3,Companypady,07:26:12,07:26:32
R1,WK_33,4,Ambattukavu,07:27:58,07:28:18
R1,WK_33,5,Muttom,07:29:44,07:30:14
R1,WK_33,6,Kalamassery,07:32:40,07:33:10
R1,WK_33,7,Cochin University,07:34:59,07:35:29
R1,WK_33,8,Pathadipalam,07:37:13,07:37:43
R1,WK_33,9,Edapally,07:39:35,07:40:05
R1,WK_33,10,Changampuzha Park,07:41:57,07:42:27
R1,WK_33,11,Palarivattom,07:43:59,07:44:29
R1,WK_33,12,JLN Stadium,07:46:14,07:46:44
R1,WK_33,13,Kaloor,07:48:13,07:48:43
R1,WK_33,14,Town Hall,07:49:40,07:50:10
R1,WK_33,15,MG Road,07:52:08,07:52:38
R1,WK_33,16,Maharajas College,07:54:18,07:54:48
R1,WK_33,17,Ernakulam South,07:56:41,07:57:11
R1,WK_33,18,Kadavanthra,07:59:14,07:59:44
R1,WK_33,19,Elamkulam,08:01:31,08:02:01
R1,WK_33,20,Vyttila,08:04:03,08:04:33
R1,WK_33,21,Thykoodam,08:06:13,08:06:43
R1,WK_33,22,Pettah,08:08:41,08:09:11
R1,WK_33,23,Vadakkekotta,08:11:12,08:11:42
R1,WK_33,24,SN Junction,08:13:00,08:13:30
R1,WK_33,25,Tripunithura,08:15:33,08:15:33
R1,WK_34,1,Muttom,07:06:30,07:07:00
R1,WK_34,2,Ambattukavu,07:08:27,07:08:57
R1,WK_34,3,Companypady,07:10:25,07:10:55
R1,WK_34,4,Pulinchodu,07:12:21,07:12:51
R1,WK_34,5,Aluva,07:14:51,07:14:51
R1,WK_35,1,Tripunithura,08:15:33,08:21:00
R1,WK_35,2,SN Junction,08:22:42,08:23:02
R1,WK_35,3,Vadakkekotta,08:24:20,08:24:40
R1,WK_35,4,Pettah,08:26:48,08:27:08
R1,WK_35,5,Thykoodam,08:29:01,08:29:21
R1,WK_35,6,Vyttila,08:30:59,08:31:19
R1,WK_35,7,Elamkulam,08:33:25,08:33:45
R1,WK_35,8,Kadavanthra,08:35:30,08:35:50
R1,WK_35,9,Ernakulam South,08:38:00,08:38:30
R1,WK_35,10,Maharajas College,08:40:24,08:40:44
R1,WK_35,11,MG Road,08:42:24,08:42:54
R1,WK_35,12,Town Hall,08:44:45,08:45:05
R1,WK_35,13,Kaloor,08:46:05,08:46:25
R1,WK_35,14,JLN Stadium,08:47:57,08:48:17
R1,WK_35,15,Palarivattom,08:50:00,08:50:20
R1,WK_35,16,Changampuzha Park,08:51:51,08:52:11
R1,WK_35,17,Edapally,08:54:03,08:54:33
R1,WK_35,18,Pathadipalam,08:56:25,08:56:45
R1,WK_35,19,Cochin University,08:58:27,08:58:57
R1,WK_35,20,Kalamassery,09:00:46,09:01:06
R1,WK_35,21,Muttom,09:03:34,09:04:04
R1,WK_35,22,Ambattukavu,09:05:31,09:05:51
R1,WK_35,23,Companypady,09:07:19,09:07:39
R1,WK_35,24,Pulinchodu,09:09:05,09:09:25
R1,WK_35,25,Aluva,09:11:25,09:11:25
R1,WK_36,1,Tripunithura,08:23:53,08:28:00
R1,WK_36,2,SN Junction,08:29:42,08:30:02
R1,WK_36,3,Vadakkekotta,08:31:20,08:31:40
R1,WK_36,4,Pettah,08:33:48,08:34:08
R1,WK_36,5,Thykoodam,08:36:01,08:36:21
R1,WK_36,6,Vyttila,08:37:59,08:38:19
R1,WK_36,7,Elamkulam,08:40:25,08:40:45
R1,WK_36,8,Kadavanthra,08:42:30,08:42:50
R1,WK_36,9,Ernakulam South,08:45:00,08:45:30
R1,WK_36,10,Maharajas College,08:47:24,08:47:44
R1,WK_36,11,MG Road,08:49:24,08:49:54
R1,WK_36,12,Town Hall,08:51:45,08:52:05
R1,WK_36,13,Kaloor,08:53:05,08:53:25
R1,WK_36,14,JLN Stadium,08:54:57,08:55:17
R1,WK_36,15,Palarivattom,08:57:00,08:57:20
R1,WK_36,16,Changampuzha Park,08:58:51,08:59:11
R1,WK_36,17,Edapally,09:01:03,09:01:33
R1,WK_36,18,Pathadipalam,09:03:25,09:03:45
R1,WK_36,19,Cochin University,09:05:27,09:05:57
R1,WK_36,20,Kalamassery,09:07:46,09:08:06
R1,WK_36,21,Muttom,09:10:34,09:11:04
R1,WK_36,22,Ambattukavu,09:12:31,09:12:51
R1,WK_36,23,Companypady,09:14:19,09:14:39
R1,WK_36,24,Pulinchodu,09:16:05,09:16:25
R1,WK_36,25,Aluva,09:18:25,09:18:25
R1,WK_37,1,Tripunithura,08:36:13,08:42:00
R1,WK_37,2,SN Junction,08:43:42,08:44:02
R1,WK_37,3,Vadakkekotta,08:45:20,08:45:40
R1,WK_37,4,Pettah,08:47:48,08:48:08
R1,WK_37,5,Thykoodam,08:50:01,08:50:21
R1,WK_37,6,Vyttila,08:51:59,08:52:19
R1,WK_37,7,Elamkulam,08:54:25,08:54:45
R1,WK_37,8,Kadavanthra,08:56:30,08:56:50
R1,WK_37,9,Ernakulam South,08:59:00,08:59:30
R1,WK_37,10,Maharajas College,09:01:24,09:01:44
R1,WK_37,11,MG Road,09:03:24,09:03:54
R1,WK_37,12,Town Hall,09:05:45,09:06:05
R1,WK_37,13,Kaloor,09:07:05,09:07:25
R1,WK_37,14,JLN Stadium,09:08:57,09:09:17
R1,WK_37,15,Palarivattom,09:11:00,09:11:20
R1,WK_37,16,Changampuzha Park,09:12:51,09:13:11
R1,WK_37,17,Edapally,09:15:03,09:15:33
R1,WK_37,18,Pathadipalam,09:17:25,09:17:45
R1,WK_37,19,Cochin University,09:19:27,09:19:57
R1,WK_37,20,Kalamassery,09:21:46,09:22:06
R1,WK_37,21,Muttom,09:24:34,09:25:04
R1,WK_37,22,Ambattukavu,09:26:31,09:26:51
R1,WK_37,23,Companypady,09:28:19,09:28:39
R1,WK_37,24,Pulinchodu,09:30:05,09:30:25
R1,WK_37,25,Aluva,09:32:25,09:32:25
R1,WK_38,1,Aluva,08:57:25,08:59:25
R1,WK_38,2,Pulinchodu,09:01:25,09:01:45
R1,WK_38,3,Companypady,09:03:12,09:03:32
R1,WK_38,4,Ambattukavu,09:04:59,09:05:19
R1,WK_38,5,Muttom,09:06:48,09:07:18
R1,WK_38,6,Kalamassery,09:09:44,09:10:04
R1,WK_38,7,Cochin University,09:11:53,09:12:13
R1,WK_38,8,Pathadipalam,09:13:57,09:14:17
R1,WK_38,9,Edapally,09:16:09,09:16:39
R1,WK_38,10,Changampuzha Park,09:18:31,09:18:51
R1,WK_38,11,Palarivattom,09:20:24,09:20:44
R1,WK_38,12,JLN Stadium,09:22:29,09:22:49
R1,WK_38,13,Kaloor,09:24:19,09:24:39
R1,WK_38,14,Town Hall,09:25:37,09:25:57
R1,WK_38,15,MG Road,09:27:55,09:28:25
R1,WK_38,16,Maharajas College,09:30:05,09:30:25
R1,WK_38,17,Ernakulam South,09:32:22,09:32:52
R1,WK_38,18,Kadavanthra,09:34:59,09:35:19
R1,WK_38,19,Elamkulam,09:37:06,09:37:26
R1,WK_38,20,Vyttila,09:39:28,09:39:48
R1,WK_38,21,Thykoodam,09:41:28,09:41:48
R1,WK_38,22,Pettah,09:43:46,09:44:06
R1,WK_38,23,Vadakkekotta,09:46:11,09:46:31
R1,WK_38,24,SN Junction,09:47:49,09:48:09
R1,WK_38,25,Tripunithura,09:50:12,09:50:12
R1,WK_39,1,Tripunithura,09:50:12,09:52:00
R1,WK_39,2,SN Junction,09:53:42,09:54:02
R1,WK_39,3,Vadakkekotta,09:55:20,09:55:40
R1,WK_39,4,Pettah,09:57:48,09:58:08
R1,WK_39,5,Thykoodam,10:00:01,10:00:21
R1,WK_39,6,Vyttila,10:01:59,10:02:19
R1,WK_39,7,Elamkulam,10:04:25,10:04:45
R1,WK_39,8,Kadavanthra,10:06:30,10:06:50
R1,WK_39,9,Ernakulam South,10:09:00,10:09:30
R1,WK_39,10,Maharajas College,10:11:24,10:11:44
R1,WK_39,11,MG Road,10:13:24,10:13:54
R1,WK_39,12,Town Hall,10:15:45,10:16:05
R1,WK_39,13,Kaloor,10:17:05,10:17:25
R1,WK_39,14,JLN Stadium,10:18:57,10:19:17
R1,WK_39,15,Palarivattom,10:21:00,10:21:20
R1,WK_39,16,Changampuzha Park,10:22:51,10:23:11
R1,WK_39,17,Edapally,10:25:03,10:25:33
R1,WK_39,18,Pathadipalam,10:27:25,10:27:45
R1,WK_39,19,Cochin University,10:29:27,10:29:57
R1,WK_39,20,Kalamassery,10:31:46,10:32:06
R1,WK_39,21,Muttom,10:34:34,10:35:04
R1,WK_39,22,Ambattukavu,10:36:31,10:36:51
R1,WK_39,23,Companypady,10:38:19,10:38:39
R1,WK_39,24,Pulinchodu,10:40:05,10:40:25
R1,WK_39,25,Aluva,10:42:25,10:42:25
R1,WK_4,1,Muttom,04:59:30,05:00:00
R1,WK_4,2,Kalamassery,05:02:26,05:03:16
R1,WK_4,3,Cochin University,05:05:05,05:05:55
R1,WK_4,4,Pathadipalam,05:07:39,05:08:29
R1,WK_4,5,Edapally,05:10:21,05:11:11
R1,WK_4,6,Changampuzha Park,05:13:03,05:13:53
R1,WK_4,7,Palarivattom,05:15:25,05:16:15
R1,WK_4,8,JLN Stadium,05:18:00,05:18:50
R1,WK_4,9,Kaloor,05:20:19,05:21:09
R1,WK_4,10,Town Hall,05:22:06,05:22:56
R1,WK_4,11,MG Road,05:24:54,05:25:44
R1,WK_4,12,Maharajas College,05:27:14,05:28:04
R1,WK_4,13,Ernakulam South,05:29:48,05:30:38
R1,WK_4,14,Kadavanthra,05:32:32,05:33:22
R1,WK_4,15,Elamkulam,05:34:59,05:35:49
R1,WK_4,16,Vyttila,05:37:42,05:38:32
R1,WK_4,17,Thykoodam,05:40:01,05:40:51
R1,WK_4,18,Pettah,05:42:33,05:43:23
R1,WK_4,19,Vadakkekotta,05:45:15,05:46:05
R1,WK_4,20,SN Junction,05:47:15,05:48:05
R1,WK_4,21,Tripunithura,05:49:54,05:49:54
R1,WK_40,1,Tripunithura,08:09:03,08:14:00
R1,WK_40,2,SN Junction,08:15:42,08:16:02
R1,WK_40,3,Vadakkekotta,08:17:20,08:17:40
R1,WK_40,4,Pettah,08:19:48,08:20:08
R1,WK_40,5,Thykoodam,08:22:01,08:22:21
R1,WK_40,6,Vyttila,08:23:59,08:24:19
R1,WK_40,7,Elamkulam,08:26:25,08:26:45
R1,WK_40,8,Kadavanthra,08:28:30,08:28:50
R1,WK_40,9,Ernakulam South,08:31:00,08:31:30
R1,WK_40,10,Maharajas College,08:33:24,08:33:44
R1,WK_40,11,MG Road,08:35:24,08:35:54
R1,WK_40,12,Town Hall,08:37:45,08:38:05
R1,WK_40,13,Kaloor,08:39:05,08:39:25
R1,WK_40,14,JLN Stadium,08:40:57,08:41:17
R1,WK_40,15,Palarivattom,08:43:00,08:43:20
R1,WK_40,16,Changampuzha Park,08:44:51,08:45:11
R1,WK_40,17,Edapally,08:47:03,08:47:33
R1,WK_40,18,Pathadipalam,08:49:25,08:49:45
R1,WK_40,19,Cochin University,08:51:27,08:51:57
R1,WK_40,20,Kalamassery,08:53:46,08:54:06
R1,WK_40,21,Muttom,08:56:34,08:57:04
R1,WK_40,22,Ambattukavu,08:58:31,08:58:51
R1,WK_40,23,Companypady,09:00:19,09:00:39
R1,WK_40,24,Pulinchodu,09:02:05,09:02:25
R1,WK_40,25,Aluva,09:04:25,09:04:25
R1,WK_41,1,Muttom,07:25:49,07:26:19
R1,WK_41,2,Kalamassery,07:28:45,07:29:05
R1,WK_41,3,Cochin University,07:30:54,07:31:14
R1,WK_41,4,Pathadipalam,07:32:58,07:33:18
R1,WK_41,5,Edapally,07:35:10,07:35:40
R1,WK_41,6,Changampuzha Park,07:37:32,07:37:52
R1,WK_41,7,Palarivattom,07:39:24,07:39:44
R1,WK_41,8,JLN Stadium,07:41:29,07:41:49
R1,WK_41,9,Kaloor,07:43:18,07:43:38
R1,WK_41,10,Town Hall,07:44:35,07:44:55
R1,WK_41,11,MG Road,07:46:53,07:47:23
R1,WK_41,12,Maharajas College,07:49:03,07:49:23
R1,WK_41,13,Ernakulam South,07:51:16,07:51:46
R1,WK_41,14,Kadavanthra,07:53:49,07:54:19
R1,WK_41,15,Elamkulam,07:56:06,07:56:26
R1,WK_41,16,Vyttila,07:58:28,07:58:48
R1,WK_41,17,Thykoodam,08:00:23,08:00:43
R1,WK_41,18,Pettah,08:02:41,08:03:01
R1,WK_41,19,Vadakkekotta,08:05:06,08:05:26
R1,WK_41,20,SN Junction,08:06:40,08:07:00
R1,WK_41,21,Tripunithura,08:09:03,08:09:03
R1,WK_42,1,Aluva,09:04:25,09:06:25
R1,WK_42,2,Pulinchodu,09:08:25,09:08:45
R1,WK_42,3,Companypady,09:10:12,09:10:32
R1,WK_42,4,Ambattukavu,09:11:59,09:12:19
R1,WK_42,5,Muttom,09:13:48,09:14:18
R1,WK_42,6,Kalamassery,09:16:44,09:17:04
R1,WK_42,7,Cochin University,09:18:53,09:19:13
R1,WK_42,8,Pathadipalam,09:20:57,09:21:17
R1,WK_42,9,Edapally,09:23:09,09:23:39
R1,WK_42,10,Changampuzha Park,09:25:31,09:25:51
R1,WK_42,11,Palarivattom,09:27:24,09:27:44
R1,WK_42,12,JLN Stadium,09:29:29,09:29:49
R1,WK_42,13,Kaloor,09:31:19,09:31:39
R1,WK_42,14,Town Hall,09:32:37,09:32:57
R1,WK_42,15,MG Road,09:34:55,09:35:25
R1,WK_42,16,Maharajas College,09:37:05,09:37:25
R1,WK_42,17,Ernakulam South,09:39:22,09:39:52
R1,WK_42,18,Kadavanthra,09:41:59,09:42:19
R1,WK_42,19,Elamkulam,09:44:06,09:44:26
R1,WK_42,20,Vyttila,09:46:28,09:46:48
R1,WK_42,21,Thykoodam,09:48:28,09:48:48
R1,WK_42,22,Pettah,09:50:46,09:51:06
R1,WK_42,23,Vadakkekotta,09:53:11,09:53:31
R1,WK_42,24,SN Junction,09:54:49,09:55:09
R1,WK_42,25,Tripunithura,09:57:12,09:57:12
R1,WK_43,1,Tripunithura,09:57:12,09:59:00
R1,WK_43,2,SN Junction,10:00:42,10:01:02
R1,WK_43,3,Vadakkekotta,10:02:20,10:02:40
R1,WK_43,4,Pettah,10:04:48,10:05:08
R1,WK_43,5,Thykoodam,10:07:01,10:07:21
R1,WK_43,6,Vyttila,10:08:59,10:09:19
R1,WK_43,7,Elamkulam,10:11:25,10:11:45
R1,WK_43,8,Kadavanthra,10:13:30,10:13:50
R1,WK_43,9,Ernakulam South,10:16:00,10:16:30
R1,WK_43,10,Maharajas College,10:18:24,10:18:44
R1,WK_43,11,MG Road,10:20:24,10:20:54
R1,WK_43,12,Town Hall,10:22:45,10:23:05
R1,WK_43,13,Kaloor,10:24:05,10:24:25
R1,WK_43,14,JLN Stadium,10:25:57,10:26:17
R1,WK_43,15,Palarivattom,10:28:00,10:28:20
R1,WK_43,16,Changampuzha Park,10:29:51,10:30:11
R1,WK_43,17,Edapally,10:32:03,10:32:33
R1,WK_43,18,Pathadipalam,10:34:25,10:34:45
R1,WK_43,19,Cochin University,10:36:27,10:36:57
R1,WK_43,20,Kalamassery,10:38:46,10:39:06
R1,WK_43,21,Muttom,10:41:34,10:42:04
R1,WK_43,22,Ambattukavu,10:43:31,10:43:51
R1,WK_43,23,Companypady,10:45:19,10:45:39
R1,WK_43,24,Pulinchodu,10:47:05,10:47:25
R1,WK_43,25,Aluva,10:49:25,10:49:25
R1,WK_44,1,Aluva,09:11:25,09:13:25
R1,WK_44,2,Pulinchodu,09:15:25,09:15:45
R1,WK_44,3,Companypady,09:17:12,09:17:32
R1,WK_44,4,Ambattukavu,09:18:59,09:19:19
R1,WK_44,5,Muttom,09:20:48,09:21:18
R1,WK_44,6,Kalamassery,09:23:44,09:24:04
R1,WK_44,7,Cochin University,09:25:53,09:26:13
R1,WK_44,8,Pathadipalam,09:27:57,09:28:17
R1,WK_44,9,Edapally,09:30:09,09:30:39
R1,WK_44,10,Changampuzha Park,09:32:31,09:32:51
R1,WK_44,11,Palarivattom,09:34:24,09:34:44
R1,WK_44,12,JLN Stadium,09:36:29,09:36:49
R1,WK_44,13,Kaloor,09:38:19,09:38:39
R1,WK_44,14,Town Hall,09:39:37,09:39:57
R1,WK_44,15,MG Road,09:41:55,09:42:25
R1,WK_44,16,Maharajas College,09:44:05,09:44:25
R1,WK_44,17,Ernakulam South,09:46:22,09:46:52
R1,WK_44,18,Kadavanthra,09:48:59,09:49:19
R1,WK_44,19,Elamkulam,09:51:06,09:51:26
R1,WK_44,20,Vyttila,09:53:28,09:53:48
R1,WK_44,21,Thykoodam,09:55:28,09:55:48
R1,WK_44,22,Pettah,09:57:46,09:58:06
R1,WK_44,23,Vadakkekotta,10:00:11,10:00:31
R1,WK_44,24,SN Junction,10:01:49,10:02:09
R1,WK_44,25,Tripunithura,10:04:12,10:04:12
R1,WK_45,1,Tripunithura,10:04:12,10:06:00
R1,WK_45,2,SN Junction,10:07:42,10:08:02
R1,WK_45,3,Vadakkekotta,10:09:20,10:09:40
R1,WK_45,4,Pettah,10:11:48,10:12:08
R1,WK_45,5,Thykoodam,10:14:01,10:14:21
R1,WK_45,6,Vyttila,10:15:59,10:16:19
R1,WK_45,7,Elamkulam,10:18:25,10:18:45
R1,WK_45,8,Kadavanthra,10:20:30,10:20:50
R1,WK_45,9,Ernakulam South,10:23:00,10:23:30
R1,WK_45,10,Maharajas College,10:25:24,10:25:44
R1,WK_45,11,MG Road,10:27:24,10:27:54
R1,WK_45,12,Town Hall,10:29:45,10:30:15
R1,WK_45,13,Kaloor,10:31:15,10:31:45
R1,WK_45,14,JLN Stadium,10:33:17,10:33:47
R1,WK_45,15,Palarivattom,10:35:30,10:36:00
R1,WK_45,16,Changampuzha Park,10:37:31,10:38:01
R1,WK_45,17,Edapally,10:39:53,10:40:23
R1,WK_45,18,Pathadipalam,10:42:15,10:42:45
R1,WK_45,19,Cochin University,10:44:27,10:44:57
R1,WK_45,20,Kalamassery,10:46:46,10:47:16
R1,WK_45,21,Muttom,10:49:44,10:50:14
R1,WK_45,22,Ambattukavu,10:51:41,10:52:11
R1,WK_45,23,Companypady,10:53:39,10:54:09
R1,WK_45,24,Pulinchodu,10:55:35,10:56:05
R1,WK_45,25,Aluva,10:58:05,10:58:05
R1,WK_46,1,Aluva,09:18:25,09:20:25
R1,WK_46,2,Pulinchodu,09:22:25,09:22:45
R1,WK_46,3,Companypady,09:24:12,09:24:32
R1,WK_46,4,Ambattukavu,09:25:59,09:26:19
R1,WK_46,5,Muttom,09:27:48,09:28:18
R1,WK_46,6,Kalamassery,09:30:44,09:31:04
R1,WK_46,7,Cochin University,09:32:53,09:33:13
R1,WK_46,8,Pathadipalam,09:34:57,09:35:17
R1,WK_46,9,Edapally,09:37:09,09:37:39
R1,WK_46,10,Changampuzha Park,09:39:31,09:39:51
R1,WK_46,11,Palarivattom,09:41:24,09:41:44
R1,WK_46,12,JLN Stadium,09:43:29,09:43:49
R1,WK_46,13,Kaloor,09:45:19,09:45:39
R1,WK_46,14,Town Hall,09:46:37,09:46:57
R1,WK_46,15,MG Road,09:48:55,09:49:25
R1,WK_46,16,Maharajas College,09:51:05,09:51:25
R1,WK_46,17,Ernakulam South,09:53:22,09:53:52
R1,WK_46,18,Kadavanthra,09:55:59,09:56:19
R1,WK_46,19,Elamkulam,09:58:06,09:58:26
R1,WK_46,20,Vyttila,10:00:28,10:00:48
R1,WK_46,21,Thykoodam,10:02:28,10:02:48
R1,WK_46,22,Pettah,10:04:46,10:05:06
R1,WK_46,23,Vadakkekotta,10:07:11,10:07:31
R1,WK_46,24,SN Junction,10:08:49,10:09:09
R1,WK_46,25,Tripunithura,10:11:12,10:11:12
R1,WK_47,1,Tripunithura,10:11:12,10:13:00
R1,WK_47,2,SN Junction,10:14:42,10:15:02
R1,WK_47,3,Vadakkekotta,10:16:20,10:16:40
R1,WK_47,4,Pettah,10:18:48,10:19:08
R1,WK_47,5,Thykoodam,10:21:01,10:21:31
R1,WK_47,6,Vyttila,10:23:09,10:23:39
R1,WK_47,7,Elamkulam,10:25:45,10:26:15
R1,WK_47,8,Kadavanthra,10:28:00,10:28:30
R1,WK_47,9,Ernakulam South,10:30:40,10:31:10
R1,WK_47,10,Maharajas College,10:33:04,10:33:34
R1,WK_47,11,MG Road,10:35:14,10:35:44
R1,WK_47,12,Town Hall,10:37:35,10:38:05
R1,WK_47,13,Kaloor,10:39:05,10:39:35
R1,WK_47,14,JLN Stadium,10:41:07,10:41:37
R1,WK_47,15,Palarivattom,10:43:20,10:43:50
R1,WK_47,16,Changampuzha Park,10:45:21,10:45:51
R1,WK_47,17,Edapally,10:47:43,10:48:13
R1,WK_47,18,Pathadipalam,10:50:05,10:50:35
R1,WK_47,19,Cochin University,10:52:17,10:52:47
R1,WK_47,20,Kalamassery,10:54:36,10:55:06
R1,WK_47,21,Muttom,10:57:34,10:58:04
R1,WK_47,22,Ambattukavu,10:59:31,11:00:01
R1,WK_47,23,Companypady,11:01:29,11:01:59
R1,WK_47,24,Pulinchodu,11:03:25,11:03:55
R1,WK_47,25,Aluva,11:05:55,11:05:55
R1,WK_48,1,Tripunithura,08:30:44,08:35:00
R1,WK_48,2,SN Junction,08:36:42,08:37:02
R1,WK_48,3,Vadakkekotta,08:38:20,08:38:40
R1,WK_48,4,Pettah,08:40:48,08:41:08
R1,WK_48,5,Thykoodam,08:43:01,08:43:21
R1,WK_48,6,Vyttila,08:44:59,08:45:19
R1,WK_48,7,Elamkulam,08:47:25,08:47:45
R1,WK_48,8,Kadavanthra,08:49:30,08:49:50
R1,WK_48,9,Ernakulam South,08:52:00,08:52:30
R1,WK_48,10,Maharajas College,08:54:24,08:54:44
R1,WK_48,11,MG Road,08:56:24,08:56:54
R1,WK_48,12,Town Hall,08:58:45,08:59:05
R1,WK_48,13,Kaloor,09:00:05,09:00:25
R1,WK_48,14,JLN Stadium,09:01:57,09:02:17
R1,WK_48,15,Palarivattom,09:04:00,09:04:20
R1,WK_48,16,Changampuzha Park,09:05:51,09:06:11
R1,WK_48,17,Edapally,09:08:03,09:08:33
R1,WK_48,18,Pathadipalam,09:10:25,09:10:45
R1,WK_48,19,Cochin University,09:12:27,09:12:57
R1,WK_48,20,Kalamassery,09:14:46,09:15:06
R1,WK_48,21,Muttom,09:17:34,09:18:04
R1,WK_48,22,Ambattukavu,09:19:31,09:19:51
R1,WK_48,23,Companypady,09:21:19,09:21:39
R1,WK_48,24,Pulinchodu,09:23:05,09:23:25
R1,WK_48,25,Aluva,09:25:25,09:25:25
R1,WK_49,1,Muttom,07:47:30,07:48:00
R1,WK_49,2,Kalamassery,07:50:26,07:50:46
R1,WK_49,3,Cochin University,07:52:35,07:52:55
R1,WK_49,4,Pathadipalam,07:54:39,07:54:59
R1,WK_49,5,Edapally,07:56:51,07:57:21
R1,WK_49,6,Changampuzha Park,07:59:13,07:59:33
R1,WK_49,7,Palarivattom,08:01:05,08:01:25
R1,WK_49,8,JLN Stadium,08:03:10,08:03:30
R1,WK_49,9,Kaloor,08:04:59,08:05:19
R1,WK_49,10,Town Hall,08:06:16,08:06:36
R1,WK_49,11,MG Road,08:08:34,08:09:04
R1,WK_49,12,Maharajas College,08:10:44,08:11:04
R1,WK_49,13,Ernakulam South,08:12:57,08:13:27
R1,WK_49,14,Kadavanthra,08:15:30,08:16:00
R1,WK_49,15,Elamkulam,08:17:47,08:18:07
R1,WK_49,16,Vyttila,08:20:09,08:20:29
R1,WK_49,17,Thykoodam,08:22:04,08:22:24
R1,WK_49,18,Pettah,08:24:22,08:24:42
R1,WK_49,19,Vadakkekotta,08:26:47,08:27:07
R1,WK_49,20,SN Junction,08:28:21,08:28:41
R1,WK_49,21,Tripunithura,08:30:44,08:30:44
R1,WK_5,1,Aluva,06:54:05,07:00:25
R1,WK_5,2,Pulinchodu,07:02:25,07:02:55
R1,WK_5,3,Companypady,07:04:22,07:04:52
R1,WK_5,4,Ambattukavu,07:06:18,07:06:48
R1,WK_5,5,Muttom,07:08:14,07:08:44
R1,WK_5,6,Kalamassery,07:11:10,07:11:40
R1,WK_5,7,Cochin University,07:13:29,07:13:59
R1,WK_5,8,Pathadipalam,07:15:43,07:16:13
R1,WK_5,9,Edapally,07:18:05,07:18:35
R1,WK_5,10,Changampuzha Park,07:20:27,07:20:57
R1,WK_5,11,Palarivattom,07:22:29,07:22:59
R1,WK_5,12,JLN Stadium,07:24:44,07:25:14
R1,WK_5,13,Kaloor,07:26:43,07:27:13
R1,WK_5,14,Town Hall,07:28:10,07:28:40
R1,WK_5,15,MG Road,07:30:38,07:31:08
R1,WK_5,16,Maharajas College,07:32:48,07:33:18
R1,WK_5,17,Ernakulam South,07:35:11,07:35:41
R1,WK_5,18,Kadavanthra,07:37:44,07:38:14
R1,WK_5,19,Elamkulam,07:40:01,07:40:31
R1,WK_5,20,Vyttila,07:42:33,07:43:03
R1,WK_5,21,Thykoodam,07:44:43,07:45:13
R1,WK_5,22,Pettah,07:47:11,07:47:41
R1,WK_5,23,Vadakkekotta,07:49:42,07:50:12
R1,WK_5,24,SN Junction,07:51:30,07:52:00
R1,WK_5,25,Tripunithura,07:54:03,07:54:03
R1,WK_50,1,Aluva,09:25:25,09:27:25
R1,WK_50,2,Pulinchodu,09:29:25,09:29:45
R1,WK_50,3,Companypady,09:31:12,09:31:32
R1,WK_50,4,Ambattukavu,09:32:59,09:33:19
R1,WK_50,5,Muttom,09:34:48,09:35:18
R1,WK_50,6,Kalamassery,09:37:44,09:38:04
R1,WK_50,7,Cochin University,09:39:53,09:40:13
R1,WK_50,8,Pathadipalam,09:41:57,09:42:17
R1,WK_50,9,Edapally,09:44:09,09:44:39
R1,WK_50,10,Changampuzha Park,09:46:31,09:46:51
R1,WK_50,11,Palarivattom,09:48:24,09:48:44
R1,WK_50,12,JLN Stadium,09:50:29,09:50:49
R1,WK_50,13,Kaloor,09:52:19,09:52:39
R1,WK_50,14,Town Hall,09:53:37,09:53:57
R1,WK_50,15,MG Road,09:55:55,09:56:25
R1,WK_50,16,Maharajas College,09:58:05,09:58:25
R1,WK_50,17,Ernakulam South,10:00:22,10:00:52
R1,WK_50,18,Kadavanthra,10:02:59,10:03:19
R1,WK_50,19,Elamkulam,10:05:06,10:05:26
R1,WK_50,20,Vyttila,10:07:28,10:07:48
R1,WK_50,21,Thykoodam,10:09:28,10:09:48
R1,WK_50,22,Pettah,10:11:46,10:12:06
R1,WK_50,23,Vadakkekotta,10:14:11,10:14:31
R1,WK_50,24,SN Junction,10:15:49,10:16:09
R1,WK_50,25,Tripunithura,10:18:12,10:18:12
R1,WK_51,1,Tripunithura,10:18:12,10:20:00
R1,WK_51,2,SN Junction,10:21:42,10:22:12
R1,WK_51,3,Vadakkekotta,10:23:30,10:24:00
R1,WK_51,4,Pettah,10:26:08,10:26:38
R1,WK_51,5,Thykoodam,10:28:31,10:29:01
R1,WK_51,6,Vyttila,10:30:39,10:31:09
R1,WK_51,7,Elamkulam,10:33:15,10:33:45
R1,WK_51,8,Kadavanthra,10:35:30,10:36:00
R1,WK_51,9,Ernakulam South,10:38:10,10:38:40
R1,WK_51,10,Maharajas College,10:40:34,10:41:04
R1,WK_51,11,MG Road,10:42:44,10:43:14
R1,WK_51,12,Town Hall,10:45:05,10:45:25
R1,WK_51,13,Kaloor,10:46:25,10:46:45
R1,WK_51,14,JLN Stadium,10:48:17,10:48:37
R1,WK_51,15,Palarivattom,10:50:20,10:50:40
R1,WK_51,16,Changampuzha Park,10:52:11,10:52:31
R1,WK_51,17,Edapally,10:54:23,10:54:53
R1,WK_51,18,Pathadipalam,10:56:45,10:57:05
R1,WK_51,19,Cochin University,10:58:47,10:59:17
R1,WK_51,20,Kalamassery,11:01:06,11:01:26
R1,WK_51,21,Muttom,11:03:54,11:04:24
R1,WK_51,22,Ambattukavu,11:05:51,11:06:11
R1,WK_51,23,Companypady,11:07:39,11:07:59
R1,WK_51,24,Pulinchodu,11:09:25,11:09:45
R1,WK_51,25,Aluva,11:11:45,11:11:45
R1,WK_52,1,Aluva,09:32:25,09:34:25
R1,WK_52,2,Pulinchodu,09:36:25,09:36:45
R1,WK_52,3,Companypady,09:38:12,09:38:32
R1,WK_52,4,Ambattukavu,09:39:59,09:40:19
R1,WK_52,5,Muttom,09:41:48,09:42:18
R1,WK_52,6,Kalamassery,09:44:44,09:45:04
R1,WK_52,7,Cochin University,09:46:53,09:47:13
R1,WK_52,8,Pathadipalam,09:48:57,09:49:17
R1,WK_52,9,Edapally,09:51:09,09:51:39
R1,WK_52,10,Changampuzha Park,09:53:31,09:53:51
R1,WK_52,11,Palarivattom,09:55:24,09:55:44
R1,WK_52,12,JLN Stadium,09:57:29,09:57:49
R1,WK_52,13,Kaloor,09:59:19,09:59:39
R1,WK_52,14,Town Hall,10:00:37,10:00:57
R1,WK_52,15,MG Road,10:02:55,10:03:25
R1,WK_52,16,Maharajas College,10:05:05,10:05:25
R1,WK_52,17,Ernakulam South,10:07:22,10:07:52
R1,WK_52,18,Kadavanthra,10:09:59,10:10:19
R1,WK_52,19,Elamkulam,10:12:06,10:12:26
R1,WK_52,20,Vyttila,10:14:28,10:14:48
R1,WK_52,21,Thykoodam,10:16:28,10:16:48
R1,WK_52,22,Pettah,10:18:46,10:19:06
R1,WK_52,23,Vadakkekotta,10:21:11,10:21:31
R1,WK_52,24,SN Junction,10:22:49,10:23:09
R1,WK_52,25,Tripunithura,10:25:12,10:25:12
R1,WK_53,1,Tripunithura,10:25:12,10:27:00
R1,WK_53,2,SN Junction,10:28:42,10:29:02
R1,WK_53,3,Vadakkekotta,10:30:20,10:30:40
R1,WK_53,4,Pettah,10:32:48,10:33:08
R1,WK_53,5,Thykoodam,10:35:01,10:35:21
R1,WK_53,6,Vyttila,10:36:59,10:37:19
R1,WK_53,7,Elamkulam,10:39:25,10:39:45
R1,WK_53,8,Kadavanthra,10:41:30,10:41:50
R1,WK_53,9,Ernakulam South,10:44:00,10:44:30
R1,WK_53,10,Maharajas College,10:46:24,10:46:44
R1,WK_53,11,MG Road,10:48:24,10:48:54
R1,WK_53,12,Town Hall,10:50:45,10:51:05
R1,WK_53,13,Kaloor,10:52:05,10:52:25
R1,WK_53,14,JLN Stadium,10:53:57,10:54:17
R1,WK_53,15,Palarivattom,10:56:00,10:56:20
R1,WK_53,16,Changampuzha Park,10:57:51,10:58:11
R1,WK_53,17,Edapally,11:00:03,11:00:33
R1,WK_53,18,Pathadipalam,11:02:25,11:02:45
R1,WK_53,19,Cochin University,11:04:27,11:04:57
R1,WK_53,20,Kalamassery,11:06:46,11:07:06
R1,WK_53,21,Muttom,11:09:34,11:10:04
R1,WK_53,22,Ambattukavu,11:11:31,11:11:51
R1,WK_53,23,Companypady,11:13:19,11:13:39
R1,WK_53,24,Pulinchodu,11:15:05,11:15:25
R1,WK_53,25,Aluva,11:17:25,11:17:25
R1,WK_54,1,Tripunithura,08:47:12,08:49:00
R1,WK_54,2,SN Junction,08:50:42,08:51:02
R1,WK_54,3,Vadakkekotta,08:52:20,08:52:40
R1,WK_54,4,Pettah,08:54:48,08:55:08
R1,WK_54,5,Thykoodam,08:57:01,08:57:21
R1,WK_54,6,Vyttila,08:58:59,08:59:19
R1,WK_54,7,Elamkulam,09:01:25,09:01:45
R1,WK_54,8,Kadavanthra,09:03:30,09:03:50
R1,WK_54,9,Ernakulam South,09:06:00,09:06:30
R1,WK_54,10,Maharajas College,09:08:24,09:08:44
R1,WK_54,11,MG Road,09:10:24,09:10:54
R1,WK_54,12,Town Hall,09:12:45,09:13:05
R1,WK_54,13,Kaloor,09:14:05,09:14:25
R1,WK_54,14,JLN Stadium,09:15:57,09:16:17
R1,WK_54,15,Palarivattom,09:18:00,09:18:20
R1,WK_54,16,Changampuzha Park,09:19:51,09:20:11
R1,WK_54,17,Edapally,09:22:03,09:22:33
R1,WK_54,18,Pathadipalam,09:24:25,09:24:45
R1,WK_54,19,Cochin University,09:26:27,09:26:57
R1,WK_54,20,Kalamassery,09:28:46,09:29:06
R1,WK_54,21,Muttom,09:31:34,09:32:04
R1,WK_54,22,Ambattukavu,09:33:31,09:33:51
R1,WK_54,23,Companypady,09:35:19,09:35:39
R1,WK_54,24,Pulinchodu,09:37:05,09:37:25
R1,WK_54,25,Aluva,09:39:25,09:39:25
R1,WK_55,1,Aluva,09:39:25,09:41:25
R1,WK_55,2,Pulinchodu,09:43:25,09:43:45
R1,WK_55,3,Companypady,09:45:12,09:45:32
R1,WK_55,4,Ambattukavu,09:46:59,09:47:19
R1,WK_55,5,Muttom,09:48:48,09:49:18
R1,WK_55,6,Kalamassery,09:51:44,09:52:04
R1,WK_55,7,Cochin University,09:53:53,09:54:13
R1,WK_55,8,Pathadipalam,09:55:57,09:56:17
R1,WK_55,9,Edapally,09:58:09,09:58:37
R1,WK_55,10,Changampuzha Park,10:00:29,10:00:49
R1,WK_55,11,Palarivattom,10:02:22,10:02:42
R1,WK_55,12,JLN Stadium,10:04:27,10:04:47
R1,WK_55,13,Kaloor,10:06:17,10:06:37
R1,WK_55,14,Town Hall,10:07:34,10:07:54
R1,WK_55,15,MG Road,10:09:45,10:10:15
R1,WK_55,16,Maharajas College,10:11:51,10:12:11
R1,WK_55,17,Ernakulam South,10:14:04,10:14:34
R1,WK_55,18,Kadavanthra,10:16:37,10:16:57
R1,WK_55,19,Elamkulam,10:18:42,10:19:02
R1,WK_55,20,Vyttila,10:21:04,10:21:24
R1,WK_55,21,Thykoodam,10:22:59,10:23:19
R1,WK_55,22,Pettah,10:25:10,10:25:30
R1,WK_55,23,Vadakkekotta,10:27:31,10:27:51
R1,WK_55,24,SN Junction,10:29:03,10:29:23
R1,WK_55,25,Tripunithura,10:31:22,10:31:22
R1,WK_56,1,Tripunithura,10:31:22,10:33:00
R1,WK_56,2,SN Junction,10:34:42,10:35:02
R1,WK_56,3,Vadakkekotta,10:36:20,10:36:40
R1,WK_56,4,Pettah,10:38:48,10:39:08
R1,WK_56,5,Thykoodam,10:41:01,10:41:21
R1,WK_56,6,Vyttila,10:42:55,10:43:15
R1,WK_56,7,Elamkulam,10:45:21,10:45:41
R1,WK_56,8,Kadavanthra,10:47:22,10:47:42
R1,WK_56,9,Ernakulam South,10:49:52,10:50:22
R1,WK_56,10,Maharajas College,10:52:16,10:52:36
R1,WK_56,11,MG Road,10:54:16,10:54:46
R1,WK_56,12,Town Hall,10:56:33,10:56:53
R1,WK_56,13,Kaloor,10:57:53,10:58:13
R1,WK_56,14,JLN Stadium,10:59:45,11:00:05
R1,WK_56,15,Palarivattom,11:01:44,11:02:04
R1,WK_56,16,Changampuzha Park,11:03:35,11:03:55
R1,WK_56,17,Edapally,11:05:41,11:06:11
R1,WK_56,18,Pathadipalam,11:08:03,11:08:23
R1,WK_56,19,Cochin University,11:10:01,11:10:31
R1,WK_56,20,Kalamassery,11:12:20,11:12:40
R1,WK_56,21,Muttom,11:15:08,11:15:38
R1,WK_56,22,Ambattukavu,11:17:05,11:17:25
R1,WK_56,23,Companypady,11:18:53,11:19:13
R1,WK_56,24,Pulinchodu,11:20:38,11:20:58
R1,WK_56,25,Aluva,11:22:58,11:22:58
R1,WK_57,1,Tripunithura,08:54:12,08:56:00
R1,WK_57,2,SN Junction,08:57:42,08:58:02
R1,WK_57,3,Vadakkekotta,08:59:20,08:59:40
R1,WK_57,4,Pettah,09:01:48,09:02:08
R1,WK_57,5,Thykoodam,09:04:01,09:04:21
R1,WK_57,6,Vyttila,09:05:59,09:06:19
R1,WK_57,7,Elamkulam,09:08:25,09:08:45
R1,WK_57,8,Kadavanthra,09:10:30,09:10:50
R1,WK_57,9,Ernakulam South,09:13:00,09:13:30
R1,WK_57,10,Maharajas College,09:15:24,09:15:44
R1,WK_57,11,MG Road,09:17:24,09:17:54
R1,WK_57,12,Town Hall,09:19:45,09:20:05
R1,WK_57,13,Kaloor,09:21:05,09:21:25
R1,WK_57,14,JLN Stadium,09:22:57,09:23:17
R1,WK_57,15,Palarivattom,09:25:00,09:25:20
R1,WK_57,16,Changampuzha Park,09:26:51,09:27:11
R1,WK_57,17,Edapally,09:29:03,09:29:33
R1,WK_57,18,Pathadipalam,09:31:25,09:31:45
R1,WK_57,19,Cochin University,09:33:27,09:33:57
R1,WK_57,20,Kalamassery,09:35:46,09:36:06
R1,WK_57,21,Muttom,09:38:34,09:39:04
R1,WK_57,22,Ambattukavu,09:40:31,09:40:51
R1,WK_57,23,Companypady,09:42:19,09:42:39
R1,WK_57,24,Pulinchodu,09:44:05,09:44:25
R1,WK_57,25,Aluva,09:46:25,09:46:25
R1,WK_58,1,Aluva,09:46:25,09:48:25
R1,WK_58,2,Pulinchodu,09:50:25,09:50:45
R1,WK_58,3,Companypady,09:52:12,09:52:32
R1,WK_58,4,Ambattukavu,09:53:59,09:54:19
R1,WK_58,5,Muttom,09:55:48,09:56:18
R1,WK_58,6,Kalamassery,09:58:44,09:59:04
R1,WK_58,7,Cochin University,10:00:53,10:01:13
R1,WK_58,8,Pathadipalam,10:02:57,10:03:17
R1,WK_58,9,Edapally,10:05:09,10:05:39
R1,WK_58,10,Changampuzha Park,10:07:31,10:07:51
R1,WK_58,11,Palarivattom,10:09:24,10:09:44
R1,WK_58,12,JLN Stadium,10:11:29,10:11:49
R1,WK_58,13,Kaloor,10:13:19,10:13:39
R1,WK_58,14,Town Hall,10:14:37,10:14:57
R1,WK_58,15,MG Road,10:16:55,10:17:25
R1,WK_58,16,Maharajas College,10:19:05,10:19:25
R1,WK_58,17,Ernakulam South,10:21:22,10:21:52
R1,WK_58,18,Kadavanthra,10:23:59,10:24:19
R1,WK_58,19,Elamkulam,10:26:06,10:26:26
R1,WK_58,20,Vyttila,10:28:28,10:28:48
R1,WK_58,21,Thykoodam,10:30:28,10:30:48
R1,WK_58,22,Pettah,10:32:46,10:33:06
R1,WK_58,23,Vadakkekotta,10:35:11,10:35:31
R1,WK_58,24,SN Junction,10:36:49,10:37:09
R1,WK_58,25,Tripunithura,10:39:12,10:39:12
R1,WK_59,1,Tripunithura,10:39:12,10:41:30
R1,WK_59,2,SN Junction,10:43:12,10:43:32
R1,WK_59,3,Vadakkekotta,10:44:50,10:45:10
R1,WK_59,4,Pettah,10:47:18,10:47:38
R1,WK_59,5,Thykoodam,10:49:31,10:49:51
R1,WK_59,6,Vyttila,10:51:25,10:51:45
R1,WK_59,7,Elamkulam,10:53:51,10:54:11
R1,WK_59,8,Kadavanthra,10:55:52,10:56:12
R1,WK_59,9,Ernakulam South,10:58:22,10:58:52
R1,WK_59,10,Maharajas College,11:00:46,11:01:06
R1,WK_59,11,MG Road,11:02:46,11:03:16
R1,WK_59,12,Town Hall,11:05:03,11:05:23
R1,WK_59,13,Kaloor,11:06:23,11:06:43
R1,WK_59,14,JLN Stadium,11:08:15,11:08:35
R1,WK_59,15,Palarivattom,11:10:14,11:10:34
R1,WK_59,16,Changampuzha Park,11:12:05,11:12:25
R1,WK_59,17,Edapally,11:14:11,11:14:41
R1,WK_59,18,Pathadipalam,11:16:33,11:16:53
R1,WK_59,19,Cochin University,11:18:31,11:19:01
R1,WK_59,20,Kalamassery,11:20:50,11:21:10
R1,WK_59,21,Muttom,11:23:38,11:24:08
R1,WK_59,22,Ambattukavu,11:25:35,11:25:55
R1,WK_59,23,Companypady,11:27:23,11:27:43
R1,WK_59,24,Pulinchodu,11:29:08,11:29:28
R1,WK_59,25,Aluva,11:31:28,11:31:28
R1,WK_6,1,Aluva,06:14:30,06:15:00
R1,WK_6,2,Pulinchodu,06:17:00,06:17:20
R1,WK_6,3,Companypady,06:18:47,06:19:07
R1,WK_6,4,Ambattukavu,06:20:33,06:20:53
R1,WK_6,5,Muttom,06:22:19,06:22:49
R1,WK_6,6,Kalamassery,06:25:15,06:25:35
R1,WK_6,7,Cochin University,06:27:24,06:27:44
R1,WK_6,8,Pathadipalam,06:29:28,06:29:48
R1,WK_6,9,Edapally,06:31:40,06:32:10
R1,WK_6,10,Changampuzha Park,06:34:02,06:34:22
R1,WK_6,11,Palarivattom,06:35:54,06:36:14
R1,WK_6,12,JLN Stadium,06:37:59,06:38:19
R1,WK_6,13,Kaloor,06:39:48,06:40:08
R1,WK_6,14,Town Hall,06:41:05,06:41:25
R1,WK_6,15,MG Road,06:43:23,06:43:53
R1,WK_6,16,Maharajas College,06:45:33,06:45:53
R1,WK_6,17,Ernakulam South,06:47:46,06:48:16
R1,WK_6,18,Kadavanthra,06:50:19,06:50:39
R1,WK_6,19,Elamkulam,06:52:26,06:52:46
R1,WK_6,20,Vyttila,06:54:48,06:55:08
R1,WK_6,21,Thykoodam,06:56:48,06:57:08
R1,WK_6,22,Pettah,06:59:06,06:59:26
R1,WK_6,23,Vadakkekotta,07:01:27,07:01:47
R1,WK_6,24,SN Junction,07:03:05,07:03:25
R1,WK_6,25,Tripunithura,07:05:28,07:05:28
R1,WK_60,1,Tripunithura,09:01:12,09:03:00
R1,WK_60,2,SN Junction,09:04:42,09:05:02
R1,WK_60,3,Vadakkekotta,09:06:20,09:06:40
R1,WK_60,4,Pettah,09:08:48,09:09:08
R1,WK_60,5,Thykoodam,09:11:01,09:11:21
R1,WK_60,6,Vyttila,09:12:59,09:13:19
R1,WK_60,7,Elamkulam,09:15:25,09:15:45
R1,WK_60,8,Kadavanthra,09:17:30,09:17:50
R1,WK_60,9,Ernakulam South,09:20:00,09:20:30
R1,WK_60,10,Maharajas College,09:22:24,09:22:44
R1,WK_60,11,MG Road,09:24:24,09:24:54
R1,WK_60,12,Town Hall,09:26:45,09:27:05
R1,WK_60,13,Kaloor,09:28:05,09:28:25
R1,WK_60,14,JLN Stadium,09:29:57,09:30:17
R1,WK_60,15,Palarivattom,09:32:00,09:32:20
R1,WK_60,16,Changampuzha Park,09:33:51,09:34:11
R1,WK_60,17,Edapally,09:36:03,09:36:33
R1,WK_60,18,Pathadipalam,09:38:25,09:38:45
R1,WK_60,19,Cochin University,09:40:27,09:40:57
R1,WK_60,20,Kalamassery,09:42:46,09:43:06
R1,WK_60,21,Muttom,09:45:34,09:46:04
R1,WK_60,22,Ambattukavu,09:47:31,09:47:51
R1,WK_60,23,Companypady,09:49:19,09:49:39
R1,WK_60,24,Pulinchodu,09:51:05,09:51:25
R1,WK_60,25,Aluva,09:53:25,09:53:25
R1,WK_61,1,Aluva,08:07:51,08:10:25
R1,WK_61,2,Pulinchodu,08:12:25,08:12:45
R1,WK_61,3,Companypady,08:14:12,08:14:32
R1,WK_61,4,Ambattukavu,08:15:59,08:16:19
R1,WK_61,5,Muttom,08:17:48,08:18:18
R1,WK_61,6,Kalamassery,08:20:44,08:21:04
R1,WK_61,7,Cochin University,08:22:53,08:23:13
R1,WK_61,8,Pathadipalam,08:24:57,08:25:17
R1,WK_61,9,Edapally,08:27:09,08:27:39
R1,WK_61,10,Changampuzha Park,08:29:31,08:29:51
R1,WK_61,11,Palarivattom,08:31:24,08:31:44
R1,WK_61,12,JLN Stadium,08:33:29,08:33:49
R1,WK_61,13,Kaloor,08:35:19,08:35:39
R1,WK_61,14,Town Hall,08:36:37,08:36:57
R1,WK_61,15,MG Road,08:38:55,08:39:25
R1,WK_61,16,Maharajas College,08:41:05,08:41:25
R1,WK_61,17,Ernakulam South,08:43:22,08:43:52
R1,WK_61,18,Kadavanthra,08:45:59,08:46:19
R1,WK_61,19,Elamkulam,08:48:06,08:48:26
R1,WK_61,20,Vyttila,08:50:28,08:50:48
R1,WK_61,21,Thykoodam,08:52:28,08:52:48
R1,WK_61,22,Pettah,08:54:46,08:55:06
R1,WK_61,23,Vadakkekotta,08:57:11,08:57:31
R1,WK_61,24,SN Junction,08:58:49,08:59:09
R1,WK_61,25,Tripunithura,09:01:12,09:01:12
R1,WK_62,1,Aluva,09:53:25,09:55:25
R1,WK_62,2,Pulinchodu,09:57:25,09:57:45
R1,WK_62,3,Companypady,09:59:12,09:59:32
R1,WK_62,4,Ambattukavu,10:00:59,10:01:19
R1,WK_62,5,Muttom,10:02:48,10:03:18
R1,WK_62,6,Kalamassery,10:05:44,10:06:04
R1,WK_62,7,Cochin University,10:07:53,10:08:13
R1,WK_62,8,Pathadipalam,10:09:57,10:10:17
R1,WK_62,9,Edapally,10:12:09,10:12:39
R1,WK_62,10,Changampuzha Park,10:14:31,10:14:51
R1,WK_62,11,Palarivattom,10:16:24,10:16:44
R1,WK_62,12,JLN Stadium,10:18:29,10:18:49
R1,WK_62,13,Kaloor,10:20:19,10:20:39
R1,WK_62,14,Town Hall,10:21:37,10:21:57
R1,WK_62,15,MG Road,10:23:55,10:24:25
R1,WK_62,16,Maharajas College,10:26:05,10:26:25
R1,WK_62,17,Ernakulam South,10:28:22,10:28:52
R1,WK_62,18,Kadavanthra,10:30:59,10:31:19
R1,WK_62,19,Elamkulam,10:33:06,10:33:26
R1,WK_62,20,Vyttila,10:35:28,10:35:48
R1,WK_62,21,Thykoodam,10:37:28,10:37:48
R1,WK_62,22,Pettah,10:39:46,10:40:06
R1,WK_62,23,Vadakkekotta,10:42:11,10:42:31
R1,WK_62,24,SN Junction,10:43:49,10:44:09
R1,WK_62,25,Tripunithura,10:46:12,10:46:12
R1,WK_63,1,Tripunithura,10:46:12,10:50:00
R1,WK_63,2,SN Junction,10:51:42,10:52:02
R1,WK_63,3,Vadakkekotta,10:53:20,10:53:40
R1,WK_63,4,Pettah,10:55:48,10:56:08
R1,WK_63,5,Thykoodam,10:58:01,10:58:21
R1,WK_63,6,Vyttila,10:59:55,11:00:15
R1,WK_63,7,Elamkulam,11:02:21,11:02:41
R1,WK_63,8,Kadavanthra,11:04:22,11:04:42
R1,WK_63,9,Ernakulam South,11:06:52,11:07:22
R1,WK_63,10,Maharajas College,11:09:16,11:09:36
R1,WK_63,11,MG Road,11:11:16,11:11:46
R1,WK_63,12,Town Hall,11:13:33,11:13:53
R1,WK_63,13,Kaloor,11:14:53,11:15:13
R1,WK_63,14,JLN Stadium,11:16:45,11:17:05
R1,WK_63,15,Palarivattom,11:18:44,11:19:04
R1,WK_63,16,Changampuzha Park,11:20:35,11:20:55
R1,WK_63,17,Edapally,11:22:41,11:23:11
R1,WK_63,18,Pathadipalam,11:25:03,11:25:23
R1,WK_63,19,Cochin University,11:27:01,11:27:31
R1,WK_63,20,Kalamassery,11:29:20,11:29:40
R1,WK_63,21,Muttom,11:32:08,11:32:38
R1,WK_63,22,Ambattukavu,11:34:05,11:34:25
R1,WK_63,23,Companypady,11:35:53,11:36:13
R1,WK_63,24,Pulinchodu,11:37:38,11:37:58
R1,WK_63,25,Aluva,11:39:58,11:39:58
R1,WK_64,1,Tripunithura,09:08:12,09:10:00
R1,WK_64,2,SN Junction,09:11:42,09:12:02
R1,WK_64,3,Vadakkekotta,09:13:20,09:13:40
R1,WK_64,4,Pettah,09:15:48,09:16:08
R1,WK_64,5,Thykoodam,09:18:01,09:18:21
R1,WK_64,6,Vyttila,09:19:59,09:20:19
R1,WK_64,7,Elamkulam,09:22:25,09:22:45
R1,WK_64,8,Kadavanthra,09:24:30,09:24:50
R1,WK_64,9,Ernakulam South,09:27:00,09:27:30
R1,WK_64,10,Maharajas College,09:29:24,09:29:44
R1,WK_64,11,MG Road,09:31:24,09:31:54
R1,WK_64,12,Town Hall,09:33:45,09:34:05
R1,WK_64,13,Kaloor,09:35:05,09:35:25
R1,WK_64,14,JLN Stadium,09:36:57,09:37:17
R1,WK_64,15,Palarivattom,09:39:00,09:39:20
R1,WK_64,16,Changampuzha Park,09:40:51,09:41:11
R1,WK_64,17,Edapally,09:43:03,09:43:33
R1,WK_64,18,Pathadipalam,09:45:25,09:45:45
R1,WK_64,19,Cochin University,09:47:27,09:47:57
R1,WK_64,20,Kalamassery,09:49:46,09:50:06
R1,WK_64,21,Muttom,09:52:34,09:53:04
R1,WK_64,22,Ambattukavu,09:54:31,09:54:51
R1,WK_64,23,Companypady,09:56:19,09:56:39
R1,WK_64,24,Pulinchodu,09:58:05,09:58:25
R1,WK_64,25,Aluva,10:00:25,10:00:25
R1,WK_65,1,Aluva,10:00:25,10:02:25
R1,WK_65,2,Pulinchodu,10:04:25,10:04:45
R1,WK_65,3,Companypady,10:06:12,10:06:32
R1,WK_65,4,Ambattukavu,10:07:59,10:08:19
R1,WK_65,5,Muttom,10:09:48,10:10:18
R1,WK_65,6,Kalamassery,10:12:44,10:13:04
R1,WK_65,7,Cochin University,10:14:53,10:15:13
R1,WK_65,8,Pathadipalam,10:16:57,10:17:17
R1,WK_65,9,Edapally,10:19:09,10:19:39
R1,WK_65,10,Changampuzha Park,10:21:31,10:21:51
R1,WK_65,11,Palarivattom,10:23:24,10:23:44
R1,WK_65,12,JLN Stadium,10:25:29,10:25:49
R1,WK_65,13,Kaloor,10:27:19,10:27:39
R1,WK_65,14,Town Hall,10:28:37,10:28:57
R1,WK_65,15,MG Road,10:30:55,10:31:25
R1,WK_65,16,Maharajas College,10:33:05,10:33:25
R1,WK_65,17,Ernakulam South,10:35:22,10:35:52
R1,WK_65,18,Kadavanthra,10:37:59,10:38:19
R1,WK_65,19,Elamkulam,10:40:06,10:40:26
R1,WK_65,20,Vyttila,10:42:28,10:42:48
R1,WK_65,21,Thykoodam,10:44:28,10:44:48
R1,WK_65,22,Pettah,10:46:46,10:47:06
R1,WK_65,23,Vadakkekotta,10:49:11,10:49:31
R1,WK_65,24,SN Junction,10:50:49,10:51:09
R1,WK_65,25,Tripunithura,10:53:12,10:53:12
R1,WK_66,1,Tripunithura,10:53:12,10:58:30
R1,WK_66,2,SN Junction,11:00:12,11:00:32
R1,WK_66,3,Vadakkekotta,11:01:50,11:02:10
R1,WK_66,4,Pettah,11:04:18,11:04:38
R1,WK_66,5,Thykoodam,11:06:31,11:06:51
R1,WK_66,6,Vyttila,11:08:25,11:08:45
R1,WK_66,7,Elamkulam,11:10:51,11:11:11
R1,WK_66,8,Kadavanthra,11:12:52,11:13:12
R1,WK_66,9,Ernakulam South,11:15:22,11:15:52
R1,WK_66,10,Maharajas College,11:17:46,11:18:06
R1,WK_66,11,MG Road,11:19:46,11:20:16
R1,WK_66,12,Town Hall,11:22:03,11:22:23
R1,WK_66,13,Kaloor,11:23:23,11:23:43
R1,WK_66,14,JLN Stadium,11:25:15,11:25:35
R1,WK_66,15,Palarivattom,11:27:14,11:27:34
R1,WK_66,16,Changampuzha Park,11:29:05,11:29:25
R1,WK_66,17,Edapally,11:31:11,11:31:41
R1,WK_66,18,Pathadipalam,11:33:33,11:33:53
R1,WK_66,19,Cochin University,11:35:31,11:36:01
R1,WK_66,20,Kalamassery,11:37:50,11:38:10
R1,WK_66,21,Muttom,11:40:38,11:41:08
R1,WK_66,22,Ambattukavu,11:42:35,11:42:55
R1,WK_66,23,Companypady,11:44:23,11:44:43
R1,WK_66,24,Pulinchodu,11:46:08,11:46:28
R1,WK_66,25,Aluva,11:48:28,11:48:28
R1,WK_67,1,Tripunithura,09:15:12,09:17:00
R1,WK_67,2,SN Junction,09:18:42,09:19:02
R1,WK_67,3,Vadakkekotta,09:20:20,09:20:40
R1,WK_67,4,Pettah,09:22:48,09:23:08
R1,WK_67,5,Thykoodam,09:25:01,09:25:21
R1,WK_67,6,Vyttila,09:26:59,09:27:19
R1,WK_67,7,Elamkulam,09:29:25,09:29:45
R1,WK_67,8,Kadavanthra,09:31:30,09:31:50
R1,WK_67,9,Ernakulam South,09:34:00,09:34:30
R1,WK_67,10,Maharajas College,09:36:24,09:36:44
R1,WK_67,11,MG Road,09:38:24,09:38:54
R1,WK_67,12,Town Hall,09:40:45,09:41:05
R1,WK_67,13,Kaloor,09:42:05,09:42:25
R1,WK_67,14,JLN Stadium,09:43:57,09:44:17
R1,WK_67,15,Palarivattom,09:46:00,09:46:20
R1,WK_67,16,Changampuzha Park,09:47:51,09:48:11
R1,WK_67,17,Edapally,09:50:03,09:50:33
R1,WK_67,18,Pathadipalam,09:52:25,09:52:45
R1,WK_67,19,Cochin University,09:54:27,09:54:57
R1,WK_67,20,Kalamassery,09:56:46,09:57:06
R1,WK_67,21,Muttom,09:59:34,10:00:04
R1,WK_67,22,Ambattukavu,10:01:31,10:01:51
R1,WK_67,23,Companypady,10:03:19,10:03:39
R1,WK_67,24,Pulinchodu,10:05:05,10:05:25
R1,WK_67,25,Aluva,10:07:25,10:07:25
R1,WK_68,1,Aluva,10:07:25,10:10:55
R1,WK_68,2,Pulinchodu,10:12:55,10:13:15
R1,WK_68,3,Companypady,10:14:42,10:15:02
R1,WK_68,4,Ambattukavu,10:16:28,10:16:48
R1,WK_68,5,Muttom,10:18:14,10:18:44
R1,WK_68,6,Kalamassery,10:21:10,10:21:30
R1,WK_68,7,Cochin University,10:23:19,10:23:39
R1,WK_68,8,Pathadipalam,10:25:23,10:25:43
R1,WK_68,9,Edapally,10:27:35,10:28:05
R1,WK_68,10,Changampuzha Park,10:29:57,10:30:17
R1,WK_68,11,Palarivattom,10:31:49,10:32:09
R1,WK_68,12,JLN Stadium,10:33:54,10:34:14
R1,WK_68,13,Kaloor,10:35:43,10:36:03
R1,WK_68,14,Town Hall,10:37:00,10:37:20
R1,WK_68,15,MG Road,10:39:18,10:39:48
R1,WK_68,16,Maharajas College,10:41:28,10:41:48
R1,WK_68,17,Ernakulam South,10:43:41,10:44:11
R1,WK_68,18,Kadavanthra,10:46:14,10:46:34
R1,WK_68,19,Elamkulam,10:48:21,10:48:41
R1,WK_68,20,Vyttila,10:50:43,10:51:03
R1,WK_68,21,Thykoodam,10:52:43,10:53:03
R1,WK_68,22,Pettah,10:55:01,10:55:21
R1,WK_68,23,Vadakkekotta,10:57:22,10:57:42
R1,WK_68,24,SN Junction,10:59:00,10:59:20
R1,WK_68,25,Tripunithura,11:01:23,11:01:23
R1,WK_69,1,Tripunithura,09:22:12,09:24:00
R1,WK_69,2,SN Junction,09:25:42,09:26:02
R1,WK_69,3,Vadakkekotta,09:27:20,09:27:40
R1,WK_69,4,Pettah,09:29:48,09:30:08
R1,WK_69,5,Thykoodam,09:32:01,09:32:21
R1,WK_69,6,Vyttila,09:33:59,09:34:19
R1,WK_69,7,Elamkulam,09:36:25,09:36:45
R1,WK_69,8,Kadavanthra,09:38:30,09:38:50
R1,WK_69,9,Ernakulam South,09:41:00,09:41:30
R1,WK_69,10,Maharajas College,09:43:24,09:43:44
R1,WK_69,11,MG Road,09:45:24,09:45:54
R1,WK_69,12,Town Hall,09:47:45,09:48:05
R1,WK_69,13,Kaloor,09:49:05,09:49:25
R1,WK_69,14,JLN Stadium,09:50:57,09:51:17
R1,WK_69,15,Palarivattom,09:53:00,09:53:20
R1,WK_69,16,Changampuzha Park,09:54:51,09:55:11
R1,WK_69,17,Edapally,09:57:03,09:57:33
R1,WK_69,18,Pathadipalam,09:59:25,09:59:45
R1,WK_69,19,Cochin University,10:01:27,10:01:57
R1,WK_69,20,Kalamassery,10:03:46,10:04:06
R1,WK_69,21,Muttom,10:06:34,10:07:04
R1,WK_69,22,Ambattukavu,10:08:31,10:08:51
R1,WK_69,23,Companypady,10:10:19,10:10:39
R1,WK_69,24,Pulinchodu,10:12:05,10:12:25
R1,WK_69,25,Aluva,10:14:25,10:14:25
R1,WK_7,1,Tripunithura,07:05:28,07:10:00
R1,WK_7,2,SN Junction,07:11:42,07:12:02
R1,WK_7,3,Vadakkekotta,07:13:20,07:13:40
R1,WK_7,4,Pettah,07:15:48,07:16:08
R1,WK_7,5,Thykoodam,07:18:01,07:18:21
R1,WK_7,6,Vyttila,07:19:55,07:20:15
R1,WK_7,7,Elamkulam,07:22:21,07:22:41
R1,WK_7,8,Kadavanthra,07:24:22,07:24:42
R1,WK_7,9,Ernakulam South,07:26:52,07:27:22
R1,WK_7,10,Maharajas College,07:29:16,07:29:36
R1,WK_7,11,MG Road,07:31:16,07:31:46
R1,WK_7,12,Town Hall,07:33:33,07:33:53
R1,WK_7,13,Kaloor,07:34:53,07:35:13
R1,WK_7,14,JLN Stadium,07:36:45,07:37:05
R1,WK_7,15,Palarivattom,07:38:44,07:39:04
R1,WK_7,16,Changampuzha Park,07:40:35,07:40:55
R1,WK_7,17,Edapally,07:42:41,07:43:11
R1,WK_7,18,Pathadipalam,07:45:03,07:45:23
R1,WK_7,19,Cochin University,07:47:01,07:47:31
R1,WK_7,20,Kalamassery,07:49:20,07:49:40
R1,WK_7,21,Muttom,07:52:08,07:52:38
R1,WK_7,22,Ambattukavu,07:54:05,07:54:25
R1,WK_7,23,Companypady,07:55:53,07:56:13
R1,WK_7,24,Pulinchodu,07:57:38,07:57:58
R1,WK_7,25,Aluva,07:59:58,07:59:58
R1,WK_70,1,Aluva,08:28:51,08:31:25
R1,WK_70,2,Pulinchodu,08:33:25,08:33:45
R1,WK_70,3,Companypady,08:35:12,08:35:32
R1,WK_70,4,Ambattukavu,08:36:59,08:37:19
R1,WK_70,5,Muttom,08:38:48,08:39:18
R1,WK_70,6,Kalamassery,08:41:44,08:42:04
R1,WK_70,7,Cochin University,08:43:53,08:44:13
R1,WK_70,8,Pathadipalam,08:45:57,08:46:17
R1,WK_70,9,Edapally,08:48:09,08:48:39
R1,WK_70,10,Changampuzha Park,08:50:31,08:50:51
R1,WK_70,11,Palarivattom,08:52:24,08:52:44
R1,WK_70,12,JLN Stadium,08:54:29,08:54:49
R1,WK_70,13,Kaloor,08:56:19,08:56:39
R1,WK_70,14,Town Hall,08:57:37,08:57:57
R1,WK_70,15,MG Road,08:59:55,09:00:25
R1,WK_70,16,Maharajas College,09:02:05,09:02:25
R1,WK_70,17,Ernakulam South,09:04:22,09:04:52
R1,WK_70,18,Kadavanthra,09:06:59,09:07:19
R1,WK_70,19,Elamkulam,09:09:06,09:09:26
R1,WK_70,20,Vyttila,09:11:28,09:11:48
R1,WK_70,21,Thykoodam,09:13:28,09:13:48
R1,WK_70,22,Pettah,09:15:46,09:16:06
R1,WK_70,23,Vadakkekotta,09:18:11,09:18:31
R1,WK_70,24,SN Junction,09:19:49,09:20:09
R1,WK_70,25,Tripunithura,09:22:12,09:22:12
R1,WK_71,1,Aluva,10:14:25,10:19:25
R1,WK_71,2,Pulinchodu,10:21:25,10:21:45
R1,WK_71,3,Companypady,10:23:12,10:23:32
R1,WK_71,4,Ambattukavu,10:24:58,10:25:18
R1,WK_71,5,Muttom,10:26:44,10:27:14
R1,WK_71,6,Kalamassery,10:29:40,10:30:00
R1,WK_71,7,Cochin University,10:31:49,10:32:09
R1,WK_71,8,Pathadipalam,10:33:53,10:34:13
R1,WK_71,9,Edapally,10:36:05,10:36:35
R1,WK_71,10,Changampuzha Park,10:38:27,10:38:47
R1,WK_71,11,Palarivattom,10:40:19,10:40:39
R1,WK_71,12,JLN Stadium,10:42:24,10:42:44
R1,WK_71,13,Kaloor,10:44:13,10:44:33
R1,WK_71,14,Town Hall,10:45:30,10:45:50
R1,WK_71,15,MG Road,10:47:48,10:48:18
R1,WK_71,16,Maharajas College,10:49:58,10:50:18
R1,WK_71,17,Ernakulam South,10:52:11,10:52:41
R1,WK_71,18,Kadavanthra,10:54:44,10:55:04
R1,WK_71,19,Elamkulam,10:56:51,10:57:11
R1,WK_71,20,Vyttila,10:59:13,10:59:33
R1,WK_71,21,Thykoodam,11:01:13,11:01:33
R1,WK_71,22,Pettah,11:03:31,11:03:51
R1,WK_71,23,Vadakkekotta,11:05:52,11:06:12
R1,WK_71,24,SN Junction,11:07:30,11:07:50
R1,WK_71,25,Tripunithura,11:09:53,11:09:53
R1,WK_72,1,Tripunithura,09:29:12,09:31:00
R1,WK_72,2,SN Junction,09:32:42,09:33:02
R1,WK_72,3,Vadakkekotta,09:34:20,09:34:40
R1,WK_72,4,Pettah,09:36:48,09:37:08
R1,WK_72,5,Thykoodam,09:39:01,09:39:21
R1,WK_72,6,Vyttila,09:40:59,09:41:19
R1,WK_72,7,Elamkulam,09:43:25,09:43:45
R1,WK_72,8,Kadavanthra,09:45:30,09:45:50
R1,WK_72,9,Ernakulam South,09:48:00,09:48:30
R1,WK_72,10,Maharajas College,09:50:24,09:50:44
R1,WK_72,11,MG Road,09:52:24,09:52:54
R1,WK_72,12,Town Hall,09:54:45,09:55:05
R1,WK_72,13,Kaloor,09:56:05,09:56:25
R1,WK_72,14,JLN Stadium,09:57:57,09:58:17
R1,WK_72,15,Palarivattom,10:00:00,10:00:30
R1,WK_72,16,Changampuzha Park,10:02:01,10:02:31
R1,WK_72,17,Edapally,10:04:23,10:04:53
R1,WK_72,18,Pathadipalam,10:06:45,10:07:15
R1,WK_72,19,Cochin University,10:08:57,10:09:27
R1,WK_72,20,Kalamassery,10:11:16,10:11:46
R1,WK_72,21,Muttom,10:14:14,10:14:44
R1,WK_72,22,Ambattukavu,10:16:11,10:16:41
R1,WK_72,23,Companypady,10:18:09,10:18:39
R1,WK_72,24,Pulinchodu,10:20:05,10:20:35
R1,WK_72,25,Aluva,10:22:35,10:22:35
R1,WK_73,1,Aluva,10:22:35,10:27:55
R1,WK_73,2,Pulinchodu,10:29:55,10:30:15
R1,WK_73,3,Companypady,10:31:42,10:32:02
R1,WK_73,4,Ambattukavu,10:33:28,10:33:48
R1,WK_73,5,Muttom,10:35:14,10:35:44
R1,WK_73,6,Kalamassery,10:38:10,10:38:30
R1,WK_73,7,Cochin University,10:40:19,10:40:39
R1,WK_73,8,Pathadipalam,10:42:23,10:42:43
R1,WK_73,9,Edapally,10:44:35,10:45:05
R1,WK_73,10,Changampuzha Park,10:46:57,10:47:17
R1,WK_73,11,Palarivattom,10:48:49,10:49:09
R1,WK_73,12,JLN Stadium,10:50:54,10:51:14
R1,WK_73,13,Kaloor,10:52:43,10:53:03
R1,WK_73,14,Town Hall,10:54:00,10:54:20
R1,WK_73,15,MG Road,10:56:18,10:56:48
R1,WK_73,16,Maharajas College,10:58:28,10:58:48
R1,WK_73,17,Ernakulam South,11:00:41,11:01:11
R1,WK_73,18,Kadavanthra,11:03:14,11:03:34
R1,WK_73,19,Elamkulam,11:05:21,11:05:41
R1,WK_73,20,Vyttila,11:07:43,11:08:03
R1,WK_73,21,Thykoodam,11:09:43,11:10:03
R1,WK_73,22,Pettah,11:12:01,11:12:21
R1,WK_73,23,Vadakkekotta,11:14:22,11:14:42
R1,WK_73,24,SN Junction,11:16:00,11:16:20
R1,WK_73,25,Tripunithura,11:18:23,11:18:23
R1,WK_74,1,Tripunithura,09:36:12,09:38:00
R1,WK_74,2,SN Junction,09:39:42,09:40:02
R1,WK_74,3,Vadakkekotta,09:41:20,09:41:40
R1,WK_74,4,Pettah,09:43:48,09:44:08
R1,WK_74,5,Thykoodam,09:46:01,09:46:21
R1,WK_74,6,Vyttila,09:47:59,09:48:19
R1,WK_74,7,Elamkulam,09:50:25,09:50:45
R1,WK_74,8,Kadavanthra,09:52:30,09:52:50
R1,WK_74,9,Ernakulam South,09:55:00,09:55:30
R1,WK_74,10,Maharajas College,09:57:24,09:57:44
R1,WK_74,11,MG Road,09:59:24,09:59:54
R1,WK_74,12,Town Hall,10:01:45,10:02:05
R1,WK_74,13,Kaloor,10:03:05,10:03:25
R1,WK_74,14,JLN Stadium,10:04:57,10:05:27
R1,WK_74,15,Palarivattom,10:07:10,10:07:40
R1,WK_74,16,Changampuzha Park,10:09:11,10:09:41
R1,WK_74,17,Edapally,10:11:33,10:12:03
R1,WK_74,18,Pathadipalam,10:13:55,10:14:15
R1,WK_74,19,Cochin University,10:15:57,10:16:27
R1,WK_74,20,Kalamassery,10:18:16,10:18:36
R1,WK_74,21,Muttom,10:21:04,10:21:34
R1,WK_74,22,Ambattukavu,10:23:01,10:23:21
R1,WK_74,23,Companypady,10:24:49,10:25:09
R1,WK_74,24,Pulinchodu,10:26:35,10:26:55
R1,WK_74,25,Aluva,10:28:55,10:28:55
R1,WK_75,1,Aluva,10:28:55,10:30:35
R1,WK_75,2,Pulinchodu,10:32:31,10:33:01
R1,WK_75,3,Companypady,10:34:20,10:34:50
R1,WK_75,4,Ambattukavu,10:36:10,10:36:40
R1,WK_75,5,Muttom,10:38:00,10:38:00
R1,WK_76,1,Tripunithura,09:43:12,09:45:00
R1,WK_76,2,SN Junction,09:46:42,09:47:02
R1,WK_76,3,Vadakkekotta,09:48:20,09:48:40
R1,WK_76,4,Pettah,09:50:48,09:51:08
R1,WK_76,5,Thykoodam,09:53:01,09:53:21
R1,WK_76,6,Vyttila,09:54:59,09:55:19
R1,WK_76,7,Elamkulam,09:57:25,09:57:45
R1,WK_76,8,Kadavanthra,09:59:30,09:59:50
R1,WK_76,9,Ernakulam South,10:02:00,10:02:30
R1,WK_76,10,Maharajas College,10:04:24,10:04:44
R1,WK_76,11,MG Road,10:06:24,10:06:54
R1,WK_76,12,Town Hall,10:08:45,10:09:05
R1,WK_76,13,Kaloor,10:10:03,10:10:23
R1,WK_76,14,JLN Stadium,10:11:51,10:12:11
R1,WK_76,15,Palarivattom,10:13:50,10:14:10
R1,WK_76,16,Changampuzha Park,10:15:40,10:16:00
R1,WK_76,17,Edapally,10:17:46,10:18:15
R1,WK_76,18,Pathadipalam,10:20:03,10:20:23
R1,WK_76,19,Cochin University,10:22:01,10:22:26
R1,WK_76,20,Kalamassery,10:24:11,10:24:31
R1,WK_76,21,Muttom,10:26:51,10:27:21
R1,WK_76,22,Ambattukavu,10:28:47,10:29:07
R1,WK_76,23,Companypady,10:30:33,10:30:53
R1,WK_76,24,Pulinchodu,10:32:18,10:32:38
R1,WK_76,25,Aluva,10:34:38,10:34:38
R1,WK_77,1,Aluva,10:34:38,10:36:25
R1,WK_77,2,Pulinchodu,10:38:25,10:38:45
R1,WK_77,3,Companypady,10:40:12,10:40:32
R1,WK_77,4,Ambattukavu,10:41:58,10:42:18
R1,WK_77,5,Muttom,10:43:44,10:44:14
R1,WK_77,6,Kalamassery,10:46:40,10:47:00
R1,WK_77,7,Cochin University,10:48:49,10:49:09
R1,WK_77,8,Pathadipalam,10:50:53,10:51:13
R1,WK_77,9,Edapally,10:53:05,10:53:35
R1,WK_77,10,Changampuzha Park,10:55:27,10:55:47
R1,WK_77,11,Palarivattom,10:57:19,10:57:39
R1,WK_77,12,JLN Stadium,10:59:24,10:59:44
R1,WK_77,13,Kaloor,11:01:13,11:01:33
R1,WK_77,14,Town Hall,11:02:30,11:02:50
R1,WK_77,15,MG Road,11:04:48,11:05:18
R1,WK_77,16,Maharajas College,11:06:58,11:07:18
R1,WK_77,17,Ernakulam South,11:09:11,11:09:41
R1,WK_77,18,Kadavanthra,11:11:44,11:12:04
R1,WK_77,19,Elamkulam,11:13:51,11:14:11
R1,WK_77,20,Vyttila,11:16:13,11:16:33
R1,WK_77,21,Thykoodam,11:18:13,11:18:33
R1,WK_77,22,Pettah,11:20:31,11:20:51
R1,WK_77,23,Vadakkekotta,11:22:52,11:23:12
R1,WK_77,24,SN Junction,11:24:30,11:24:50
R1,WK_77,25,Tripunithura,11:26:53,11:26:53
R1,WK_78,1,Aluva,10:42:25,10:44:55
R1,WK_78,2,Pulinchodu,10:46:55,10:47:15
R1,WK_78,3,Companypady,10:48:42,10:49:02
R1,WK_78,4,Ambattukavu,10:50:28,10:50:48
R1,WK_78,5,Muttom,10:52:14,10:52:44
R1,WK_78,6,Kalamassery,10:55:10,10:55:30
R1,WK_78,7,Cochin University,10:57:19,10:57:39
R1,WK_78,8,Pathadipalam,10:59:23,10:59:43
R1,WK_78,9,Edapally,11:01:35,11:02:05
R1,WK_78,10,Changampuzha Park,11:03:57,11:04:17
R1,WK_78,11,Palarivattom,11:05:49,11:06:09
R1,WK_78,12,JLN Stadium,11:07:54,11:08:14
R1,WK_78,13,Kaloor,11:09:43,11:10:03
R1,WK_78,14,Town Hall,11:11:00,11:11:20
R1,WK_78,15,MG Road,11:13:18,11:13:48
R1,WK_78,16,Maharajas College,11:15:28,11:15:48
R1,WK_78,17,Ernakulam South,11:17:41,11:18:11
R1,WK_78,18,Kadavanthra,11:20:14,11:20:34
R1,WK_78,19,Elamkulam,11:22:21,11:22:41
R1,WK_78,20,Vyttila,11:24:43,11:25:03
R1,WK_78,21,Thykoodam,11:26:43,11:27:03
R1,WK_78,22,Pettah,11:29:01,11:29:21
R1,WK_78,23,Vadakkekotta,11:31:22,11:31:42
R1,WK_78,24,SN Junction,11:33:00,11:33:20
R1,WK_78,25,Tripunithura,11:35:23,11:35:23
R1,WK_79,1,Aluva,10:49:25,10:53:25
R1,WK_79,2,Pulinchodu,10:55:25,10:55:45
R1,WK_79,3,Companypady,10:57:12,10:57:32
R1,WK_79,4,Ambattukavu,10:58:58,10:59:18
R1,WK_79,5,Muttom,11:00:44,11:01:14
R1,WK_79,6,Kalamassery,11:03:40,11:04:00
R1,WK_79,7,Cochin University,11:05:49,11:06:09
R1,WK_79,8,Pathadipalam,11:07:53,11:08:13
R1,WK_79,9,Edapally,11:10:05,11:10:35
R1,WK_79,10,Changampuzha Park,11:12:27,11:12:47
R1,WK_79,11,Palarivattom,11:14:19,11:14:39
R1,WK_79,12,JLN Stadium,11:16:24,11:16:44
R1,WK_79,13,Kaloor,11:18:13,11:18:33
R1,WK_79,14,Town Hall,11:19:30,11:19:50
R1,WK_79,15,MG Road,11:21:48,11:22:18
R1,WK_79,16,Maharajas College,11:23:58,11:24:18
R1,WK_79,17,Ernakulam South,11:26:11,11:26:41
R1,WK_79,18,Kadavanthra,11:28:44,11:29:04
R1,WK_79,19,Elamkulam,11:30:51,11:31:11
R1,WK_79,20,Vyttila,11:33:13,11:33:33
R1,WK_79,21,Thykoodam,11:35:13,11:35:33
R1,WK_79,22,Pettah,11:37:31,11:37:51
R1,WK_79,23,Vadakkekotta,11:39:52,11:40:12
R1,WK_79,24,SN Junction,11:41:30,11:41:50
R1,WK_79,25,Tripunithura,11:43:53,11:43:53
R1,WK_8,1,Aluva,06:23:40,06:30:00
R1,WK_8,2,Pulinchodu,06:32:00,06:32:30
R1,WK_8,3,Companypady,06:33:57,06:34:27
R1,WK_8,4,Ambattukavu,06:35:53,06:36:23
R1,WK_8,5,Muttom,06:37:49,06:38:19
R1,WK_8,6,Kalamassery,06:40:45,06:41:15
R1,WK_8,7,Cochin University,06:43:04,06:43:34
R1,WK_8,8,Pathadipalam,06:45:18,06:45:48
R1,WK_8,9,Edapally,06:47:40,06:48:10
R1,WK_8,10,Changampuzha Park,06:50:02,06:50:32
R1,WK_8,11,Palarivattom,06:52:04,06:52:34
R1,WK_8,12,JLN Stadium,06:54:19,06:54:49
R1,WK_8,13,Kaloor,06:56:18,06:56:48
R1,WK_8,14,Town Hall,06:57:45,06:58:15
R1,WK_8,15,MG Road,07:00:13,07:00:43
R1,WK_8,16,Maharajas College,07:02:23,07:02:53
R1,WK_8,17,Ernakulam South,07:04:46,07:05:16
R1,WK_8,18,Kadavanthra,07:07:19,07:07:49
R1,WK_8,19,Elamkulam,07:09:36,07:10:06
R1,WK_8,20,Vyttila,07:12:08,07:12:38
R1,WK_8,21,Thykoodam,07:14:18,07:14:48
R1,WK_8,22,Pettah,07:16:46,07:17:16
R1,WK_8,23,Vadakkekotta,07:19:17,07:19:47
R1,WK_8,24,SN Junction,07:21:05,07:21:35
R1,WK_8,25,Tripunithura,07:23:38,07:23:38
R1,WK_80,1,Muttom,07:59:30,08:00:00
R1,WK_80,2,Ambattukavu,08:01:27,08:01:57
R1,WK_80,3,Companypady,08:03:25,08:03:55
R1,WK_80,4,Pulinchodu,08:05:21,08:05:51
R1,WK_80,5,Aluva,08:07:51,08:07:51
R1,WK_81,1,Muttom,08:20:30,08:21:00
R1,WK_81,2,Ambattukavu,08:22:27,08:22:57
R1,WK_81,3,Companypady,08:24:25,08:24:55
R1,WK_81,4,Pulinchodu,08:26:21,08:26:51
R1,WK_81,5,Aluva,08:28:51,08:28:51
R1,WK_82,1,Tripunithura,11:01:23,11:07:00
R1,WK_82,2,SN Junction,11:08:42,11:09:02
R1,WK_82,3,Vadakkekotta,11:10:20,11:10:40
R1,WK_82,4,Pettah,11:12:48,11:13:08
R1,WK_82,5,Thykoodam,11:15:01,11:15:21
R1,WK_82,6,Vyttila,11:16:55,11:17:15
R1,WK_82,7,Elamkulam,11:19:21,11:19:41
R1,WK_82,8,Kadavanthra,11:21:22,11:21:42
R1,WK_82,9,Ernakulam South,11:23:52,11:24:22
R1,WK_82,10,Maharajas College,11:26:16,11:26:36
R1,WK_82,11,MG Road,11:28:16,11:28:46
R1,WK_82,12,Town Hall,11:30:33,11:30:53
R1,WK_82,13,Kaloor,11:31:53,11:32:13
R1,WK_82,14,JLN Stadium,11:33:45,11:34:05
R1,WK_82,15,Palarivattom,11:35:44,11:36:04
R1,WK_82,16,Changampuzha Park,11:37:35,11:37:55
R1,WK_82,17,Edapally,11:39:41,11:40:11
R1,WK_82,18,Pathadipalam,11:42:03,11:42:23
R1,WK_82,19,Cochin University,11:44:01,11:44:31
R1,WK_82,20,Kalamassery,11:46:20,11:46:40
R1,WK_82,21,Muttom,11:49:08,11:49:38
R1,WK_82,22,Ambattukavu,11:51:05,11:51:25
R1,WK_82,23,Companypady,11:52:53,11:53:13
R1,WK_82,24,Pulinchodu,11:54:38,11:54:58
R1,WK_82,25,Aluva,11:56:58,11:56:58
R1,WK_83,1,Aluva,11:22:58,11:28:14
R1,WK_83,2,Pulinchodu,11:30:14,11:30:34
R1,WK_83,3,Companypady,11:32:01,11:32:21
R1,WK_83,4,Ambattukavu,11:33:47,11:34:07
R1,WK_83,5,Muttom,11:35:33,11:36:03
R1,WK_83,6,Kalamassery,11:38:29,11:38:49
R1,WK_83,7,Cochin University,11:40:38,11:40:58
R1,WK_83,8,Pathadipalam,11:42:42,11:43:02
R1,WK_83,9,Edapally,11:44:54,11:45:24
R1,WK_83,10,Changampuzha Park,11:47:16,11:47:36
R1,WK_83,11,Palarivattom,11:49:08,11:49:28
R1,WK_83,12,JLN Stadium,11:51:13,11:51:33
R1,WK_83,13,Kaloor,11:53:02,11:53:22
R1,WK_83,14,Town Hall,11:54:19,11:54:39
R1,WK_83,15,MG Road,11:56:37,11:57:07
R1,WK_83,16,Maharajas College,11:58:47,11:59:07
R1,WK_83,17,Ernakulam South,12:01:00,12:01:30
R1,WK_83,18,Kadavanthra,12:03:33,12:03:53
R1,WK_83,19,Elamkulam,12:05:40,12:06:00
R1,WK_83,20,Vyttila,12:08:02,12:08:22
R1,WK_83,21,Thykoodam,12:10:02,12:10:22
R1,WK_83,22,Pettah,12:12:20,12:12:40
R1,WK_83,23,Vadakkekotta,12:14:41,12:15:01
R1,WK_83,24,SN Junction,12:16:19,12:16:39
R1,WK_83,25,Tripunithura,12:18:42,12:18:42
R1,WK_84,1,Tripunithura,12:18:42,12:23:30
R1,WK_84,2,SN Junction,12:25:12,12:25:32
R1,WK_84,3,Vadakkekotta,12:26:50,12:27:10
R1,WK_84,4,Pettah,12:29:18,12:29:38
R1,WK_84,5,Thykoodam,12:31:31,12:31:51
R1,WK_84,6,Vyttila,12:33:25,12:33:45
R1,WK_84,7,Elamkulam,12:35:51,12:36:11
R1,WK_84,8,Kadavanthra,12:37:52,12:38:12
R1,WK_84,9,Ernakulam South,12:40:22,12:40:52
R1,WK_84,10,Maharajas College,12:42:46,12:43:06
R1,WK_84,11,MG Road,12:44:46,12:45:16
R1,WK_84,12,Town Hall,12:47:03,12:47:23
R1,WK_84,13,Kaloor,12:48:23,12:48:43
R1,WK_84,14,JLN Stadium,12:50:15,12:50:35
R1,WK_84,15,Palarivattom,12:52:14,12:52:34
R1,WK_84,16,Changampuzha Park,12:54:05,12:54:25
R1,WK_84,17,Edapally,12:56:11,12:56:41
R1,WK_84,18,Pathadipalam,12:58:33,12:58:53
R1,WK_84,19,Cochin University,13:00:31,13:01:01
R1,WK_84,20,Kalamassery,13:02:50,13:03:10
R1,WK_84,21,Muttom,13:05:38,13:06:08
R1,WK_84,22,Ambattukavu,13:07:35,13:07:55
R1,WK_84,23,Companypady,13:09:23,13:09:43
R1,WK_84,24,Pulinchodu,13:11:08,13:11:28
R1,WK_84,25,Aluva,13:13:28,13:13:28
R1,WK_85,1,Aluva,11:31:28,11:36:44
R1,WK_85,2,Pulinchodu,11:38:44,11:39:04
R1,WK_85,3,Companypady,11:40:31,11:40:51
R1,WK_85,4,Ambattukavu,11:42:17,11:42:37
R1,WK_85,5,Muttom,11:44:03,11:44:33
R1,WK_85,6,Kalamassery,11:46:59,11:47:19
R1,WK_85,7,Cochin University,11:49:08,11:49:28
R1,WK_85,8,Pathadipalam,11:51:12,11:51:32
R1,WK_85,9,Edapally,11:53:24,11:53:54
R1,WK_85,10,Changampuzha Park,11:55:46,11:56:06
R1,WK_85,11,Palarivattom,11:57:38,11:57:58
R1,WK_85,12,JLN Stadium,11:59:43,12:00:03
R1,WK_85,13,Kaloor,12:01:32,12:01:52
R1,WK_85,14,Town Hall,12:02:49,12:03:09
R1,WK_85,15,MG Road,12:05:07,12:05:37
R1,WK_85,16,Maharajas College,12:07:17,12:07:37
R1,WK_85,17,Ernakulam South,12:09:30,12:10:00
R1,WK_85,18,Kadavanthra,12:12:03,12:12:23
R1,WK_85,19,Elamkulam,12:14:10,12:14:30
R1,WK_85,20,Vyttila,12:16:32,12:16:52
R1,WK_85,21,Thykoodam,12:18:32,12:18:52
R1,WK_85,22,Pettah,12:20:50,12:21:10
R1,WK_85,23,Vadakkekotta,12:23:11,12:23:31
R1,WK_85,24,SN Junction,12:24:49,12:25:09
R1,WK_85,25,Tripunithura,12:27:12,12:27:12
R1,WK_86,1,Tripunithura,12:27:12,12:32:00
R1,WK_86,2,SN Junction,12:33:42,12:34:02
R1,WK_86,3,Vadakkekotta,12:35:20,12:35:40
R1,WK_86,4,Pettah,12:37:48,12:38:08
R1,WK_86,5,Thykoodam,12:40:01,12:40:21
R1,WK_86,6,Vyttila,12:41:55,12:42:15
R1,WK_86,7,Elamkulam,12:44:21,12:44:41
R1,WK_86,8,Kadavanthra,12:46:22,12:46:42
R1,WK_86,9,Ernakulam South,12:48:52,12:49:22
R1,WK_86,10,Maharajas College,12:51:16,12:51:36
R1,WK_86,11,MG Road,12:53:16,12:53:46
R1,WK_86,12,Town Hall,12:55:33,12:55:53
R1,WK_86,13,Kaloor,12:56:53,12:57:13
R1,WK_86,14,JLN Stadium,12:58:45,12:59:05
R1,WK_86,15,Palarivattom,13:00:44,13:01:04
R1,WK_86,16,Changampuzha Park,13:02:35,13:02:55
R1,WK_86,17,Edapally,13:04:41,13:05:11
R1,WK_86,18,Pathadipalam,13:07:03,13:07:23
R1,WK_86,19,Cochin University,13:09:01,13:09:31
R1,WK_86,20,Kalamassery,13:11:20,13:11:40
R1,WK_86,21,Muttom,13:14:08,13:14:38
R1,WK_86,22,Ambattukavu,13:16:05,13:16:25
R1,WK_86,23,Companypady,13:17:53,13:18:13
R1,WK_86,24,Pulinchodu,13:19:38,13:19:58
R1,WK_86,25,Aluva,13:21:58,13:21:58
R1,WK_87,1,Aluva,11:39:58,11:45:14
R1,WK_87,2,Pulinchodu,11:47:14,11:47:34
R1,WK_87,3,Companypady,11:49:01,11:49:21
R1,WK_87,4,Ambattukavu,11:50:47,11:51:07
R1,WK_87,5,Muttom,11:52:33,11:53:03
R1,WK_87,6,Kalamassery,11:55:29,11:55:49
R1,WK_87,7,Cochin University,11:57:38,11:57:58
R1,WK_87,8,Pathadipalam,11:59:42,12:00:02
R1,WK_87,9,Edapally,12:01:54,12:02:24
R1,WK_87,10,Changampuzha Park,12:04:16,12:04:36
R1,WK_87,11,Palarivattom,12:06:08,12:06:28
R1,WK_87,12,JLN Stadium,12:08:13,12:08:33
R1,WK_87,13,Kaloor,12:10:02,12:10:22
R1,WK_87,14,Town Hall,12:11:19,12:11:39
R1,WK_87,15,MG Road,12:13:37,12:14:07
R1,WK_87,16,Maharajas College,12:15:47,12:16:07
R1,WK_87,17,Ernakulam South,12:18:00,12:18:30
R1,WK_87,18,Kadavanthra,12:20:33,12:20:53
R1,WK_87,19,Elamkulam,12:22:40,12:23:00
R1,WK_87,20,Vyttila,12:25:02,12:25:22
R1,WK_87,21,Thykoodam,12:27:02,12:27:22
R1,WK_87,22,Pettah,12:29:20,12:29:40
R1,WK_87,23,Vadakkekotta,12:31:41,12:32:01
R1,WK_87,24,SN Junction,12:33:19,12:33:39
R1,WK_87,25,Tripunithura,12:35:42,12:35:42
R1,WK_88,1,Tripunithura,12:35:42,12:40:30
R1,WK_88,2,SN Junction,12:42:12,12:42:32
R1,WK_88,3,Vadakkekotta,12:43:50,12:44:10
R1,WK_88,4,Pettah,12:46:18,12:46:38
R1,WK_88,5,Thykoodam,12:48:31,12:48:51
R1,WK_88,6,Vyttila,12:50:25,12:50:45
R1,WK_88,7,Elamkulam,12:52:51,12:53:11
R1,WK_88,8,Kadavanthra,12:54:52,12:55:12
R1,WK_88,9,Ernakulam South,12:57:22,12:57:52
R1,WK_88,10,Maharajas College,12:59:46,13:00:06
R1,WK_88,11,MG Road,13:01:46,13:02:16
R1,WK_88,12,Town Hall,13:04:03,13:04:23
R1,WK_88,13,Kaloor,13:05:23,13:05:43
R1,WK_88,14,JLN Stadium,13:07:15,13:07:35
R1,WK_88,15,Palarivattom,13:09:14,13:09:34
R1,WK_88,16,Changampuzha Park,13:11:05,13:11:25
R1,WK_88,17,Edapally,13:13:11,13:13:41
R1,WK_88,18,Pathadipalam,13:15:33,13:15:53
R1,WK_88,19,Cochin University,13:17:31,13:18:01
R1,WK_88,20,Kalamassery,13:19:50,13:20:10
R1,WK_88,21,Muttom,13:22:38,13:23:08
R1,WK_88,22,Ambattukavu,13:24:35,13:24:55
R1,WK_88,23,Companypady,13:26:23,13:26:43
R1,WK_88,24,Pulinchodu,13:28:08,13:28:28
R1,WK_88,25,Aluva,13:30:28,13:30:28
R1,WK_89,1,Aluva,11:48:28,11:53:44
R1,WK_89,2,Pulinchodu,11:55:44,11:56:04
R1,WK_89,3,Companypady,11:57:31,11:57:51
R1,WK_89,4,Ambattukavu,11:59:17,11:59:37
R1,WK_89,5,Muttom,12:01:03,12:01:33
R1,WK_89,6,Kalamassery,12:03:59,12:04:19
R1,WK_89,7,Cochin University,12:06:08,12:06:28
R1,WK_89,8,Pathadipalam,12:08:12,12:08:32
R1,WK_89,9,Edapally,12:10:24,12:10:54
R1,WK_89,10,Changampuzha Park,12:12:46,12:13:06
R1,WK_89,11,Palarivattom,12:14:38,12:14:58
R1,WK_89,12,JLN Stadium,12:16:43,12:17:03
R1,WK_89,13,Kaloor,12:18:32,12:18:52
R1,WK_89,14,Town Hall,12:19:49,12:20:09
R1,WK_89,15,MG Road,12:22:07,12:22:37
R1,WK_89,16,Maharajas College,12:24:17,12:24:37
R1,WK_89,17,Ernakulam South,12:26:30,12:27:00
R1,WK_89,18,Kadavanthra,12:29:03,12:29:23
R1,WK_89,19,Elamkulam,12:31:10,12:31:30
R1,WK_89,20,Vyttila,12:33:32,12:33:52
R1,WK_89,21,Thykoodam,12:35:32,12:35:52
R1,WK_89,22,Pettah,12:37:50,12:38:10
R1,WK_89,23,Vadakkekotta,12:40:11,12:40:31
R1,WK_89,24,SN Junction,12:41:49,12:42:09
R1,WK_89,25,Tripunithura,12:44:12,12:44:12
R1,WK_9,1,Muttom,06:14:30,06:15:00
R1,WK_9,2,Ambattukavu,06:16:27,06:17:17
R1,WK_9,3,Companypady,06:18:45,06:19:24
R1,WK_9,4,Pulinchodu,06:20:50,06:21:40
R1,WK_9,5,Aluva,06:23:40,06:23:40
R1,WK_90,1,Tripunithura,12:44:12,12:49:00
R1,WK_90,2,SN Junction,12:50:42,12:51:02
R1,WK_90,3,Vadakkekotta,12:52:20,12:52:40
R1,WK_90,4,Pettah,12:54:48,12:55:08
R1,WK_90,5,Thykoodam,12:57:01,12:57:21
R1,WK_90,6,Vyttila,12:58:55,12:59:15
R1,WK_90,7,Elamkulam,13:01:21,13:01:41
R1,WK_90,8,Kadavanthra,13:03:22,13:03:42
R1,WK_90,9,Ernakulam South,13:05:52,13:06:22
R1,WK_90,10,Maharajas College,13:08:16,13:08:36
R1,WK_90,11,MG Road,13:10:16,13:10:46
R1,WK_90,12,Town Hall,13:12:33,13:12:53
R1,WK_90,13,Kaloor,13:13:53,13:14:13
R1,WK_90,14,JLN Stadium,13:15:45,13:16:05
R1,WK_90,15,Palarivattom,13:17:44,13:18:04
R1,WK_90,16,Changampuzha Park,13:19:35,13:19:55
R1,WK_90,17,Edapally,13:21:41,13:22:11
R1,WK_90,18,Pathadipalam,13:24:03,13:24:23
R1,WK_90,19,Cochin University,13:26:01,13:26:31
R1,WK_90,20,Kalamassery,13:28:20,13:28:40
R1,WK_90,21,Muttom,13:31:08,13:31:38
R1,WK_90,22,Ambattukavu,13:33:05,13:33:25
R1,WK_90,23,Companypady,13:34:53,13:35:13
R1,WK_90,24,Pulinchodu,13:36:38,13:36:58
R1,WK_90,25,Aluva,13:38:58,13:38:58
R1,WK_91,1,Aluva,11:56:58,12:02:14
R1,WK_91,2,Pulinchodu,12:04:14,12:04:34
R1,WK_91,3,Companypady,12:06:01,12:06:21
R1,WK_91,4,Ambattukavu,12:07:47,12:08:07
R1,WK_91,5,Muttom,12:09:33,12:10:03
R1,WK_91,6,Kalamassery,12:12:29,12:12:49
R1,WK_91,7,Cochin University,12:14:38,12:14:58
R1,WK_91,8,Pathadipalam,12:16:42,12:17:02
R1,WK_91,9,Edapally,12:18:54,12:19:24
R1,WK_91,10,Changampuzha Park,12:21:16,12:21:36
R1,WK_91,11,Palarivattom,12:23:08,12:23:28
R1,WK_91,12,JLN Stadium,12:25:13,12:25:33
R1,WK_91,13,Kaloor,12:27:02,12:27:22
R1,WK_91,14,Town Hall,12:28:19,12:28:39
R1,WK_91,15,MG Road,12:30:37,12:31:07
R1,WK_91,16,Maharajas College,12:32:47,12:33:07
R1,WK_91,17,Ernakulam South,12:35:00,12:35:30
R1,WK_91,18,Kadavanthra,12:37:33,12:37:53
R1,WK_91,19,Elamkulam,12:39:40,12:40:00
R1,WK_91,20,Vyttila,12:42:02,12:42:22
R1,WK_91,21,Thykoodam,12:44:02,12:44:22
R1,WK_91,22,Pettah,12:46:20,12:46:40
R1,WK_91,23,Vadakkekotta,12:48:41,12:49:01
R1,WK_91,24,SN Junction,12:50:19,12:50:39
R1,WK_91,25,Tripunithura,12:52:42,12:52:42
R1,WK_92,1,Tripunithura,12:52:42,12:57:30
R1,WK_92,2,SN Junction,12:59:12,12:59:32
R1,WK_92,3,Vadakkekotta,13:00:50,13:01:10
R1,WK_92,4,Pettah,13:03:18,13:03:38
R1,WK_92,5,Thykoodam,13:05:31,13:05:51
R1,WK_92,6,Vyttila,13:07:25,13:07:45
R1,WK_92,7,Elamkulam,13:09:51,13:10:11
R1,WK_92,8,Kadavanthra,13:11:52,13:12:12
R1,WK_92,9,Ernakulam South,13:14:22,13:14:52
R1,WK_92,10,Maharajas College,13:16:46,13:17:06
R1,WK_92,11,MG Road,13:18:46,13:19:16
R1,WK_92,12,Town Hall,13:21:03,13:21:23
R1,WK_92,13,Kaloor,13:22:23,13:22:43
R1,WK_92,14,JLN Stadium,13:24:15,13:24:35
R1,WK_92,15,Palarivattom,13:26:14,13:26:34
R1,WK_92,16,Changampuzha Park,13:28:05,13:28:25
R1,WK_92,17,Edapally,13:30:11,13:30:41
R1,WK_92,18,Pathadipalam,13:32:33,13:32:53
R1,WK_92,19,Cochin University,13:34:31,13:35:01
R1,WK_92,20,Kalamassery,13:36:50,13:37:10
R1,WK_92,21,Muttom,13:39:38,13:40:08
R1,WK_92,22,Ambattukavu,13:41:35,13:41:55
R1,WK_92,23,Companypady,13:43:23,13:43:43
R1,WK_92,24,Pulinchodu,13:45:08,13:45:28
R1,WK_92,25,Aluva,13:47:28,13:47:28
R1,WK_93,1,Tripunithura,11:09:53,11:15:30
R1,WK_93,2,SN Junction,11:17:12,11:17:32
R1,WK_93,3,Vadakkekotta,11:18:50,11:19:10
R1,WK_93,4,Pettah,11:21:18,11:21:38
R1,WK_93,5,Thykoodam,11:23:31,11:23:51
R1,WK_93,6,Vyttila,11:25:25,11:25:45
R1,WK_93,7,Elamkulam,11:27:51,11:28:11
R1,WK_93,8,Kadavanthra,11:29:52,11:30:12
R1,WK_93,9,Ernakulam South,11:32:22,11:32:52
R1,WK_93,10,Maharajas College,11:34:46,11:35:06
R1,WK_93,11,MG Road,11:36:46,11:37:16
R1,WK_93,12,Town Hall,11:39:03,11:39:23
R1,WK_93,13,Kaloor,11:40:23,11:40:43
R1,WK_93,14,JLN Stadium,11:42:15,11:42:35
R1,WK_93,15,Palarivattom,11:44:14,11:44:34
R1,WK_93,16,Changampuzha Park,11:46:05,11:46:25
R1,WK_93,17,Edapally,11:48:11,11:48:41
R1,WK_93,18,Pathadipalam,11:50:33,11:50:53
R1,WK_93,19,Cochin University,11:52:31,11:53:01
R1,WK_93,20,Kalamassery,11:54:50,11:55:10
R1,WK_93,21,Muttom,11:57:38,11:58:08
R1,WK_93,22,Ambattukavu,11:59:35,11:59:55
R1,WK_93,23,Companypady,12:01:23,12:01:43
R1,WK_93,24,Pulinchodu,12:03:08,12:03:28
R1,WK_93,25,Aluva,12:05:28,12:05:28
R1,WK_94,1,Aluva,12:05:28,12:10:44
R1,WK_94,2,Pulinchodu,12:12:44,12:13:04
R1,WK_94,3,Companypady,12:14:31,12:14:51
R1,WK_94,4,Ambattukavu,12:16:17,12:16:37
R1,WK_94,5,Muttom,12:18:03,12:18:33
R1,WK_94,6,Kalamassery,12:20:59,12:21:19
R1,WK_94,7,Cochin University,12:23:08,12:23:28
R1,WK_94,8,Pathadipalam,12:25:12,12:25:32
R1,WK_94,9,Edapally,12:27:24,12:27:54
R1,WK_94,10,Changampuzha Park,12:29:46,12:30:06
R1,WK_94,11,Palarivattom,12:31:38,12:31:58
R1,WK_94,12,JLN Stadium,12:33:43,12:34:03
R1,WK_94,13,Kaloor,12:35:32,12:35:52
R1,WK_94,14,Town Hall,12:36:49,12:37:09
R1,WK_94,15,MG Road,12:39:07,12:39:37
R1,WK_94,16,Maharajas College,12:41:17,12:41:37
R1,WK_94,17,Ernakulam South,12:43:30,12:44:00
R1,WK_94,18,Kadavanthra,12:46:03,12:46:23
R1,WK_94,19,Elamkulam,12:48:10,12:48:30
R1,WK_94,20,Vyttila,12:50:32,12:50:52
R1,WK_94,21,Thykoodam,12:52:32,12:52:52
R1,WK_94,22,Pettah,12:54:50,12:55:10
R1,WK_94,23,Vadakkekotta,12:57:11,12:57:31
R1,WK_94,24,SN Junction,12:58:49,12:59:09
R1,WK_94,25,Tripunithura,13:01:12,13:01:12
R1,WK_95,1,Tripunithura,13:01:12,13:06:00
R1,WK_95,2,SN Junction,13:07:42,13:08:02
R1,WK_95,3,Vadakkekotta,13:09:20,13:09:40
R1,WK_95,4,Pettah,13:11:48,13:12:08
R1,WK_95,5,Thykoodam,13:14:01,13:14:21
R1,WK_95,6,Vyttila,13:15:55,13:16:15
R1,WK_95,7,Elamkulam,13:18:21,13:18:41
R1,WK_95,8,Kadavanthra,13:20:22,13:20:42
R1,WK_95,9,Ernakulam South,13:22:52,13:23:22
R1,WK_95,10,Maharajas College,13:25:16,13:25:36
R1,WK_95,11,MG Road,13:27:16,13:27:46
R1,WK_95,12,Town Hall,13:29:33,13:29:53
R1,WK_95,13,Kaloor,13:30:53,13:31:13
R1,WK_95,14,JLN Stadium,13:32:45,13:33:05
R1,WK_95,15,Palarivattom,13:34:44,13:35:04
R1,WK_95,16,Changampuzha Park,13:36:35,13:36:55
R1,WK_95,17,Edapally,13:38:41,13:39:11
R1,WK_95,18,Pathadipalam,13:41:03,13:41:23
R1,WK_95,19,Cochin University,13:43:01,13:43:31
R1,WK_95,20,Kalamassery,13:45:20,13:45:40
R1,WK_95,21,Muttom,13:48:08,13:48:38
R1,WK_95,22,Ambattukavu,13:50:05,13:50:25
R1,WK_95,23,Companypady,13:51:53,13:52:13
R1,WK_95,24,Pulinchodu,13:53:38,13:53:58
R1,WK_95,25,Aluva,13:55:58,13:55:58
R1,WK_96,1,Tripunithura,11:18:23,11:24:00
R1,WK_96,2,SN Junction,11:25:42,11:26:02
R1,WK_96,3,Vadakkekotta,11:27:20,11:27:40
R1,WK_96,4,Pettah,11:29:48,11:30:08
R1,WK_96,5,Thykoodam,11:32:01,11:32:21
R1,WK_96,6,Vyttila,11:33:55,11:34:15
R1,WK_96,7,Elamkulam,11:36:21,11:36:41
R1,WK_96,8,Kadavanthra,11:38:22,11:38:42
R1,WK_96,9,Ernakulam South,11:40:52,11:41:22
R1,WK_96,10,Maharajas College,11:43:16,11:43:36
R1,WK_96,11,MG Road,11:45:16,11:45:46
R1,WK_96,12,Town Hall,11:47:33,11:47:53
R1,WK_96,13,Kaloor,11:48:53,11:49:13
R1,WK_96,14,JLN Stadium,11:50:45,11:51:05
R1,WK_96,15,Palarivattom,11:52:44,11:53:04
R1,WK_96,16,Changampuzha Park,11:54:35,11:54:55
R1,WK_96,17,Edapally,11:56:41,11:57:11
R1,WK_96,18,Pathadipalam,11:59:03,11:59:23
R1,WK_96,19,Cochin University,12:01:01,12:01:31
R1,WK_96,20,Kalamassery,12:03:20,12:03:40
R1,WK_96,21,Muttom,12:06:08,12:06:38
R1,WK_96,22,Ambattukavu,12:08:05,12:08:25
R1,WK_96,23,Companypady,12:09:53,12:10:13
R1,WK_96,24,Pulinchodu,12:11:38,12:11:58
R1,WK_96,25,Aluva,12:13:58,12:13:58
R1,WK_97,1,Aluva,12:13:58,12:19:14
R1,WK_97,2,Pulinchodu,12:21:14,12:21:34
R1,WK_97,3,Companypady,12:23:01,12:23:21
R1,WK_97,4,Ambattukavu,12:24:47,12:25:07
R1,WK_97,5,Muttom,12:26:33,12:27:03
R1,WK_97,6,Kalamassery,12:29:29,12:29:49
R1,WK_97,7,Cochin University,12:31:38,12:31:58
R1,WK_97,8,Pathadipalam,12:33:42,12:34:02
R1,WK_97,9,Edapally,12:35:54,12:36:24
R1,WK_97,10,Changampuzha Park,12:38:16,12:38:36
R1,WK_97,11,Palarivattom,12:40:08,12:40:28
R1,WK_97,12,JLN Stadium,12:42:13,12:42:33
R1,WK_97,13,Kaloor,12:44:02,12:44:22
R1,WK_97,14,Town Hall,12:45:19,12:45:39
R1,WK_97,15,MG Road,12:47:37,12:48:07
R1,WK_97,16,Maharajas College,12:49:47,12:50:07
R1,WK_97,17,Ernakulam South,12:52:00,12:52:30
R1,WK_97,18,Kadavanthra,12:54:33,12:54:53
R1,WK_97,19,Elamkulam,12:56:40,12:57:00
R1,WK_97,20,Vyttila,12:59:02,12:59:22
R1,WK_97,21,Thykoodam,13:01:02,13:01:22
R1,WK_97,22,Pettah,13:03:20,13:03:40
R1,WK_97,23,Vadakkekotta,13:05:41,13:06:01
R1,WK_97,24,SN Junction,13:07:19,13:07:39
R1,WK_97,25,Tripunithura,13:09:42,13:09:42
R1,WK_98,1,Tripunithura,13:09:42,13:14:30
R1,WK_98,2,SN Junction,13:16:12,13:16:32
R1,WK_98,3,Vadakkekotta,13:17:50,13:18:10
R1,WK_98,4,Pettah,13:20:18,13:20:38
R1,WK_98,5,Thykoodam,13:22:31,13:22:51
R1,WK_98,6,Vyttila,13:24:25,13:24:45
R1,WK_98,7,Elamkulam,13:26:51,13:27:11
R1,WK_98,8,Kadavanthra,13:28:52,13:29:12
R1,WK_98,9,Ernakulam South,13:31:22,13:31:52
R1,WK_98,10,Maharajas College,13:33:46,13:34:06
R1,WK_98,11,MG Road,13:35:46,13:36:16
R1,WK_98,12,Town Hall,13:38:03,13:38:23
R1,WK_98,13,Kaloor,13:39:23,13:39:43
R1,WK_98,14,JLN Stadium,13:41:15,13:41:35
R1,WK_98,15,Palarivattom,13:43:14,13:43:34
R1,WK_98,16,Changampuzha Park,13:45:05,13:45:25
R1,WK_98,17,Edapally,13:47:11,13:47:41
R1,WK_98,18,Pathadipalam,13:49:33,13:49:53
R1,WK_98,19,Cochin University,13:51:31,13:52:01
R1,WK_98,20,Kalamassery,13:53:50,13:54:10
R1,WK_98,21,Muttom,13:56:38,13:57:08
R1,WK_98,22,Ambattukavu,13:58:35,13:58:55
R1,WK_98,23,Companypady,14:00:23,14:00:43
R1,WK_98,24,Pulinchodu,14:02:08,14:02:28
R1,WK_98,25,Aluva,14:04:28,14:04:28
R1,WK_99,1,Tripunithura,11:26:53,11:32:30
R1,WK_99,2,SN Junction,11:34:12,11:34:32
R1,WK_99,3,Vadakkekotta,11:35:50,11:36:10
R1,WK_99,4,Pettah,11:38:18,11:38:38
R1,WK_99,5,Thykoodam,11:40:31,11:40:51
R1,WK_99,6,Vyttila,11:42:25,11:42:45
R1,WK_99,7,Elamkulam,11:44:51,11:45:11
R1,WK_99,8,Kadavanthra,11:46:52,11:47:12
R1,WK_99,9,Ernakulam South,11:49:22,11:49:52
R1,WK_99,10,Maharajas College,11:51:46,11:52:06
R1,WK_99,11,MG Road,11:53:46,11:54:16
R1,WK_99,12,Town Hall,11:56:03,11:56:23
R1,WK_99,13,Kaloor,11:57:23,11:57:43
R1,WK_99,14,JLN Stadium,11:59:15,11:59:35
R1,WK_99,15,Palarivattom,12:01:14,12:01:34
R1,WK_99,16,Changampuzha Park,12:03:05,12:03:25
R1,WK_99,17,Edapally,12:05:11,12:05:41
R1,WK_99,18,Pathadipalam,12:07:33,12:07:53
R1,WK_99,19,Cochin University,12:09:31,12:10:01
R1,WK_99,20,Kalamassery,12:11:50,12:12:10
R1,WK_99,21,Muttom,12:14:38,12:15:08
R1,WK_99,22,Ambattukavu,12:16:35,12:16:55
R1,WK_99,23,Companypady,12:18:23,12:18:43
R1,WK_99,24,Pulinchodu,12:20:08,12:20:28
R1,WK_99,25,Aluva,12:22:28,12:22:28
WM_SOU_CHE,WM_SOU_CHE_001,1,South Chittoor,17:30:00,17:30:00
WM_SOU_CHE,WM_SOU_CHE_001,2,Cheranalloor,18:03:00,18:03:00
WM_SOU_CHE,WM_SOU_CHE_002,1,South Chittoor,09:55:00,09:55:00
WM_SOU_CHE,WM_SOU_CHE_002,2,Cheranalloor,10:28:00,10:28:00
WM_SOU_CHE,WM_SOU_CHE_003,1,South Chittoor,11:30:00,11:30:00
WM_SOU_CHE,WM_SOU_CHE_003,2,Cheranalloor,12:03:00,12:03:00
WM_SOU_CHE,WM_SOU_CHE_004,1,South Chittoor,13:25:00,13:25:00
WM_SOU_CHE,WM_SOU_CHE_004,2,Cheranalloor,13:58:00,13:58:00
WM_SOU_CHE,WM_SOU_CHE_005,1,South Chittoor,15:00:00,15:00:00
WM_SOU_CHE,WM_SOU_CHE_005,2,Cheranalloor,15:33:00,15:33:00
WM_SOU_CHE,WM_SOU_CHE_006,1,South Chittoor,18:15:00,18:15:00
WM_SOU_CHE,WM_SOU_CHE_006,2,Cheranalloor,18:48:00,18:48:00
WM_SOU_CHE,WM_SOU_CHE_007,1,South Chittoor,07:30:00,07:30:00
WM_SOU_CHE,WM_SOU_CHE_007,2,Cheranalloor,08:03:00,08:03:00
WM_CHE_SOU,WM_CHE_SOU_001,1,Cheranalloor,08:15:00,08:15:00
WM_CHE_SOU,WM_CHE_SOU_001,2,South Chittoor,08:47:00,08:47:00
WM_CHE_SOU,WM_CHE_SOU_002,1,Cheranalloor,18:20:00,18:20:00
WM_CHE_SOU,WM_CHE_SOU_002,2,South Chittoor,18:52:00,18:52:00
WM_CHE_SOU,WM_CHE_SOU_003,1,Cheranalloor,07:30:00,07:30:00
WM_CHE_SOU,WM_CHE_SOU_003,2,South Chittoor,08:05:00,08:05:00
WM_CHE_SOU,WM_CHE_SOU_004,1,Cheranalloor,15:50:00,15:50:00
WM_CHE_SOU,WM_CHE_SOU_004,2,South Chittoor,16:22:00,16:22:00
WM_CHE_SOU,WM_CHE_SOU_005,1,Cheranalloor,10:40:00,10:40:00
WM_CHE_SOU,WM_CHE_SOU_005,2,South Chittoor,11:07:00,11:07:00
WM_CHE_SOU,WM_CHE_SOU_006,1,Cheranalloor,12:15:00,12:15:00
WM_CHE_SOU,WM_CHE_SOU_006,2,South Chittoor,12:42:00,12:42:00
WM_CHE_SOU,WM_CHE_SOU_007,1,Cheranalloor,14:10:00,14:10:00
WM_CHE_SOU,WM_CHE_SOU_007,2,South Chittoor,14:37:00,14:37:00
WM_SOU_ELO,WM_SOU_ELO_001,1,South Chittoor,17:30:00,17:30:00
WM_SOU_ELO,WM_SOU_ELO_001,2,Eloor,17:57:00,17:57:00
WM_SOU_ELO,WM_SOU_ELO_002,1,South Chittoor,07:30:00,07:30:00
WM_SOU_ELO,WM_SOU_ELO_002,2,Eloor,07:57:00,07:57:00
WM_SOU_ELO,WM_SOU_ELO_003,1,South Chittoor,09:55:00,09:55:00
WM_SOU_ELO,WM_SOU_ELO_003,2,Eloor,10:22:00,10:22:00
WM_SOU_ELO,WM_SOU_ELO_004,1,South Chittoor,11:30:00,11:30:00
WM_SOU_ELO,WM_SOU_ELO_004,2,Eloor,11:57:00,11:57:00
WM_SOU_ELO,WM_SOU_ELO_005,1,South Chittoor,13:25:00,13:25:00
WM_SOU_ELO,WM_SOU_ELO_005,2,Eloor,13:52:00,13:52:00
WM_SOU_ELO,WM_SOU_ELO_006,1,South Chittoor,15:00:00,15:00:00
WM_SOU_ELO,WM_SOU_ELO_006,2,Eloor,15:27:00,15:27:00
WM_SOU_ELO,WM_SOU_ELO_007,1,South Chittoor,18:15:00,18:15:00
WM_SOU_ELO,WM_SOU_ELO_007,2,Eloor,18:42:00,18:42:00
WM_ELO_SOU,WM_ELO_SOU_001,1,Eloor,07:38:00,07:38:00
WM_ELO_SOU,WM_ELO_SOU_001,2,South Chittoor,08:05:00,08:05:00
WM_ELO_SOU,WM_ELO_SOU_002,1,Eloor,15:55:00,15:55:00
WM_ELO_SOU,WM_ELO_SOU_002,2,South Chittoor,16:22:00,16:22:00
WM_ELO_SOU,WM_ELO_SOU_003,1,Eloor,18:25:00,18:25:00
WM_ELO_SOU,WM_ELO_SOU_003,2,South Chittoor,18:52:00,18:52:00
WM_ELO_SOU,WM_ELO_SOU_004,1,Eloor,08:20:00,08:20:00
WM_ELO_SOU,WM_ELO_SOU_004,2,South Chittoor,08:47:00,08:47:00
WM_HIG_FOR,WM_HIG_FOR_001,1,HighCourt,08:00:00,08:00:00
WM_HIG_FOR,WM_HIG_FOR_001,2,Fort Kochi,08:20:00,08:20:00
WM_HIG_FOR,WM_HIG_FOR_002,1,HighCourt,08:30:00,08:30:00
WM_HIG_FOR,WM_HIG_FOR_002,2,Fort Kochi,08:50:00,08:50:00
WM_HIG_FOR,WM_HIG_FOR_003,1,HighCourt,09:00:00,09:00:00
WM_HIG_FOR,WM_HIG_FOR_003,2,Fort Kochi,09:23:00,09:23:00
WM_HIG_FOR,WM_HIG_FOR_004,1,HighCourt,09:30:00,09:30:00
WM_HIG_FOR,WM_HIG_FOR_004,2,Fort Kochi,09:50:00,09:50:00
WM_HIG_FOR,WM_HIG_FOR_005,1,HighCourt,09:50:00,09:50:00
WM_HIG_FOR,WM_HIG_FOR_005,2,Fort Kochi,10:13:00,10:13:00
WM_HIG_FOR,WM_HIG_FOR_006,1,HighCourt,10:10:00,10:10:00
WM_HIG_FOR,WM_HIG_FOR_006,2,Fort Kochi,10:30:00,10:30:00
WM_HIG_FOR,WM_HIG_FOR_007,1,HighCourt,10:25:00,10:25:00
WM_HIG_FOR,WM_HIG_FOR_007,2,Fort Kochi,10:48:00,10:48:00
WM_HIG_FOR,WM_HIG_FOR_008,1,HighCourt,10:40:00,10:40:00
WM_HIG_FOR,WM_HIG_FOR_008,2,Fort Kochi,11:00:00,11:00:00
WM_HIG_FOR,WM_HIG_FOR_009,1,HighCourt,11:00:00,11:00:00
WM_HIG_FOR,WM_HIG_FOR_009,2,Fort Kochi,11:20:00,11:20:00
WM_HIG_FOR,WM_HIG_FOR_010,1,HighCourt,11:20:00,11:20:00
WM_HIG_FOR,WM_HIG_FOR_010,2,Fort Kochi,11:43:00,11:43:00
WM_HIG_FOR,WM_HIG_FOR_011,1,HighCourt,11:35:00,11:35:00
WM_HIG_FOR,WM_HIG_FOR_011,2,Fort Kochi,11:55:00,11:55:00
WM_HIG_FOR,WM_HIG_FOR_012,1,HighCourt,11:50:00,11:50:00
WM_HIG_FOR,WM_HIG_FOR_012,2,Fort Kochi,12:10:00,12:10:00
WM_HIG_FOR,WM_HIG_FOR_013,1,HighCourt,12:10:00,12:10:00
WM_HIG_FOR,WM_HIG_FOR_013,2,Fort Kochi,12:33:00,12:33:00
WM_HIG_FOR,WM_HIG_FOR_014,1,HighCourt,12:30:00,12:30:00
WM_HIG_FOR,WM_HIG_FOR_014,2,Fort Kochi,12:50:00,12:50:00
WM_HIG_FOR,WM_HIG_FOR_015,1,HighCourt,12:50:00,12:50:00
WM_HIG_FOR,WM_HIG_FOR_015,2,Fort Kochi,13:10:00,13:10:00
WM_HIG_FOR,WM_HIG_FOR_016,1,HighCourt,13:05:00,13:05:00
WM_HIG_FOR,WM_HIG_FOR_016,2,Fort Kochi,13:28:00,13:28:00
WM_HIG_FOR,WM_HIG_FOR_017,1,HighCourt,13:25:00,13:25:00
WM_HIG_FOR,WM_HIG_FOR_017,2,Fort Kochi,13:45:00,13:45:00
WM_HIG_FOR,WM_HIG_FOR_018,1,HighCourt,13:45:00,13:45:00
WM_HIG_FOR,WM_HIG_FOR_018,2,Fort Kochi,14:05:00,14:05:00
WM_HIG_FOR,WM_HIG_FOR_019,1,HighCourt,14:00:00,14:00:00
WM_HIG_FOR,WM_HIG_FOR_019,2,Fort Kochi,14:23:00,14:23:00
WM_HIG_FOR,WM_HIG_FOR_020,1,HighCourt,14:15:00,14:15:00
WM_HIG_FOR,WM_HIG_FOR_020,2,Fort Kochi,14:35:00,14:35:00
WM_HIG_FOR,WM_HIG_FOR_021,1,HighCourt,14:35:00,14:35:00
WM_HIG_FOR,WM_HIG_FOR_021,2,Fort Kochi,14:55:00,14:55:00
WM_HIG_FOR,WM_HIG_FOR_022,1,HighCourt,14:55:00,14:55:00
WM_HIG_FOR,WM_HIG_FOR_022,2,Fort Kochi,15:18:00,15:18:00
WM_HIG_FOR,WM_HIG_FOR_023,1,HighCourt,15:10:00,15:10:00
WM_HIG_FOR,WM_HIG_FOR_023,2,Fort Kochi,15:30:00,15:30:00
WM_HIG_FOR,WM_HIG_FOR_024,1,HighCourt,15:25:00,15:25:00
WM_HIG_FOR,WM_HIG_FOR_024,2,Fort Kochi,15:45:00,15:45:00
WM_HIG_FOR,WM_HIG_FOR_025,1,HighCourt,15:45:00,15:45:00
WM_HIG_FOR,WM_HIG_FOR_025,2,Fort Kochi,16:05:00,16:05:00
WM_HIG_FOR,WM_HIG_FOR_026,1,HighCourt,16:05:00,16:05:00
WM_HIG_FOR,WM_HIG_FOR_026,2,Fort Kochi,16:28:00,16:28:00
WM_HIG_FOR,WM_HIG_FOR_027,1,HighCourt,16:25:00,16:25:00
WM_HIG_FOR,WM_HIG_FOR_027,2,Fort Kochi,16:45:00,16:45:00
WM_HIG_FOR,WM_HIG_FOR_028,1,HighCourt,16:45:00,16:45:00
WM_HIG_FOR,WM_HIG_FOR_028,2,Fort Kochi,17:08:00,17:08:00
WM_HIG_FOR,WM_HIG_FOR_029,1,HighCourt,17:10:00,17:10:00
WM_HIG_FOR,WM_HIG_FOR_029,2,Fort Kochi,17:30:00,17:30:00
WM_HIG_FOR,WM_HIG_FOR_030,1,HighCourt,17:35:00,17:35:00
WM_HIG_FOR,WM_HIG_FOR_030,2,Fort Kochi,17:58:00,17:58:00
WM_HIG_FOR,WM_HIG_FOR_031,1,HighCourt,17:55:00,17:55:00
WM_HIG_FOR,WM_HIG_FOR_031,2,Fort Kochi,18:15:00,18:15:00
WM_HIG_FOR,WM_HIG_FOR_032,1,HighCourt,18:20:00,18:20:00
WM_HIG_FOR,WM_HIG_FOR_032,2,Fort Kochi,18:43:00,18:43:00
WM_HIG_FOR,WM_HIG_FOR_033,1,HighCourt,18:45:00,18:45:00
WM_HIG_FOR,WM_HIG_FOR_033,2,Fort Kochi,19:05:00,19:05:00
WM_HIG_FOR,WM_HIG_FOR_034,1,HighCourt,19:05:00,19:05:00
WM_HIG_FOR,WM_HIG_FOR_034,2,Fort Kochi,19:28:00,19:28:00
WM_HIG_FOR,WM_HIG_FOR_035,1,HighCourt,19:30:00,19:30:00
WM_HIG_FOR,WM_HIG_FOR_035,2,Fort Kochi,19:50:00,19:50:00
WM_HIG_FOR,WM_HIG_FOR_036,1,HighCourt,20:00:00,20:00:00
WM_HIG_FOR,WM_HIG_FOR_036,2,Fort Kochi,20:20:00,20:20:00
WM_HIG_FOR,WM_HIG_FOR_037,1,HighCourt,20:30:00,20:30:00
WM_HIG_FOR,WM_HIG_FOR_037,2,Fort Kochi,20:50:00,20:50:00
WM_FOR_HIG,WM_FOR_HIG_001,1,Fort Kochi,08:25:00,08:25:00
WM_FOR_HIG,WM_FOR_HIG_001,2,HighCourt,08:45:00,08:45:00
WM_FOR_HIG,WM_FOR_HIG_002,1,Fort Kochi,08:55:00,08:55:00
WM_FOR_HIG,WM_FOR_HIG_002,2,HighCourt,09:15:00,09:15:00
WM_FOR_HIG,WM_FOR_HIG_003,1,Fort Kochi,09:25:00,09:25:00
WM_FOR_HIG,WM_FOR_HIG_003,2,HighCourt,09:45:00,09:45:00
WM_FOR_HIG,WM_FOR_HIG_004,1,Fort Kochi,09:55:00,09:55:00
WM_FOR_HIG,WM_FOR_HIG_004,2,HighCourt,10:15:00,10:15:00
WM_FOR_HIG,WM_FOR_HIG_005,1,Fort Kochi,10:35:00,10:35:00
WM_FOR_HIG,WM_FOR_HIG_005,2,HighCourt,10:55:00,10:55:00
WM_FOR_HIG,WM_FOR_HIG_006,1,Fort Kochi,10:50:00,10:50:00
WM_FOR_HIG,WM_FOR_HIG_006,2,HighCourt,11:10:00,11:10:00
WM_FOR_HIG,WM_FOR_HIG_007,1,Fort Kochi,11:05:00,11:05:00
WM_FOR_HIG,WM_FOR_HIG_007,2,HighCourt,11:25:00,11:25:00
WM_FOR_HIG,WM_FOR_HIG_008,1,Fort Kochi,11:25:00,11:25:00
WM_FOR_HIG,WM_FOR_HIG_008,2,HighCourt,11:45:00,11:45:00
WM_FOR_HIG,WM_FOR_HIG_009,1,Fort Kochi,11:45:00,11:45:00
WM_FOR_HIG,WM_FOR_HIG_009,2,HighCourt,12:05:00,12:05:00
WM_FOR_HIG,WM_FOR_HIG_010,1,Fort Kochi,12:00:00,12:00:00
WM_FOR_HIG,WM_FOR_HIG_010,2,HighCourt,12:20:00,12:20:00
WM_FOR_HIG,WM_FOR_HIG_011,1,Fort Kochi,12:15:00,12:15:00
WM_FOR_HIG,WM_FOR_HIG_011,2,HighCourt,12:35:00,12:35:00
WM_FOR_HIG,WM_FOR_HIG_012,1,Fort Kochi,12:35:00,12:35:00
WM_FOR_HIG,WM_FOR_HIG_012,2,HighCourt,12:55:00,12:55:00
WM_FOR_HIG,WM_FOR_HIG_013,1,Fort Kochi,12:55:00,12:55:00
WM_FOR_HIG,WM_FOR_HIG_013,2,HighCourt,13:15:00,13:15:00
WM_FOR_HIG,WM_FOR_HIG_014,1,Fort Kochi,13:15:00,13:15:00
WM_FOR_HIG,WM_FOR_HIG_014,2,HighCourt,13:35:00,13:35:00
WM_FOR_HIG,WM_FOR_HIG_015,1,Fort Kochi,13:30:00,13:30:00
WM_FOR_HIG,WM_FOR_HIG_015,2,HighCourt,13:50:00,13:50:00
WM_FOR_HIG,WM_FOR_HIG_016,1,Fort Kochi,13:50:00,13:50:00
WM_FOR_HIG,WM_FOR_HIG_016,2,HighCourt,14:10:00,14:10:00
WM_FOR_HIG,WM_FOR_HIG_017,1,Fort Kochi,14:10:00,14:10:00
WM_FOR_HIG,WM_FOR_HIG_017,2,HighCourt,14:30:00,14:30:00
WM_FOR_HIG,WM_FOR_HIG_018,1,Fort Kochi,14:25:00,14:25:00
WM_FOR_HIG,WM_FOR_HIG_018,2,HighCourt,14:45:00,14:45:00
WM_FOR_HIG,WM_FOR_HIG_019,1,Fort Kochi,14:40:00,14:40:00
WM_FOR_HIG,WM_FOR_HIG_019,2,HighCourt,15:00:00,15:00:00
WM_FOR_HIG,WM_FOR_HIG_020,1,Fort Kochi,15:00:00,15:00:00
WM_FOR_HIG,WM_FOR_HIG_020,2,HighCourt,15:20:00,15:20:00
WM_FOR_HIG,WM_FOR_HIG_021,1,Fort Kochi,15:20:00,15:20:00
WM_FOR_HIG,WM_FOR_HIG_021,2,HighCourt,15:40:00,15:40:00
WM_FOR_HIG,WM_FOR_HIG_022,1,Fort Kochi,15:35:00,15:35:00
WM_FOR_HIG,WM_FOR_HIG_022,2,HighCourt,15:55:00,15:55:00
WM_FOR_HIG,WM_FOR_HIG_023,1,Fort Kochi,15:50:00,15:50:00
WM_FOR_HIG,WM_FOR_HIG_023,2,HighCourt,16:10:00,16:10:00
WM_FOR_HIG,WM_FOR_HIG_024,1,Fort Kochi,16:30:00,16:30:00
WM_FOR_HIG,WM_FOR_HIG_024,2,HighCourt,16:50:00,16:50:00
WM_FOR_HIG,WM_FOR_HIG_025,1,Fort Kochi,16:50:00,16:50:00
WM_FOR_HIG,WM_FOR_HIG_025,2,HighCourt,17:10:00,17:10:00
WM_FOR_HIG,WM_FOR_HIG_026,1,Fort Kochi,17:10:00,17:10:00
WM_FOR_HIG,WM_FOR_HIG_026,2,HighCourt,17:30:00,17:30:00
WM_FOR_HIG,WM_FOR_HIG_027,1,Fort Kochi,17:35:00,17:35:00
WM_FOR_HIG,WM_FOR_HIG_027,2,HighCourt,17:55:00,17:55:00
WM_FOR_HIG,WM_FOR_HIG_028,1,Fort Kochi,18:00:00,18:00:00
WM_FOR_HIG,WM_FOR_HIG_028,2,HighCourt,18:20:00,18:20:00
WM_FOR_HIG,WM_FOR_HIG_029,1,Fort Kochi,18:20:00,18:20:00
WM_FOR_HIG,WM_FOR_HIG_029,2,HighCourt,18:40:00,18:40:00
WM_FOR_HIG,WM_FOR_HIG_030,1,Fort Kochi,18:45:00,18:45:00
WM_FOR_HIG,WM_FOR_HIG_030,2,HighCourt,19:05:00,19:05:00
WM_FOR_HIG,WM_FOR_HIG_031,1,Fort Kochi,19:10:00,19:10:00
WM_FOR_HIG,WM_FOR_HIG_031,2,HighCourt,19:30:00,19:30:00
WM_FOR_HIG,WM_FOR_HIG_032,1,Fort Kochi,19:30:00,19:30:00
WM_FOR_HIG,WM_FOR_HIG_032,2,HighCourt,19:50:00,19:50:00
WM_FOR_HIG,WM_FOR_HIG_033,1,Fort Kochi,19:55:00,19:55:00
WM_FOR_HIG,WM_FOR_HIG_033,2,HighCourt,20:15:00,20:15:00
WM_FOR_HIG,WM_FOR_HIG_034,1,Fort Kochi,20:25:00,20:25:00
WM_FOR_HIG,WM_FOR_HIG_034,2,HighCourt,20:45:00,20:45:00
WM_FOR_HIG,WM_FOR_HIG_035,1,Fort Kochi,20:55:00,20:55:00
WM_FOR_HIG,WM_FOR_HIG_035,2,HighCourt,21:15:00,21:15:00
WM_FOR_HIG,WM_FOR_HIG_036,1,Fort Kochi,10:15:00,10:15:00
WM_FOR_HIG,WM_FOR_HIG_036,2,HighCourt,10:35:00,10:35:00
WM_FOR_HIG,WM_FOR_HIG_037,1,Fort Kochi,16:10:00,16:10:00
WM_FOR_HIG,WM_FOR_HIG_037,2,HighCourt,16:30:00,16:30:00
WM_HIG_VYP,WM_HIG_VYP_001,1,HighCourt,09:00:00,09:00:00
WM_HIG_VYP,WM_HIG_VYP_001,2,Vypin,09:16:00,09:16:00
WM_HIG_VYP,WM_HIG_VYP_002,1,HighCourt,09:50:00,09:50:00
WM_HIG_VYP,WM_HIG_VYP_002,2,Vypin,10:06:00,10:06:00
WM_HIG_VYP,WM_HIG_VYP_003,1,HighCourt,10:25:00,10:25:00
WM_HIG_VYP,WM_HIG_VYP_003,2,Vypin,10:41:00,10:41:00
WM_HIG_VYP,WM_HIG_VYP_004,1,HighCourt,11:20:00,11:20:00
WM_HIG_VYP,WM_HIG_VYP_004,2,Vypin,11:36:00,11:36:00
WM_HIG_VYP,WM_HIG_VYP_005,1,HighCourt,12:10:00,12:10:00
WM_HIG_VYP,WM_HIG_VYP_005,2,Vypin,12:26:00,12:26:00
WM_HIG_VYP,WM_HIG_VYP_006,1,HighCourt,13:05:00,13:05:00
WM_HIG_VYP,WM_HIG_VYP_006,2,Vypin,13:21:00,13:21:00
WM_HIG_VYP,WM_HIG_VYP_007,1,HighCourt,14:00:00,14:00:00
WM_HIG_VYP,WM_HIG_VYP_007,2,Vypin,14:16:00,14:16:00
WM_HIG_VYP,WM_HIG_VYP_008,1,HighCourt,14:55:00,14:55:00
WM_HIG_VYP,WM_HIG_VYP_008,2,Vypin,15:11:00,15:11:00
WM_HIG_VYP,WM_HIG_VYP_009,1,HighCourt,16:05:00,16:05:00
WM_HIG_VYP,WM_HIG_VYP_009,2,Vypin,16:21:00,16:21:00
WM_HIG_VYP,WM_HIG_VYP_010,1,HighCourt,16:45:00,16:45:00
WM_HIG_VYP,WM_HIG_VYP_010,2,Vypin,17:01:00,17:01:00
WM_HIG_VYP,WM_HIG_VYP_011,1,HighCourt,17:35:00,17:35:00
WM_HIG_VYP,WM_HIG_VYP_011,2,Vypin,17:51:00,17:51:00
WM_HIG_VYP,WM_HIG_VYP_012,1,HighCourt,18:20:00,18:20:00
WM_HIG_VYP,WM_HIG_VYP_012,2,Vypin,18:36:00,18:36:00
WM_HIG_VYP,WM_HIG_VYP_013,1,HighCourt,19:05:00,19:05:00
WM_HIG_VYP,WM_HIG_VYP_013,2,Vypin,19:21:00,19:21:00
WM_VYT_KAK,WM_VYT_KAK_001,1,Vytilla,07:35:00,07:35:00
WM_VYT_KAK,WM_VYT_KAK_001,2,Kakkanad,08:00:00,08:00:00
WM_VYT_KAK,WM_VYT_KAK_002,1,Vytilla,07:55:00,07:55:00
WM_VYT_KAK,WM_VYT_KAK_002,2,Kakkanad,08:20:00,08:20:00
WM_VYT_KAK,WM_VYT_KAK_003,1,Vytilla,08:15:00,08:15:00
WM_VYT_KAK,WM_VYT_KAK_003,2,Kakkanad,08:40:00,08:40:00
WM_VYT_KAK,WM_VYT_KAK_004,1,Vytilla,08:35:00,08:35:00
WM_VYT_KAK,WM_VYT_KAK_004,2,Kakkanad,09:00:00,09:00:00
WM_VYT_KAK,WM_VYT_KAK_005,1,Vytilla,09:15:00,09:15:00
WM_VYT_KAK,WM_VYT_KAK_005,2,Kakkanad,09:40:00,09:40:00
WM_VYT_KAK,WM_VYT_KAK_006,1,Vytilla,09:45:00,09:45:00
WM_VYT_KAK,WM_VYT_KAK_006,2,Kakkanad,10:10:00,10:10:00
WM_VYT_KAK,WM_VYT_KAK_007,1,Vytilla,10:15:00,10:15:00
WM_VYT_KAK,WM_VYT_KAK_007,2,Kakkanad,10:40:00,10:40:00
WM_VYT_KAK,WM_VYT_KAK_008,1,Vytilla,10:45:00,10:45:00
WM_VYT_KAK,WM_VYT_KAK_008,2,Kakkanad,11:15:00,11:15:00
WM_VYT_KAK,WM_VYT_KAK_009,1,Vytilla,11:15:00,11:15:00
WM_VYT_KAK,WM_VYT_KAK_009,2,Kakkanad,11:45:00,11:45:00
WM_VYT_KAK,WM_VYT_KAK_010,1,Vytilla,11:50:00,11:50:00
WM_VYT_KAK,WM_VYT_KAK_010,2,Kakkanad,12:20:00,12:20:00
WM_VYT_KAK,WM_VYT_KAK_011,1,Vytilla,12:25:00,12:25:00
WM_VYT_KAK,WM_VYT_KAK_011,2,Kakkanad,12:55:00,12:55:00
WM_VYT_KAK,WM_VYT_KAK_012,1,Vytilla,13:00:00,13:00:00
WM_VYT_KAK,WM_VYT_KAK_012,2,Kakkanad,13:30:00,13:30:00
WM_VYT_KAK,WM_VYT_KAK_013,1,Vytilla,13:35:00,13:35:00
WM_VYT_KAK,WM_VYT_KAK_013,2,Kakkanad,14:05:00,14:05:00
WM_VYT_KAK,WM_VYT_KAK_014,1,Vytilla,14:10:00,14:10:00
WM_VYT_KAK,WM_VYT_KAK_014,2,Kakkanad,14:40:00,14:40:00
WM_VYT_KAK,WM_VYT_KAK_015,1,Vytilla,14:45:00,14:45:00
WM_VYT_KAK,WM_VYT_KAK_015,2,Kakkanad,15:10:00,15:10:00
WM_VYT_KAK,WM_VYT_KAK_016,1,Vytilla,15:15:00,15:15:00
WM_VYT_KAK,WM_VYT_KAK_016,2,Kakkanad,15:40:00,15:40:00
WM_VYT_KAK,WM_VYT_KAK_017,1,Vytilla,15:45:00,15:45:00
WM_VYT_KAK,WM_VYT_KAK_017,2,Kakkanad,16:10:00,16:10:00
WM_VYT_KAK,WM_VYT_KAK_018,1,Vytilla,16:15:00,16:15:00
WM_VYT_KAK,WM_VYT_KAK_018,2,Kakkanad,16:45:00,16:45:00
WM_VYT_KAK,WM_VYT_KAK_019,1,Vytilla,16:45:00,16:45:00
WM_VYT_KAK,WM_VYT_KAK_019,2,Kakkanad,17:10:00,17:10:00
WM_VYT_KAK,WM_VYT_KAK_020,1,Vytilla,17:25:00,17:25:00
WM_VYT_KAK,WM_VYT_KAK_020,2,Kakkanad,17:50:00,17:50:00
WM_VYT_KAK,WM_VYT_KAK_021,1,Vytilla,18:30:00,18:30:00
WM_VYT_KAK,WM_VYT_KAK_021,2,Kakkanad,18:55:00,18:55:00
WM_VYT_KAK,WM_VYT_KAK_022,1,Vytilla,18:05:00,18:05:00
WM_VYT_KAK,WM_VYT_KAK_022,2,Kakkanad,18:30:00,18:30:00
WM_VYT_KAK,WM_VYT_KAK_023,1,Vytilla,19:00:00,19:00:00
WM_VYT_KAK,WM_VYT_KAK_023,2,Kakkanad,19:25:00,19:25:00
WM_VYT_KAK,WM_VYT_KAK_024,1,Vytilla,17:45:00,17:45:00
WM_VYT_KAK,WM_VYT_KAK_024,2,Kakkanad,18:10:00,18:10:00
WM_VYT_KAK,WM_VYT_KAK_025,1,Vytilla,08:55:00,08:55:00
WM_VYT_KAK,WM_VYT_KAK_025,2,Kakkanad,09:20:00,09:20:00
WM_VYT_KAK,WM_VYT_KAK_026,1,Vytilla,17:05:00,17:05:00
WM_VYT_KAK,WM_VYT_KAK_026,2,Kakkanad,17:30:00,17:30:00
WM_KAK_VYT,WM_KAK_VYT_001,1,Kakkanad,08:05:00,08:05:00
WM_KAK_VYT,WM_KAK_VYT_001,2,Vytilla,08:35:00,08:35:00
WM_KAK_VYT,WM_KAK_VYT_002,1,Kakkanad,09:50:00,09:50:00
WM_KAK_VYT,WM_KAK_VYT_002,2,Vytilla,10:15:00,10:15:00
WM_KAK_VYT,WM_KAK_VYT_003,1,Kakkanad,10:20:00,10:20:00
WM_KAK_VYT,WM_KAK_VYT_003,2,Vytilla,10:45:00,10:45:00
WM_KAK_VYT,WM_KAK_VYT_004,1,Kakkanad,10:50:00,10:50:00
WM_KAK_VYT,WM_KAK_VYT_004,2,Vytilla,11:15:00,11:15:00
WM_KAK_VYT,WM_KAK_VYT_005,1,Kakkanad,11:25:00,11:25:00
WM_KAK_VYT,WM_KAK_VYT_005,2,Vytilla,11:50:00,11:50:00
WM_KAK_VYT,WM_KAK_VYT_006,1,Kakkanad,11:55:00,11:55:00
WM_KAK_VYT,WM_KAK_VYT_006,2,Vytilla,12:25:00,12:25:00
WM_KAK_VYT,WM_KAK_VYT_007,1,Kakkanad,12:30:00,12:30:00
WM_KAK_VYT,WM_KAK_VYT_007,2,Vytilla,13:00:00,13:00:00
WM_KAK_VYT,WM_KAK_VYT_008,1,Kakkanad,13:05:00,13:05:00
WM_KAK_VYT,WM_KAK_VYT_008,2,Vytilla,13:35:00,13:35:00
WM_KAK_VYT,WM_KAK_VYT_009,1,Kakkanad,13:40:00,13:40:00
WM_KAK_VYT,WM_KAK_VYT_009,2,Vytilla,14:10:00,14:10:00
WM_KAK_VYT,WM_KAK_VYT_010,1,Kakkanad,14:15:00,14:15:00
WM_KAK_VYT,WM_KAK_VYT_010,2,Vytilla,14:45:00,14:45:00
WM_KAK_VYT,WM_KAK_VYT_011,1,Kakkanad,14:50:00,14:50:00
WM_KAK_VYT,WM_KAK_VYT_011,2,Vytilla,15:15:00,15:15:00
WM_KAK_VYT,WM_KAK_VYT_012,1,Kakkanad,15:20:00,15:20:00
WM_KAK_VYT,WM_KAK_VYT_012,2,Vytilla,15:45:00,15:45:00
WM_KAK_VYT,WM_KAK_VYT_013,1,Kakkanad,16:20:00,16:20:00
WM_KAK_VYT,WM_KAK_VYT_013,2,Vytilla,16:45:00,16:45:00
WM_KAK_VYT,WM_KAK_VYT_014,1,Kakkanad,15:50:00,15:50:00
WM_KAK_VYT,WM_KAK_VYT_014,2,Vytilla,16:15:00,16:15:00
WM_KAK_VYT,WM_KAK_VYT_015,1,Kakkanad,16:55:00,16:55:00
WM_KAK_VYT,WM_KAK_VYT_015,2,Vytilla,17:25:00,17:25:00
WM_KAK_VYT,WM_KAK_VYT_016,1,Kakkanad,17:15:00,17:15:00
WM_KAK_VYT,WM_KAK_VYT_016,2,Vytilla,17:45:00,17:45:00
WM_KAK_VYT,WM_KAK_VYT_017,1,Kakkanad,17:55:00,17:55:00
WM_KAK_VYT,WM_KAK_VYT_017,2,Vytilla,18:25:00,18:25:00
WM_KAK_VYT,WM_KAK_VYT_018,1,Kakkanad,18:35:00,18:35:00
WM_KAK_VYT,WM_KAK_VYT_018,2,Vytilla,19:00:00,19:00:00
WM_KAK_VYT,WM_KAK_VYT_019,1,Kakkanad,19:00:00,19:00:00
WM_KAK_VYT,WM_KAK_VYT_019,2,Vytilla,19:25:00,19:25:00
WM_KAK_VYT,WM_KAK_VYT_020,1,Kakkanad,19:30:00,19:30:00
WM_KAK_VYT,WM_KAK_VYT_020,2,Vytilla,19:55:00,19:55:00
WM_KAK_VYT,WM_KAK_VYT_021,1,Kakkanad,08:25:00,08:25:00
WM_KAK_VYT,WM_KAK_VYT_021,2,Vytilla,08:55:00,08:55:00
WM_KAK_VYT,WM_KAK_VYT_022,1,Kakkanad,09:25:00,09:25:00
WM_KAK_VYT,WM_KAK_VYT_022,2,Vytilla,09:50:00,09:50:00
WM_KAK_VYT,WM_KAK_VYT_023,1,Kakkanad,09:05:00,09:05:00
WM_KAK_VYT,WM_KAK_VYT_023,2,Vytilla,09:30:00,09:30:00
WM_KAK_VYT,WM_KAK_VYT_024,1,Kakkanad,18:15:00,18:15:00
WM_KAK_VYT,WM_KAK_VYT_024,2,Vytilla,18:40:00,18:40:00
WM_KAK_VYT,WM_KAK_VYT_025,1,Kakkanad,17:35:00,17:35:00
WM_KAK_VYT,WM_KAK_VYT_025,2,Vytilla,18:05:00,18:05:00
WM_KAK_VYT,WM_KAK_VYT_026,1,Kakkanad,08:45:00,08:45:00
WM_KAK_VYT,WM_KAK_VYT_026,2,Vytilla,09:15:00,09:15:00
WM_HIG_SOU,WM_HIG_SOU_001,1,HighCourt,16:45:00,16:45:00
WM_HIG_SOU,WM_HIG_SOU_001,2,South Chittoor,17:20:00,17:20:00
WM_HIG_SOU,WM_HIG_SOU_002,1,HighCourt,09:10:00,09:10:00
WM_HIG_SOU,WM_HIG_SOU_002,2,South Chittoor,09:45:00,09:45:00
WM_HIG_SOU,WM_HIG_SOU_003,1,HighCourt,17:30:00,17:30:00
WM_HIG_SOU,WM_HIG_SOU_003,2,South Chittoor,18:05:00,18:05:00
WM_SOU_HIG,WM_SOU_HIG_001,1,South Chittoor,08:15:00,08:15:00
WM_SOU_HIG,WM_SOU_HIG_001,2,HighCourt,08:50:00,08:50:00
WM_SOU_HIG,WM_SOU_HIG_002,1,South Chittoor,08:57:00,08:57:00
WM_SOU_HIG,WM_SOU_HIG_002,2,HighCourt,09:32:00,09:32:00
WM_SOU_HIG,WM_SOU_HIG_003,1,South Chittoor,16:32:00,16:32:00
WM_SOU_HIG,WM_SOU_HIG_003,2,HighCourt,17:07:00,17:07:00
WM_HIG_MAT,WM_HIG_MAT_001,1,HighCourt,07:55:00,07:55:00
WM_HIG_MAT,WM_HIG_MAT_001,2,Mattancherry,08:23:00,08:23:00
WM_HIG_MAT,WM_HIG_MAT_002,1,HighCourt,08:25:00,08:25:00
WM_HIG_MAT,WM_HIG_MAT_002,2,Mattancherry,08:53:00,08:53:00
WM_HIG_MAT,WM_HIG_MAT_003,1,HighCourt,08:55:00,08:55:00
WM_HIG_MAT,WM_HIG_MAT_003,2,Mattancherry,09:23:00,09:23:00
WM_HIG_MAT,WM_HIG_MAT_004,1,HighCourt,09:25:00,09:25:00
WM_HIG_MAT,WM_HIG_MAT_004,2,Mattancherry,09:53:00,09:53:00
WM_HIG_MAT,WM_HIG_MAT_005,1,HighCourt,09:55:00,09:55:00
WM_HIG_MAT,WM_HIG_MAT_005,2,Mattancherry,10:23:00,10:23:00
WM_HIG_MAT,WM_HIG_MAT_006,1,HighCourt,10:25:00,10:25:00
WM_HIG_MAT,WM_HIG_MAT_006,2,Mattancherry,10:53:00,10:53:00
WM_HIG_MAT,WM_HIG_MAT_007,1,HighCourt,10:55:00,10:55:00
WM_HIG_MAT,WM_HIG_MAT_007,2,Mattancherry,11:23:00,11:23:00
WM_HIG_MAT,WM_HIG_MAT_008,1,HighCourt,11:25:00,11:25:00
WM_HIG_MAT,WM_HIG_MAT_008,2,Mattancherry,11:53:00,11:53:00
WM_HIG_MAT,WM_HIG_MAT_009,1,HighCourt,11:55:00,11:55:00
WM_HIG_MAT,WM_HIG_MAT_009,2,Mattancherry,12:23:00,12:23:00
WM_HIG_MAT,WM_HIG_MAT_010,1,HighCourt,11:55:00,11:55:00
WM_HIG_MAT,WM_HIG_MAT_010,2,Mattancherry,12:23:00,12:23:00
WM_HIG_MAT,WM_HIG_MAT_011,1,HighCourt,12:15:00,12:15:00
WM_HIG_MAT,WM_HIG_MAT_011,2,Mattancherry,12:43:00,12:43:00
WM_HIG_MAT,WM_HIG_MAT_012,1,HighCourt,12:45:00,12:45:00
WM_HIG_MAT,WM_HIG_MAT_012,2,Mattancherry,13:13:00,13:13:00
WM_HIG_MAT,WM_HIG_MAT_013,1,HighCourt,13:15:00,13:15:00
WM_HIG_MAT,WM_HIG_MAT_013,2,Mattancherry,13:43:00,13:43:00
WM_HIG_MAT,WM_HIG_MAT_014,1,HighCourt,13:45:00,13:45:00
WM_HIG_MAT,WM_HIG_MAT_014,2,Mattancherry,14:13:00,14:13:00
WM_HIG_MAT,WM_HIG_MAT_015,1,HighCourt,14:15:00,14:15:00
WM_HIG_MAT,WM_HIG_MAT_015,2,Mattancherry,14:43:00,14:43:00
WM_HIG_MAT,WM_HIG_MAT_016,1,HighCourt,14:45:00,14:45:00
WM_HIG_MAT,WM_HIG_MAT_016,2,Mattancherry,15:13:00,15:13:00
WM_HIG_MAT,WM_HIG_MAT_017,1,HighCourt,15:15:00,15:15:00
WM_HIG_MAT,WM_HIG_MAT_017,2,Mattancherry,15:43:00,15:43:00
WM_HIG_MAT,WM_HIG_MAT_018,1,HighCourt,15:45:00,15:45:00
WM_HIG_MAT,WM_HIG_MAT_018,2,Mattancherry,16:13:00,16:13:00
WM_HIG_MAT,WM_HIG_MAT_019,1,HighCourt,16:15:00,16:15:00
WM_HIG_MAT,WM_HIG_MAT_019,2,Mattancherry,16:43:00,16:43:00
WM_HIG_MAT,WM_HIG_MAT_020,1,HighCourt,16:45:00,16:45:00
WM_HIG_MAT,WM_HIG_MAT_020,2,Mattancherry,17:13:00,17:13:00
WM_HIG_MAT,WM_HIG_MAT_021,1,HighCourt,17:15:00,17:15:00
WM_HIG_MAT,WM_HIG_MAT_021,2,Mattancherry,17:43:00,17:43:00
WM_HIG_MAT,WM_HIG_MAT_022,1,HighCourt,17:45:00,17:45:00
WM_HIG_MAT,WM_HIG_MAT_022,2,Mattancherry,18:13:00,18:13:00
WM_HIG_MAT,WM_HIG_MAT_023,1,HighCourt,18:15:00,18:15:00
WM_HIG_MAT,WM_HIG_MAT_023,2,Mattancherry,18:43:00,18:43:00
WM_HIG_MAT,WM_HIG_MAT_024,1,HighCourt,18:45:00,18:45:00
WM_HIG_MAT,WM_HIG_MAT_024,2,Mattancherry,19:13:00,19:13:00
WM_HIG_MAT,WM_HIG_MAT_025,1,HighCourt,19:15:00,19:15:00
WM_HIG_MAT,WM_HIG_MAT_025,2,Mattancherry,19:43:00,19:43:00
WM_MAT_HIG,WM_MAT_HIG_001,1,Mattancherry,07:20:00,07:20:00
WM_MAT_HIG,WM_MAT_HIG_001,2,HighCourt,07:45:00,07:45:00
WM_MAT_HIG,WM_MAT_HIG_002,1,Mattancherry,08:10:00,08:10:00
WM_MAT_HIG,WM_MAT_HIG_002,2,HighCourt,08:38:00,08:38:00
WM_MAT_HIG,WM_MAT_HIG_003,1,Mattancherry,08:45:00,08:45:00
WM_MAT_HIG,WM_MAT_HIG_003,2,HighCourt,09:13:00,09:13:00
WM_MAT_HIG,WM_MAT_HIG_004,1,Mattancherry,09:15:00,09:15:00
WM_MAT_HIG,WM_MAT_HIG_004,2,HighCourt,09:43:00,09:43:00
WM_MAT_HIG,WM_MAT_HIG_005,1,Mattancherry,09:45:00,09:45:00
WM_MAT_HIG,WM_MAT_HIG_005,2,HighCourt,10:13:00,10:13:00
WM_MAT_HIG,WM_MAT_HIG_006,1,Mattancherry,10:15:00,10:15:00
WM_MAT_HIG,WM_MAT_HIG_006,2,HighCourt,10:43:00,10:43:00
WM_MAT_HIG,WM_MAT_HIG_007,1,Mattancherry,10:45:00,10:45:00
WM_MAT_HIG,WM_MAT_HIG_007,2,HighCourt,11:13:00,11:13:00
WM_MAT_HIG,WM_MAT_HIG_008,1,Mattancherry,11:15:00,11:15:00
WM_MAT_HIG,WM_MAT_HIG_008,2,HighCourt,11:43:00,11:43:00
WM_MAT_HIG,WM_MAT_HIG_009,1,Mattancherry,11:45:00,11:45:00
WM_MAT_HIG,WM_MAT_HIG_009,2,HighCourt,12:13:00,12:13:00
WM_MAT_HIG,WM_MAT_HIG_010,1,Mattancherry,12:15:00,12:15:00
WM_MAT_HIG,WM_MAT_HIG_010,2,HighCourt,12:43:00,12:43:00
WM_MAT_HIG,WM_MAT_HIG_011,1,Mattancherry,12:45:00,12:45:00
WM_MAT_HIG,WM_MAT_HIG_011,2,HighCourt,13:13:00,13:13:00
WM_MAT_HIG,WM_MAT_HIG_012,1,Mattancherry,13:15:00,13:15:00
WM_MAT_HIG,WM_MAT_HIG_012,2,HighCourt,13:43:00,13:43:00
WM_MAT_HIG,WM_MAT_HIG_013,1,Mattancherry,13:45:00,13:45:00
WM_MAT_HIG,WM_MAT_HIG_013,2,HighCourt,14:13:00,14:13:00
WM_MAT_HIG,WM_MAT_HIG_014,1,Mattancherry,14:15:00,14:15:00
WM_MAT_HIG,WM_MAT_HIG_014,2,HighCourt,14:43:00,14:43:00
WM_MAT_HIG,WM_MAT_HIG_015,1,Mattancherry,14:35:00,14:35:00
WM_MAT_HIG,WM_MAT_HIG_015,2,HighCourt,15:03:00,15:03:00
WM_MAT_HIG,WM_MAT_HIG_016,1,Mattancherry,15:05:00,15:05:00
WM_MAT_HIG,WM_MAT_HIG_016,2,HighCourt,15:33:00,15:33:00
WM_MAT_HIG,WM_MAT_HIG_017,1,Mattancherry,15:35:00,15:35:00
WM_MAT_HIG,WM_MAT_HIG_017,2,HighCourt,16:03:00,16:03:00
WM_MAT_HIG,WM_MAT_HIG_018,1,Mattancherry,16:05:00,16:05:00
WM_MAT_HIG,WM_MAT_HIG_018,2,HighCourt,16:33:00,16:33:00
WM_MAT_HIG,WM_MAT_HIG_019,1,Mattancherry,16:35:00,16:35:00
WM_MAT_HIG,WM_MAT_HIG_019,2,HighCourt,17:03:00,17:03:00
WM_MAT_HIG,WM_MAT_HIG_020,1,Mattancherry,17:05:00,17:05:00
WM_MAT_HIG,WM_MAT_HIG_020,2,HighCourt,17:33:00,17:33:00
WM_MAT_HIG,WM_MAT_HIG_021,1,Mattancherry,17:35:00,17:35:00
WM_MAT_HIG,WM_MAT_HIG_021,2,HighCourt,18:03:00,18:03:00
WM_MAT_HIG,WM_MAT_HIG_022,1,Mattancherry,18:05:00,18:05:00
WM_MAT_HIG,WM_MAT_HIG_022,2,HighCourt,18:33:00,18:33:00
WM_MAT_HIG,WM_MAT_HIG_023,1,Mattancherry,18:35:00,18:35:00
WM_MAT_HIG,WM_MAT_HIG_023,2,HighCourt,19:03:00,19:03:00
WM_MAT_HIG,WM_MAT_HIG_024,1,Mattancherry,19:30:00,19:30:00
WM_MAT_HIG,WM_MAT_HIG_024,2,HighCourt,19:58:00,19:58:00
WM_HIG_WIL,WM_HIG_WIL_001,1,HighCourt,07:55:00,07:55:00
WM_HIG_WIL,WM_HIG_WIL_001,2,Willingdon Island,08:15:00,08:15:00
WM_HIG_WIL,WM_HIG_WIL_002,1,HighCourt,08:25:00,08:25:00
WM_HIG_WIL,WM_HIG_WIL_002,2,Willingdon Island,08:45:00,08:45:00
WM_HIG_WIL,WM_HIG_WIL_003,1,HighCourt,08:55:00,08:55:00
WM_HIG_WIL,WM_HIG_WIL_003,2,Willingdon Island,09:15:00,09:15:00
WM_HIG_WIL,WM_HIG_WIL_004,1,HighCourt,09:25:00,09:25:00
WM_HIG_WIL,WM_HIG_WIL_004,2,Willingdon Island,09:45:00,09:45:00
WM_HIG_WIL,WM_HIG_WIL_005,1,HighCourt,09:55:00,09:55:00
WM_HIG_WIL,WM_HIG_WIL_005,2,Willingdon Island,10:15:00,10:15:00
WM_HIG_WIL,WM_HIG_WIL_006,1,HighCourt,10:25:00,10:25:00
WM_HIG_WIL,WM_HIG_WIL_006,2,Willingdon Island,10:45:00,10:45:00
WM_HIG_WIL,WM_HIG_WIL_007,1,HighCourt,10:55:00,10:55:00
WM_HIG_WIL,WM_HIG_WIL_007,2,Willingdon Island,11:15:00,11:15:00
WM_HIG_WIL,WM_HIG_WIL_008,1,HighCourt,11:25:00,11:25:00
WM_HIG_WIL,WM_HIG_WIL_008,2,Willingdon Island,11:45:00,11:45:00
WM_HIG_WIL,WM_HIG_WIL_009,1,HighCourt,11:55:00,11:55:00
WM_HIG_WIL,WM_HIG_WIL_009,2,Willingdon Island,12:15:00,12:15:00
WM_HIG_WIL,WM_HIG_WIL_010,1,HighCourt,12:15:00,12:15:00
WM_HIG_WIL,WM_HIG_WIL_010,2,Willingdon Island,12:35:00,12:35:00
WM_HIG_WIL,WM_HIG_WIL_011,1,HighCourt,12:45:00,12:45:00
WM_HIG_WIL,WM_HIG_WIL_011,2,Willingdon Island,13:05:00,13:05:00
WM_HIG_WIL,WM_HIG_WIL_012,1,HighCourt,13:15:00,13:15:00
WM_HIG_WIL,WM_HIG_WIL_012,2,Willingdon Island,13:35:00,13:35:00
WM_HIG_WIL,WM_HIG_WIL_013,1,HighCourt,13:45:00,13:45:00
WM_HIG_WIL,WM_HIG_WIL_013,2,Willingdon Island,14:05:00,14:05:00
WM_HIG_WIL,WM_HIG_WIL_014,1,HighCourt,14:15:00,14:15:00
WM_HIG_WIL,WM_HIG_WIL_014,2,Willingdon Island,14:35:00,14:35:00
WM_HIG_WIL,WM_HIG_WIL_015,1,HighCourt,14:45:00,14:45:00
WM_HIG_WIL,WM_HIG_WIL_015,2,Willingdon Island,15:05:00,15:05:00
WM_HIG_WIL,WM_HIG_WIL_016,1,HighCourt,15:15:00,15:15:00
WM_HIG_WIL,WM_HIG_WIL_016,2,Willingdon Island,15:35:00,15:35:00
WM_HIG_WIL,WM_HIG_WIL_017,1,HighCourt,15:45:00,15:45:00
WM_HIG_WIL,WM_HIG_WIL_017,2,Willingdon Island,16:05:00,16:05:00
WM_HIG_WIL,WM_HIG_WIL_018,1,HighCourt,16:15:00,16:15:00
WM_HIG_WIL,WM_HIG_WIL_018,2,Willingdon Island,16:35:00,16:35:00
WM_HIG_WIL,WM_HIG_WIL_019,1,HighCourt,16:45:00,16:45:00
WM_HIG_WIL,WM_HIG_WIL_019,2,Willingdon Island,17:05:00,17:05:00
WM_HIG_WIL,WM_HIG_WIL_020,1,HighCourt,17:15:00,17:15:00
WM_HIG_WIL,WM_HIG_WIL_020,2,Willingdon Island,17:35:00,17:35:00
WM_HIG_WIL,WM_HIG_WIL_021,1,HighCourt,17:45:00,17:45:00
WM_HIG_WIL,WM_HIG_WIL_021,2,Willingdon Island,18:05:00,18:05:00
WM_HIG_WIL,WM_HIG_WIL_022,1,HighCourt,18:15:00,18:15:00
WM_HIG_WIL,WM_HIG_WIL_022,2,Willingdon Island,18:35:00,18:35:00
WM_HIG_WIL,WM_HIG_WIL_023,1,HighCourt,18:45:00,18:45:00
WM_HIG_WIL,WM_HIG_WIL_023,2,Willingdon Island,19:05:00,19:05:00
WM_HIG_WIL,WM_HIG_WIL_024,1,HighCourt,19:15:00,19:15:00
WM_HIG_WIL,WM_HIG_WIL_024,2,Willingdon Island,19:35:00,19:35:00
WM_WIL_HIG,WM_WIL_HIG_001,1,Willingdon Island,08:18:00,08:18:00
WM_WIL_HIG,WM_WIL_HIG_001,2,HighCourt,08:38:00,08:38:00
WM_WIL_HIG,WM_WIL_HIG_002,1,Willingdon Island,08:53:00,08:53:00
WM_WIL_HIG,WM_WIL_HIG_002,2,HighCourt,09:13:00,09:13:00
WM_WIL_HIG,WM_WIL_HIG_003,1,Willingdon Island,09:23:00,09:23:00
WM_WIL_HIG,WM_WIL_HIG_003,2,HighCourt,09:43:00,09:43:00
WM_WIL_HIG,WM_WIL_HIG_004,1,Willingdon Island,09:53:00,09:53:00
WM_WIL_HIG,WM_WIL_HIG_004,2,HighCourt,10:13:00,10:13:00
WM_WIL_HIG,WM_WIL_HIG_005,1,Willingdon Island,10:23:00,10:23:00
WM_WIL_HIG,WM_WIL_HIG_005,2,HighCourt,10:43:00,10:43:00
WM_WIL_HIG,WM_WIL_HIG_006,1,Willingdon Island,10:53:00,10:53:00
WM_WIL_HIG,WM_WIL_HIG_006,2,HighCourt,11:13:00,11:13:00
WM_WIL_HIG,WM_WIL_HIG_007,1,Willingdon Island,11:23:00,11:23:00
WM_WIL_HIG,WM_WIL_HIG_007,2,HighCourt,11:43:00,11:43:00
WM_WIL_HIG,WM_WIL_HIG_008,1,Willingdon Island,11:53:00,11:53:00
WM_WIL_HIG,WM_WIL_HIG_008,2,HighCourt,12:13:00,12:13:00
WM_WIL_HIG,WM_WIL_HIG_009,1,Willingdon Island,12:23:00,12:23:00
WM_WIL_HIG,WM_WIL_HIG_009,2,HighCourt,12:43:00,12:43:00
WM_WIL_HIG,WM_WIL_HIG_010,1,Willingdon Island,12:53:00,12:53:00
WM_WIL_HIG,WM_WIL_HIG_010,2,HighCourt,13:13:00,13:13:00
WM_WIL_HIG,WM_WIL_HIG_011,1,Willingdon Island,13:23:00,13:23:00
WM_WIL_HIG,WM_WIL_HIG_011,2,HighCourt,13:43:00,13:43:00
WM_WIL_HIG,WM_WIL_HIG_012,1,Willingdon Island,13:53:00,13:53:00
WM_WIL_HIG,WM_WIL_HIG_012,2,HighCourt,14:13:00,14:13:00
WM_WIL_HIG,WM_WIL_HIG_013,1,Willingdon Island,14:23:00,14:23:00
WM_WIL_HIG,WM_WIL_HIG_013,2,HighCourt,14:43:00,14:43:00
WM_WIL_HIG,WM_WIL_HIG_014,1,Willingdon Island,14:43:00,14:43:00
WM_WIL_HIG,WM_WIL_HIG_014,2,HighCourt,15:03:00,15:03:00
WM_WIL_HIG,WM_WIL_HIG_015,1,Willingdon Island,15:13:00,15:13:00
WM_WIL_HIG,WM_WIL_HIG_015,2,HighCourt,15:33:00,15:33:00
WM_WIL_HIG,WM_WIL_HIG_016,1,Willingdon Island,15:43:00,15:43:00
WM_WIL_HIG,WM_WIL_HIG_016,2,HighCourt,16:03:00,16:03:00
WM_WIL_HIG,WM_WIL_HIG_017,1,Willingdon Island,16:13:00,16:13:00
WM_WIL_HIG,WM_WIL_HIG_017,2,HighCourt,16:33:00,16:33:00
WM_WIL_HIG,WM_WIL_HIG_018,1,Willingdon Island,16:43:00,16:43:00
WM_WIL_HIG,WM_WIL_HIG_018,2,HighCourt,17:03:00,17:03:00
WM_WIL_HIG,WM_WIL_HIG_019,1,Willingdon Island,17:13:00,17:13:00
WM_WIL_HIG,WM_WIL_HIG_019,2,HighCourt,17:33:00,17:33:00
WM_WIL_HIG,WM_WIL_HIG_020,1,Willingdon Island,17:43:00,17:43:00
WM_WIL_HIG,WM_WIL_HIG_020,2,HighCourt,18:03:00,18:03:00
WM_WIL_HIG,WM_WIL_HIG_021,1,Willingdon Island,18:13:00,18:13:00
WM_WIL_HIG,WM_WIL_HIG_021,2,HighCourt,18:33:00,18:33:00
WM_WIL_HIG,WM_WIL_HIG_022,1,Willingdon Island,18:43:00,18:43:00
WM_WIL_HIG,WM_WIL_HIG_022,2,HighCourt,19:03:00,19:03:00
WM_WIL_HIG,WM_WIL_HIG_023,1,Willingdon Island,19:38:00,19:38:00
WM_WIL_HIG,WM_WIL_HIG_023,2,HighCourt,19:58:00,19:58:00
F001,F001_001,1,Kalamassery Metro,07:40,07:40
F001,F001_001,2,Medical College,08:00,08:00
F001,F001_002,1,Kalamassery Metro,07:50,07:50
F001,F001_002,2,Medical College,08:05,08:05
F001,F001_003,1,Kalamassery Metro,08:30,08:30
F001,F001_003,2,Medical College,08:55,08:55
F001,F001_004,1,Kalamassery Metro,09:00,09:00
F001,F001_004,2,Medical College,09:25,09:25
F001,F001_005,1,Kalamassery Metro,09:20,09:20
F001,F001_005,2,Medical College,09:40,09:40
F001,F001_006,1,Kalamassery Metro,09:45,09:45
F001,F001_006,2,Medical College,10:10,10:10
F001,F001_007,1,Kalamassery Metro,10:05,10:05
F001,F001_007,2,Medical College,10:30,10:30
F001,F001_008,1,Kalamassery Metro,10:35,10:35
F001,F001_008,2,Medical College,11:00,11:00
F001,F001_009,1,Kalamassery Metro,10:55,10:55
F001,F001_009,2,Medical College,11:20,11:20
F001,F001_010,1,Kalamassery Metro,11:25,11:25
F001,F001_010,2,Medical College,11:50,11:50
F001,F001_011,1,Kalamassery Metro,12:00,12:00
F001,F001_011,2,Medical College,12:25,12:25
F001,F001_012,1,Kalamassery Metro,12:30,12:30
F001,F001_012,2,Medical College,12:55,12:55
F001,F001_013,1,Kalamassery Metro,12:50,12:50
F001,F001_013,2,Medical College,13:15,13:15
F001,F001_014,1,Kalamassery Metro,13:20,13:20
F001,F001_014,2,Medical College,13:45,13:45
F001,F001_015,1,Kalamassery Metro,13:40,13:40
F001,F001_015,2,Medical College,14:00,14:00
F001,F001_016,1,Kalamassery Metro,14:10,14:10
F001,F001_016,2,Medical College,14:35,14:35
F001,F001_017,1,Kalamassery Metro,15:25,15:25
F001,F001_017,2,Medical College,15:45,15:45
F001,F001_018,1,Kalamassery Metro,16:00,16:00
F001,F001_018,2,Medical College,16:25,16:25
F001,F001_019,1,Kalamassery Metro,17:00,17:00
F001,F001_019,2,Medical College,17:30,17:30
F001,F001_020,1,Kalamassery Metro,17:25,17:25
F001,F001_020,2,Medical College,17:50,17:50
F001,F001_021,1,Kalamassery Metro,17:55,17:55
F001,F001_021,2,Medical College,18:20,18:20
F001,F001_022,1,Kalamassery Metro,18:15,18:15
F001,F001_022,2,Medical College,18:40,18:40
F001,F001_023,1,Kalamassery Metro,18:45,18:45
F001,F001_023,2,Medical College,19:10,19:10
F001,F001_024,1,Kalamassery Metro,19:05,19:05
F001,F001_024,2,Medical College,19:30,19:30
F001,F001_025,1,Kalamassery Metro,19:30,19:30
F001,F001_025,2,Medical College,19:50,19:50
F001,F001_026,1,Kalamassery Metro,19:50,19:50
F001,F001_026,2,Medical College,20:10,20:10
F002,F002_001,1,Kalamassery Metro,08:30,08:30
F002,F002_001,2,Rajagiri,08:37,08:37
F002,F002_001,3,Cusat,08:49,08:49
F002,F002_002,1,Kalamassery Metro,15:55,15:55
F002,F002_002,2,Rajagiri,16:26,16:26
F002,F002_002,3,Cusat,16:12,16:12
F002,F002_003,1,Kalamassery Metro,16:36,16:36
F002,F002_003,2,Rajagiri,17:17,17:17
F002,F002_003,3,Cusat,17:03,17:03
F003,F003_001,1,Kalamassery Metro,07:10,07:10
F003,F003_001,2,Civil Station,07:25,07:25
F003,F003_001,3,Water Metro,07:40,07:40
F003,F003_002,1,Kalamassery Metro,07:30,07:30
F003,F003_002,2,Civil Station,07:45,07:45
F003,F003_002,3,Water Metro,08:04,08:04
F003,F003_002,4,Infopark Phase 1,08:18,08:18
F003,F003_003,1,Kalamassery Metro,07:50,07:50
F003,F003_003,2,Civil Station,08:05,08:05
F003,F003_003,3,Water Metro,08:24,08:24
F003,F003_003,4,Infopark Phase 1,08:38,08:38
F003,F003_003,5,Infopark Phase 2,08:47,08:47
F003,F003_004,1,Kalamassery Metro,08:10,08:10
F003,F003_004,2,Civil Station,08:25,08:25
F003,F003_004,3,Water Metro,08:45,08:45
F003,F003_004,4,Infopark Phase 1,09:02,09:02
F003,F003_004,5,Infopark Phase 2,09:12,09:12
F003,F003_005,1,Kalamassery Metro,09:01,09:01
F003,F003_005,2,Civil Station,09:16,09:16
F003,F003_005,3,Water Metro,09:31,09:31
F003,F003_005,4,Infopark Phase 1,09:45,09:45
F003,F003_005,5,Infopark Phase 2,09:54,09:54
F003,F003_006,1,Water Metro,09:52,09:52
F003,F003_006,2,Infopark Phase 1,10:10,10:10
F003,F003_007,1,Water Metro,10:19,10:19
F003,F003_007,2,Infopark Phase 1,10:38,10:38
F003,F003_008,1,Water Metro,10:42,10:42
F003,F003_008,2,Infopark Phase 1,10:59,10:59
F003,F003_009,1,Civil Station,10:58,10:58
F003,F003_009,2,Water Metro,11:20,11:20
F003,F003_010,1,Water Metro,11:15,11:15
F003,F003_010,2,Infopark Phase 1,11:33,11:33
F003,F003_011,1,Water Metro,11:57,11:57
F003,F003_011,2,Infopark Phase 1,12:13,12:13
F003,F003_012,1,Water Metro,12:28,12:28
F003,F003_012,2,Infopark Phase 1,12:44,12:44
F003,F003_013,1,Kalamassery Metro,12:59,12:59
F003,F003_013,2,Civil Station,13:14,13:14
F003,F003_013,3,Water Metro,13:35,13:35
F003,F003_013,4,Infopark Phase 1,13:52,13:52
F003,F003_014,1,Water Metro,14:09,14:09
F003,F003_014,2,Infopark Phase 1,14:24,14:24
F003,F003_015,1,Kalamassery Metro,14:00,14:00
F003,F003_015,2,Civil Station,14:15,14:15
F003,F003_015,3,Water Metro,14:40,14:40
F003,F003_016,1,Civil Station,14:55,14:55
F003,F003_016,2,Water Metro,15:18,15:18
F003,F003_017,1,Water Metro,15:40,15:40
F003,F003_017,2,Infopark Phase 1,14:57,14:57
F003,F003_017,3,Infopark Phase 2,15:07,15:07
F003,F003_018,1,Kalamassery Metro,14:42,14:42
F003,F003_018,2,Civil Station,14:57,14:57
F003,F003_018,3,Water Metro,15:14,15:14
F003,F003_018,4,Infopark Phase 1,15:28,15:28
F003,F003_018,5,Infopark Phase 2,15:37,15:37
F003,F003_019,1,Civil Station,15:35,15:35
F003,F003_019,2,Water Metro,15:50,15:50
F003,F003_020,1,Water Metro,16:10,16:10
F003,F003_020,2,Infopark Phase 1,16:26,16:26
F003,F003_021,1,Water Metro,16:15,16:15
F003,F003_021,2,Infopark Phase 1,16:30,16:30
F003,F003_021,3,Infopark Phase 2,16:40,16:40
F003,F003_022,1,Water Metro,16:21,16:21
F003,F003_022,2,Infopark Phase 1,16:41,16:41
F003,F003_022,3,Infopark Phase 2,16:51,16:51
F003,F003_023,1,Civil Station,16:54,16:54
F003,F003_023,2,Water Metro,17:10,17:10
F003,F003_023,3,Infopark Phase 1,17:30,17:30
F003,F003_024,1,Water Metro,17:35,17:35
F003,F003_024,2,Infopark Phase 1,17:50,17:50
F003,F003_025,1,Water Metro,17:45,17:45
F003,F003_025,2,Infopark Phase 1,18:00,18:00
F003,F003_025,3,Infopark Phase 2,18:10,18:10
F003,F003_026,1,Kalamassery Metro,18:29,18:29
F003,F003_026,2,Civil Station,18:54,18:54
F003,F003_026,3,Water Metro,19:09,19:09
F003,F003_026,4,Infopark Phase 1,19:25,19:25
F003,F003_027,1,Civil Station,19:10,19:10
F003,F003_027,2,Water Metro,19:32,19:32
F003,F003_027,3,Infopark Phase 1,19:52,19:52
F003,F003_028,1,Kalamassery Metro,19:27,19:27
F003,F003_028,2,Civil Station,19:52,19:52
F004,F004_001,1,Water Metro,07:40,07:40
F004,F004_001,2,Civil Station,07:55,07:55
F004,F004_001,3,Kalamassery Metro,08:10,08:10
F004,F004_002,1,Infopark Phase 1,08:18,08:18
F004,F004_002,2,Water Metro,08:26,08:26
F004,F004_002,3,Civil Station,08:41,08:41
F004,F004_002,4,Kalamassery Metro,09:01,09:01
F004,F004_003,1,Infopark Phase 2,08:48,08:48
F004,F004_003,2,Infopark Phase 1,08:56,08:56
F004,F004_003,3,Water Metro,09:05,09:05
F004,F004_004,1,Infopark Phase 2,09:14,09:14
F004,F004_004,2,Infopark Phase 1,09:24,09:24
F004,F004_004,3,Water Metro,09:42,09:42
F004,F004_004,4,Civil Station,10:02,10:02
F004,F004_005,1,Infopark Phase 2,09:33,09:33
F004,F004_005,2,Infopark Phase 1,09:44,09:44
F004,F004_005,3,Water Metro,09:52,09:52
F004,F004_006,1,Infopark Phase 2,09:56,09:56
F004,F004_006,2,Infopark Phase 1,10:06,10:06
F004,F004_006,3,Water Metro,10:19,10:19
F004,F004_007,1,Infopark Phase 1,10:10,10:10
F004,F004_007,2,Water Metro,10:43,10:43
F004,F004_007,3,Civil Station,10:58,10:58
F004,F004_008,1,Infopark Phase 1,10:38,10:38
F004,F004_008,2,Water Metro,11:15,11:15
F004,F004_009,1,Water Metro,11:20,11:20
F004,F004_009,2,Civil Station,11:35,11:35
F004,F004_010,1,Infopark Phase 1,10:59,10:59
F004,F004_010,2,Water Metro,11:16,11:16
F004,F004_010,3,Civil Station,11:31,11:31
F004,F004_010,4,Kalamassery Metro,11:46,11:46
F004,F004_011,1,Infopark Phase 1,11:33,11:33
F004,F004_011,2,Water Metro,11:45,11:45
F004,F004_011,3,Civil Station,12:00,12:00
F004,F004_012,1,Infopark Phase 1,12:13,12:13
F004,F004_012,2,Water Metro,12:28,12:28
F004,F004_013,1,Water Metro,12:20,12:20
F004,F004_013,2,Civil Station,12:35,12:35
F004,F004_013,3,Kalamassery Metro,12:50,12:50
F004,F004_014,1,Infopark Phase 1,12:44,12:44
F004,F004_014,2,Water Metro,12:59,12:59
F004,F004_014,3,Civil Station,13:14,13:14
F004,F004_014,4,Kalamassery Metro,13:29,13:29
F004,F004_015,1,Infopark Phase 1,13:52,13:52
F004,F004_015,2,Water Metro,14:09,14:09
F004,F004_016,1,Water Metro,14:40,14:40
F004,F004_016,2,Civil Station,14:55,14:55
F004,F004_017,1,Water Metro,15:18,15:18
F004,F004_017,2,Civil Station,15:35,15:35
F004,F004_018,1,Infopark Phase 2,15:11,15:11
F004,F004_018,2,Infopark Phase 1,15:22,15:22
F004,F004_018,3,Water Metro,15:30,15:30
F004,F004_018,4,Civil Station,16:00,16:00
F004,F004_019,1,Water Metro,15:45,15:45
F004,F004_019,2,Civil Station,15:59,15:59
F004,F004_020,1,Infopark Phase 2,15:41,15:41
F004,F004_020,2,Infopark Phase 1,15:51,15:51
F004,F004_021,1,Infopark Phase 1,16:26,16:26
F004,F004_021,2,Water Metro,16:34,16:34
F004,F004_021,3,Civil Station,16:54,16:54
F004,F004_022,1,Infopark Phase 2,16:45,16:45
F004,F004_022,2,Infopark Phase 1,17:00,17:00
F004,F004_022,3,Water Metro,17:15,17:15
F004,F004_022,4,Civil Station,17:30,17:30
F004,F004_023,1,Infopark Phase 2,17:00,17:00
F004,F004_023,2,Infopark Phase 1,17:17,17:17
F004,F004_023,3,Water Metro,17:35,17:35
F004,F004_024,1,Infopark Phase 1,17:30,17:30
F004,F004_024,2,Water Metro,17:49,17:49
F004,F004_024,3,Civil Station,18:04,18:04
F004,F004_024,4,Kalamassery Metro,18:29,18:29
F004,F004_025,1,Infopark Phase 1,17:50,17:50
F004,F004_025,2,Water Metro,18:05,18:05
F004,F004_025,3,Civil Station,18:20,18:20
F004,F004_025,4,Kalamassery Metro,18:45,18:45
F004,F004_026,1,Infopark Phase 2,18:15,18:15
F004,F004_026,2,Infopark Phase 1,18:30,18:30
F004,F004_026,3,Water Metro,18:47,18:47
F004,F004_026,4,Civil Station,19:02,19:02
F004,F004_026,5,Kalamassery Metro,19:27,19:27
F004,F004_027,1,Infopark Phase 1,19:25,19:25
F004,F004_027,2,Water Metro,19:46,19:46
F004,F004_027,3,Civil Station,20:01,20:01
F004,F004_027,4,Kalamassery Metro,20:26,20:26
F004,F004_028,1,Water Metro,19:52,19:52
F004,F004_028,2,Civil Station,20:17,20:17
F004,F004_029,1,Infopark Phase 1,19:52,19:52
F004,F004_029,2,Water Metro,20:07,20:07
F004,F004_029,3,Civil Station,20:22,20:22
F004,F004_029,4,Kalamassery Metro,20:47,20:47
F005,F005_001,1,Tripunithura Metro,08:15,08:15
F005,F005_001,2,Infopark,08:55,08:55
F005,F005_002,1,Tripunithura Metro,09:35,09:35
F005,F005_002,2,Infopark,10:15,10:15
F005,F005_003,1,Tripunithura Metro,10:50,10:50
F005,F005_003,2,Infopark,13:35,13:35
F005,F005_004,1,Tripunithura Metro,15:50,15:50
F005,F005_004,2,Infopark,16:40,16:40
F005,F005_005,1,Tripunithura Metro,17:15,17:15
F005,F005_005,2,Infopark,18:10,18:10
F005,F005_006,1,Tripunithura Metro,18:45,18:45
F005,F005_006,2,Infopark,19:20,19:20
